-9.174,11.359,2.890,10.223,9.972,3.528,2.677,-2.223,5.491,-1.250,3.743,2.578,-22.263,0.027,0.090,-0.160,0.326,-0.337,1.324,1.367,1.135,0.095,1.139,-1.394,-1.480,-0.218,0.002,-0.063,0.091,0.075,0.045,0.030,-0.156,-0.231,-0.069,-0.135,0.411,0.603,0.077
-9.397,12.343,4.032,10.761,7.137,3.174,6.747,-1.016,1.486,-0.130,-1.581,-0.322,-22.901,0.099,0.174,0.043,0.575,-0.590,1.739,1.152,0.752,-0.112,-0.326,-1.749,-0.498,-0.135,-0.052,-0.220,0.047,-0.062,0.222,-0.166,-0.300,-0.458,0.113,0.152,1.010,0.824,0.144
-8.931,11.316,1.521,11.584,9.701,10.326,7.475,2.850,7.971,3.885,-0.566,-3.372,-23.036,0.002,-0.269,0.194,0.575,0.016,1.269,0.696,0.171,-0.146,1.197,0.838,1.045,0.124,-0.093,-0.205,0.127,-0.170,0.176,-0.618,-0.495,-0.633,-0.070,0.288,1.060,0.651,0.135
-8.801,12.252,3.790,12.417,7.155,8.823,6.037,-0.998,3.691,-5.447,-2.850,3.064,-22.548,-0.223,-0.828,-0.102,-0.109,0.599,0.520,0.204,-0.674,0.783,1.871,2.542,1.376,0.332,-0.111,-0.157,-0.038,-0.233,0.156,-0.497,-0.527,-0.418,-0.289,0.336,0.610,-0.040,0.036
-9.464,10.060,3.981,12.269,10.040,7.051,6.514,-1.378,3.657,7.395,8.570,6.111,-21.820,-0.279,-0.432,0.546,-0.182,-0.051,-1.158,-0.636,-1.319,-0.703,1.483,1.760,0.837,0.225,0.037,0.146,-0.137,-0.173,-0.275,-0.090,-0.487,0.166,-0.030,-0.378,-0.566,-0.649,-0.074
-10.246,8.830,2.292,9.875,9.961,7.413,8.249,-2.270,7.559,7.469,6.559,1.816,-21.852,-0.315,-0.529,-0.324,-0.214,0.223,0.469,-0.815,-0.594,-1.277,1.209,0.841,-0.592,-0.003,0.207,0.443,-0.182,0.082,-0.334,0.122,-0.347,0.511,0.067,-0.673,-0.925,-0.454,-0.115
-9.604,10.866,4.999,11.945,8.043,5.244,3.187,-3.108,2.525,4.841,3.531,1.437,-22.260,0.231,0.313,-0.381,-0.236,-1.174,0.846,-1.229,0.963,0.732,-0.362,-1.144,-1.219,-0.079,0.197,0.342,-0.176,-0.000,-0.052,0.383,0.151,0.498,0.712,-0.489,-0.410,-0.017,-0.060
-10.303,9.203,1.661,11.511,9.269,12.070,3.627,-3.105,-2.128,1.874,3.874,2.443,-22.341,0.558,1.017,-0.547,0.330,-0.508,0.127,-1.234,0.741,0.401,-0.569,-0.630,0.133,-0.090,0.093,0.161,0.193,0.011,0.007,-0.392,0.355,0.238,0.899,0.117,0.379,0.443,-0.023
-8.278,11.437,2.390,10.274,4.517,8.952,2.679,3.857,12.158,8.386,4.195,-0.296,-21.968,0.268,0.505,-0.224,-0.454,0.053,0.927,0.327,0.506,2.018,-0.071,0.446,0.391,-0.033,-0.288,-0.229,0.078,0.075,0.344,-0.539,0.417,-0.216,0.088,0.331,0.580,0.335,0.132
-8.120,13.626,0.862,12.362,9.183,6.192,2.332,-2.046,4.747,2.850,3.079,3.346,-22.450,0.130,0.181,0.560,-0.051,-0.358,-1.533,0.183,0.822,2.575,1.649,1.942,0.817,-0.142,-0.662,-0.323,-0.087,0.159,0.168,-0.398,0.194,-0.174,-0.246,0.242,0.007,-0.191,0.467
-9.356,11.177,4.281,9.247,8.350,12.820,5.470,-1.108,9.176,3.996,6.159,2.941,-22.370,-0.995,-0.412,-0.543,0.328,0.469,-1.020,0.145,-0.157,0.083,0.183,0.471,0.114,0.609,-0.734,0.179,-0.496,0.369,0.203,-0.431,0.026,-0.317,-0.983,-0.617,-0.533,-0.657,0.651
-9.114,10.238,3.516,11.769,5.563,2.473,3.145,3.489,12.237,12.311,12.602,4.907,-22.851,-2.119,-0.138,-0.822,0.735,0.124,-0.889,-0.171,0.201,0.139,0.515,-0.609,-0.683,1.922,-0.385,0.551,-0.683,0.032,0.155,0.139,0.215,-0.612,-0.912,-1.218,-0.450,-0.725,0.503
-12.758,11.071,-1.652,12.213,8.671,5.713,2.996,0.302,8.828,4.571,1.787,-0.505,-18.724,-2.277,1.561,-2.012,0.999,0.829,-1.549,0.636,-0.766,-1.680,-2.591,-0.946,-2.145,2.191,0.583,0.151,-0.155,-0.386,-0.313,0.054,0.283,-0.364,-0.189,-0.291,0.356,0.009,-0.222
-17.013,12.991,-0.278,14.553,9.641,5.301,2.711,-1.748,5.615,5.137,2.218,1.655,-14.661,-1.156,1.951,-2.119,-0.225,0.235,-0.572,1.014,-1.931,-1.105,-3.055,0.399,-1.678,1.583,1.336,-0.719,0.301,-0.771,-0.266,0.130,0.141,-0.093,0.242,0.820,0.479,0.743,-0.881
-16.791,17.606,-3.881,12.847,10.456,3.658,8.865,-2.319,4.085,-5.374,6.623,-6.160,-15.508,1.437,-0.699,-0.670,-1.120,-1.150,-0.906,0.966,-0.910,-0.241,0.512,1.746,0.659,-0.331,1.300,-1.351,0.899,-0.881,-0.225,0.105,-0.562,0.237,0.632,2.021,0.014,1.342,-0.897
-12.876,16.726,-5.967,10.326,5.847,0.638,5.278,-4.857,9.081,2.008,12.181,-0.653,-16.543,2.705,-2.605,0.014,-2.060,-0.214,-0.562,0.367,-0.190,0.630,3.064,0.438,1.629,-1.219,0.464,-0.934,0.845,-0.456,0.188,-0.018,-0.484,0.620,0.356,1.127,-0.787,0.542,-0.452
-7.643,5.707,-2.159,8.728,4.817,3.514,6.541,-2.694,5.891,8.697,5.537,3.944,-19.437,2.293,-2.914,1.416,-2.490,-0.071,-1.031,-1.849,-0.451,0.612,4.457,-0.895,2.913,-0.892,-0.545,0.263,0.175,0.090,0.345,0.149,-0.027,0.329,0.135,-0.522,-0.792,-0.538,0.223
-8.062,5.918,-1.071,6.311,11.388,2.562,5.707,-2.510,7.862,13.420,4.954,4.746,-18.792,0.736,-1.609,1.062,-1.819,0.637,-0.598,0.001,0.937,0.248,0.609,-2.216,-0.092,-0.395,-0.906,0.701,-0.328,0.444,-0.160,0.231,0.468,-0.027,-0.173,-1.404,-0.288,-0.988,0.470
-7.735,8.438,0.749,2.405,7.329,-2.461,-0.595,-5.747,7.753,11.204,5.762,5.707,-18.841,-0.302,0.116,-0.318,-0.792,0.148,-0.144,1.012,0.170,0.623,-0.869,-0.886,-1.170,0.370,-0.713,0.469,-0.642,0.585,-0.159,0.484,0.886,-0.027,-0.274,-1.114,0.209,-1.018,0.444
-9.148,7.315,-2.109,4.394,7.778,0.636,8.853,1.355,9.392,3.799,0.988,-1.994,-18.817,-0.530,-0.614,-0.761,-0.691,-1.124,0.151,1.275,-0.634,-0.240,-1.294,-1.007,-1.272,0.500,-0.616,0.150,-0.048,0.212,-0.166,0.314,-0.014,-0.330,-0.313,-0.071,0.540,0.151,0.623
-8.612,5.587,-3.230,5.727,7.361,3.757,10.025,-3.775,8.241,9.164,3.089,1.465,-17.573,-0.639,-1.066,-0.882,-0.128,0.015,1.013,1.944,0.202,-0.512,-0.160,-0.455,-1.588,0.882,-0.774,0.079,0.669,-0.322,-0.207,-0.011,-0.505,-0.038,-0.349,-0.107,0.185,0.599,1.104
-10.273,4.275,-2.887,1.196,5.750,0.207,6.771,-6.663,6.419,7.969,1.255,0.506,-16.923,-2.174,-0.267,1.105,-1.092,-0.128,0.396,-0.534,-0.730,-0.750,-0.100,0.268,0.874,2.465,-0.363,0.116,0.960,-0.720,-0.105,-0.033,-0.711,0.130,-0.163,-0.452,-0.056,0.516,1.420
-10.367,4.627,-3.274,3.362,8.416,2.817,10.167,-0.729,6.677,8.319,3.353,-3.485,-15.378,-3.349,0.338,2.094,-2.201,-1.384,-0.321,-0.611,0.028,-0.867,-2.000,-0.598,0.754,4.908,0.509,-0.029,0.828,-0.861,-0.096,-0.125,-0.784,-0.026,0.100,-0.684,-0.257,-0.075,0.967
-19.139,6.458,3.439,0.118,6.611,3.084,6.113,-3.820,6.422,3.719,2.196,4.849,-7.592,-0.991,-0.734,2.551,-3.257,-0.951,0.652,-1.003,0.101,-0.879,-2.636,-1.214,0.137,5.586,1.434,-0.422,-0.141,-0.170,0.319,-0.202,0.081,0.394,0.233,-0.102,0.232,-0.917,-0.376
-20.922,6.187,4.079,-4.741,0.011,0.714,7.297,-5.057,3.905,1.291,-0.370,3.064,2.299,1.314,-0.980,2.534,-3.350,-0.054,0.259,-1.739,-0.346,0.053,-2.314,-0.998,-1.593,4.157,1.331,-0.591,-0.824,0.757,0.661,-0.542,0.699,0.678,0.018,0.607,1.043,-0.516,-1.718
-9.952,-0.177,6.192,-11.037,5.198,4.521,3.192,-3.992,3.410,-1.698,-2.951,-2.081,2.169,2.667,-1.717,0.180,-1.365,0.802,-0.905,0.437,1.425,-0.044,-0.453,1.630,-2.540,0.959,0.021,-0.398,-1.245,1.365,0.135,-1.347,1.029,0.713,-0.363,0.772,1.229,0.381,-1.942
-8.390,3.045,8.020,-7.808,8.852,3.395,2.933,-2.371,8.448,-0.543,0.934,-7.987,0.527,1.478,-2.125,-0.838,0.640,1.043,-2.255,2.166,2.757,-1.194,-0.054,3.197,-0.485,-1.368,-0.860,-0.371,-1.088,1.232,-0.366,-1.533,0.728,0.645,-0.446,0.502,0.518,1.058,-1.258
-12.069,-0.556,2.368,-5.175,6.202,-2.781,10.481,1.964,3.928,2.371,9.694,-2.324,-1.911,-0.967,-2.154,-1.988,1.572,-0.826,-4.826,2.188,2.113,-2.073,0.092,2.832,1.490,-1.363,-0.801,0.180,-0.123,0.751,-0.430,-0.781,-0.284,0.041,0.179,-0.248,-0.631,0.764,-0.198
-12.474,-4.246,1.800,-4.471,4.725,-6.909,14.482,5.750,-2.322,-1.016,9.293,0.758,-2.499,-1.169,-2.619,-1.823,1.344,-1.071,-5.444,1.026,2.533,-1.160,-0.078,0.990,1.683,-0.972,-0.108,0.694,0.329,0.069,-0.167,0.393,-1.100,-0.625,0.740,-0.428,-0.901,-0.147,0.425
-12.743,-7.303,-0.637,-4.844,3.131,-14.458,8.359,2.513,-1.570,-1.000,7.027,0.997,-3.134,-0.016,-0.571,0.058,2.036,-0.292,-3.215,-0.413,1.744,0.833,-1.681,-0.420,0.195,-0.227,0.443,0.897,0.550,-0.165,0.346,1.719,-1.146,-0.970,0.444,-0.116,-0.493,-0.459,0.446
-13.898,-6.675,0.408,-1.252,5.032,-17.984,9.123,10.018,5.395,0.753,7.218,-1.231,-3.721,0.463,0.554,-0.217,0.755,-0.056,-1.097,-2.034,-0.181,1.056,-1.307,0.318,-0.571,0.189,0.331,0.748,0.236,-0.283,0.299,2.103,-0.956,-1.506,-0.398,0.500,-0.048,-0.083,0.229
-11.437,-2.196,3.356,3.395,4.585,-13.319,11.093,8.549,4.236,-6.917,8.633,-0.352,-2.435,0.433,0.743,-0.041,1.042,0.397,1.596,-2.014,-1.382,-0.961,0.125,0.705,0.321,0.288,-0.030,0.143,-0.136,-0.407,0.092,1.465,-0.352,-0.837,-0.606,1.099,-0.305,0.392,-0.047
-10.812,-4.029,-1.280,-4.819,3.715,-12.963,2.942,1.826,0.053,-4.590,10.081,-1.424,-1.905,0.262,0.465,-0.593,0.425,0.081,2.666,-2.952,-3.432,-2.254,1.520,0.187,1.208,-0.086,-0.063,0.011,0.042,0.175,-0.082,0.603,0.721,0.549,0.044,0.623,-0.748,0.474,-0.099
-12.121,-4.912,0.003,2.148,5.777,-8.989,1.381,-0.301,-3.704,2.295,9.120,2.696,-2.601,-0.067,0.190,-0.431,0.163,0.096,2.229,-1.716,-0.813,-0.544,2.400,-1.877,1.267,-0.323,0.125,0.027,0.042,0.003,-0.225,-0.336,1.383,1.474,0.792,-0.382,-0.574,-0.105,-0.033
-12.245,-2.991,-0.884,1.498,4.842,-6.821,-0.782,-2.718,-1.905,3.748,7.909,3.284,-4.066,0.397,0.885,0.189,2.070,-0.315,1.600,1.420,2.279,1.068,0.669,-2.132,1.326,0.001,0.197,-0.106,0.107,-0.133,-0.229,-0.884,1.596,1.528,0.606,-0.899,0.247,-0.490,0.038
-11.056,-1.763,1.004,1.053,4.504,-5.245,4.375,6.753,2.497,0.913,0.332,3.628,-2.972,0.992,0.666,-0.221,0.236,-0.530,0.448,2.718,3.133,1.341,-1.359,-1.007,-0.265,0.078,0.109,-0.372,0.005,-0.473,-0.111,-0.893,0.611,0.046,-0.049,-0.604,1.025,-0.272,-0.034
-9.362,-1.177,-0.836,6.077,2.774,-6.836,8.545,9.691,2.292,-0.555,3.815,4.740,-1.713,0.718,-0.304,-0.162,-0.275,-0.748,-0.863,2.809,2.236,-0.166,-1.093,0.984,-0.476,-0.094,-0.191,-0.556,0.050,-0.752,0.216,-0.587,-0.660,-1.015,-0.041,0.159,0.657,0.160,-0.202
-8.601,-2.488,-1.128,1.038,4.162,-6.741,10.308,9.162,0.900,-2.347,6.134,0.642,-3.386,0.317,-1.077,-0.230,-1.030,-0.240,-1.003,0.643,-0.563,-0.169,0.260,1.688,0.806,-0.447,-0.379,-0.390,0.125,-0.261,0.328,-0.245,-1.273,-1.058,0.199,0.548,-0.260,0.304,-0.193
-9.881,-4.148,-0.627,0.132,1.271,-10.389,10.298,7.260,-1.937,-0.090,9.929,2.397,-4.332,-0.223,-1.021,0.442,-1.056,0.617,-0.607,-0.843,-0.946,1.618,0.654,-0.196,1.592,-0.746,-0.189,-0.004,0.134,0.137,0.521,0.357,-1.109,-0.541,0.189,0.158,-0.913,0.139,-0.056
-9.210,-5.664,-0.251,-1.125,4.057,-8.482,6.715,5.152,3.766,1.978,5.712,8.828,-3.900,-0.432,-0.927,0.100,-0.677,0.429,-0.906,-1.820,-0.566,1.445,0.505,-1.716,0.223,-0.560,0.049,0.207,-0.027,0.385,0.264,0.500,-0.200,0.138,-0.469,-0.360,-0.758,-0.584,0.110
-10.173,-4.695,0.937,1.881,5.913,-9.002,6.128,6.967,8.952,0.552,3.044,8.607,-5.187,0.149,-0.397,0.341,0.234,1.523,0.872,-1.506,-0.467,-0.030,-0.426,-1.877,0.509,-0.316,0.256,0.338,-0.085,0.366,-0.126,0.609,0.478,0.225,-0.985,-0.426,0.029,-0.877,0.185
-10.616,-6.849,-1.409,-3.222,3.986,-11.962,3.292,6.480,2.683,-0.142,0.996,-1.349,-5.762,0.379,-0.354,-0.313,0.250,0.626,0.755,-0.027,-0.113,-1.692,-1.000,-1.262,-1.572,-0.114,0.224,0.448,0.123,0.271,-0.398,0.346,0.440,-0.020,-0.556,-0.079,0.599,-0.262,0.066
-8.434,-5.541,1.658,2.349,8.922,-4.289,4.479,4.261,-1.544,-1.161,2.903,10.029,-4.980,0.653,0.382,0.225,0.312,-0.110,1.608,0.652,-0.047,-1.736,-0.726,-0.280,-1.896,-0.042,-0.039,0.339,0.287,0.035,-0.755,-0.492,0.084,0.129,0.140,0.200,0.323,-0.230,-0.125
-8.186,-7.012,-2.173,-0.110,5.682,-7.062,7.407,5.939,0.553,-2.168,-0.526,0.258,-4.576,0.435,0.924,0.774,0.639,-0.744,0.454,-0.702,-0.875,-0.479,0.259,0.481,0.116,-0.366,-0.149,0.184,0.406,-0.064,-0.483,-0.691,-0.543,-0.023,0.514,0.373,0.161,0.389,-0.215
-8.121,-2.704,2.447,1.882,4.517,-3.412,7.332,7.001,1.337,-2.063,2.405,-1.677,-5.991,-0.077,0.660,1.231,0.213,-1.569,-1.437,-0.750,0.559,0.066,-0.058,-1.134,-1.486,-0.816,-0.189,-0.270,-0.088,-0.237,-0.012,-0.670,-0.576,0.138,0.654,0.251,-0.003,0.538,-0.140
-8.600,-3.649,2.069,0.207,2.471,-10.130,-1.643,0.737,-1.153,1.603,3.652,5.085,-7.087,0.000,0.427,1.213,-0.018,-1.059,-1.178,-2.043,-0.532,-0.023,0.531,-0.030,0.170,-0.801,-0.028,-0.450,-0.407,-0.114,0.513,0.345,0.321,0.451,0.411,-0.175,-0.019,0.126,0.036
-8.610,-3.922,5.693,3.255,2.686,-9.940,5.256,9.658,-0.363,-3.339,-4.855,0.184,-7.807,-0.077,-0.720,-0.434,-0.545,-0.014,-0.924,-1.559,0.471,1.305,0.393,-0.037,0.767,-0.528,0.126,-0.323,-0.521,0.079,0.892,0.992,0.578,0.289,0.042,-0.101,0.446,0.457,0.173
-7.941,-4.267,2.269,-0.886,1.304,-9.688,-1.770,1.951,1.287,1.126,2.953,0.179,-7.671,0.293,-0.639,-0.430,0.449,1.044,1.923,1.310,1.424,0.957,-0.844,-0.164,-0.379,-0.330,0.110,-0.090,-0.140,0.264,0.667,0.779,0.739,0.551,-0.308,-0.221,0.009,0.182,0.133
-8.835,-5.994,0.178,-0.297,5.032,-8.253,-0.397,8.749,6.641,0.139,2.569,4.612,-8.337,0.406,-0.424,-0.553,0.377,1.838,1.974,0.467,1.026,-0.214,0.126,1.163,1.072,-0.189,0.194,0.304,0.345,0.348,0.121,0.235,0.159,-0.005,-0.767,-0.196,-0.175,0.016,0.031
-7.021,-5.807,2.675,4.226,6.519,-1.358,7.732,8.311,0.127,-4.355,-0.882,0.976,-8.472,0.309,-0.172,0.575,0.841,1.349,1.270,0.642,1.947,-0.805,-0.440,-0.586,0.925,-0.303,0.126,0.315,0.171,-0.050,-0.388,-0.552,-0.718,-0.466,-0.276,-0.092,-0.371,-0.072,-0.027
-7.042,-5.271,2.725,2.582,9.270,-4.234,2.839,11.606,-0.854,0.030,2.876,5.147,-8.351,0.887,0.565,0.789,0.997,0.438,0.578,-0.428,0.185,-1.649,-0.792,-0.699,0.193,-0.384,0.047,0.170,-0.081,-0.138,-0.864,-0.581,-0.490,-0.521,0.582,-0.266,-0.619,-0.522,-0.049
-7.294,-5.487,3.872,1.877,5.931,-5.347,-0.180,10.259,1.008,-1.019,-0.131,4.538,-9.180,0.682,0.442,-0.248,-0.111,-0.197,-0.141,-1.832,-0.485,0.294,-0.847,-1.091,-0.297,-0.366,-0.079,-0.045,-0.328,-0.241,-0.683,-0.497,-0.493,-0.345,1.043,0.289,-0.011,-0.383,0.027
-4.262,-3.327,3.526,5.864,7.515,-3.369,1.420,8.699,-2.042,-5.489,-1.302,3.796,-9.904,0.454,0.120,-0.547,0.161,-1.708,-0.224,-0.749,-0.363,2.144,-1.000,-1.679,-0.928,-0.403,-0.286,-0.204,-0.292,-0.348,-0.138,-0.318,-0.335,-0.122,0.835,0.734,0.537,0.061,0.080
-5.000,-4.570,1.036,2.033,6.413,-2.495,-0.718,7.341,2.193,-5.829,-4.246,0.167,-9.527,0.131,-0.173,-0.399,0.053,-0.993,-0.812,-1.664,0.498,2.512,1.109,-0.149,-0.428,-0.159,-0.149,-0.115,0.012,-0.021,0.374,0.035,0.037,-0.187,-0.183,0.830,1.072,0.512,0.063
-5.921,-5.130,1.410,3.309,0.486,-6.781,-0.636,11.251,9.274,-2.563,-3.461,2.693,-10.192,-0.265,-0.148,-0.594,-0.827,0.147,-0.676,-2.188,-0.916,1.420,1.900,1.513,0.563,-0.087,-0.013,-0.046,0.042,-0.042,0.725,0.427,0.389,-0.166,-0.897,0.420,1.154,0.621,-0.007
-5.811,-5.452,2.935,3.421,4.480,-7.699,-7.473,11.471,7.910,3.062,0.204,2.950,-9.832,0.299,0.001,-0.166,0.277,0.745,0.258,-0.928,-1.143,-0.257,1.851,2.673,1.517,-0.210,0.076,0.039,0.048,-0.015,-0.011,0.538,1.117,-0.014,-0.804,-0.309,0.564,0.239,-0.116
-5.181,-3.623,-0.392,1.037,9.218,-4.149,-6.144,2.056,2.197,-0.432,4.036,5.220,-10.189,0.303,-0.196,-0.455,-0.159,1.048,1.376,0.830,-0.374,-0.958,0.728,2.680,1.203,-0.415,0.016,0.082,0.233,0.276,-0.614,0.197,1.044,0.511,-0.237,-0.900,-0.510,-0.381,-0.155
-3.877,-5.318,1.107,4.554,5.773,-2.521,-2.604,6.223,4.448,2.361,5.373,6.487,-10.577,0.226,0.046,-0.230,-0.354,-1.500,0.852,2.413,0.159,-0.321,0.148,2.090,0.445,-0.578,-0.153,0.109,-0.010,-0.030,-0.561,-0.061,0.253,0.323,0.318,-1.009,-0.831,-0.560,-0.137
-5.373,-6.179,0.051,1.946,5.082,-2.492,1.080,12.007,6.217,1.428,7.354,6.941,-11.892,-0.151,0.240,0.605,0.868,-1.802,0.009,1.363,0.989,0.266,-1.748,-0.747,-0.805,-0.681,-0.136,0.168,-0.047,0.060,-0.003,-0.119,-0.657,-0.313,0.292,-0.700,-0.831,-0.357,-0.061
-4.584,-3.946,1.565,1.197,-0.954,-4.266,0.978,7.289,4.294,2.871,8.995,4.315,-11.869,-0.239,0.328,-0.746,-0.387,-0.634,0.635,0.070,-0.208,0.720,-1.956,0.235,-0.281,-0.764,-0.045,0.202,-0.129,-0.090,0.653,0.055,-0.725,-0.486,0.197,-0.196,-0.559,0.201,-0.030
-5.580,-3.109,2.403,7.057,3.571,-3.231,-1.119,6.467,3.603,-9.426,-1.512,2.280,-12.946,-0.144,0.505,-0.433,0.157,0.600,0.889,-1.286,-1.757,-0.020,-1.721,-0.546,-0.217,-0.627,0.081,0.257,-0.185,-0.187,0.377,0.028,-0.009,-0.531,-0.001,0.654,-0.018,0.580,-0.003
-4.968,-5.214,-3.800,0.065,3.358,1.024,-1.155,7.952,9.355,-1.993,10.979,7.411,-13.869,-0.002,0.923,-0.354,-0.448,0.564,0.689,0.111,-0.896,0.805,-0.846,-0.805,1.157,-0.755,0.003,0.423,0.223,0.547,0.106,-0.446,0.439,-0.625,-0.056,0.918,-0.020,0.498,-0.001
-5.901,-3.018,0.568,3.297,5.926,-0.695,-4.283,2.891,3.586,-4.745,3.632,4.308,-14.025,0.138,1.228,-0.517,-0.038,-0.516,0.120,1.296,-1.324,0.217,0.967,-0.316,1.374,-0.698,-0.003,0.206,0.169,0.755,-0.081,-0.372,0.459,-0.086,0.273,1.086,0.631,0.281,-0.050
-4.431,0.622,0.713,0.835,0.689,-2.088,3.117,4.595,8.325,-3.702,2.399,9.089,-15.103,-0.363,2.080,0.410,2.445,0.455,-1.213,0.976,-3.548,0.321,1.291,0.019,1.412,-0.730,0.014,-0.088,0.098,0.617,0.071,0.166,-0.086,0.240,-0.105,0.673,0.745,-0.521,-0.033
-5.158,0.113,-2.437,6.483,2.326,-1.075,3.226,1.528,5.204,-3.739,1.200,8.311,-15.821,0.021,0.957,0.029,2.483,0.249,-0.019,0.577,-0.863,1.585,2.639,2.198,1.060,-0.887,0.083,-0.202,0.034,-0.044,0.261,0.737,-0.266,0.935,-0.387,-0.009,0.295,-0.877,-0.018
-7.156,3.623,-0.247,10.696,7.434,-4.850,-0.032,-9.106,10.149,3.959,12.288,12.468,-16.622,0.129,0.618,-0.135,1.375,0.535,1.588,0.043,0.075,-0.404,1.683,1.664,-1.293,-0.824,0.227,-0.135,-0.133,-0.689,-0.044,1.043,0.162,1.439,-0.602,-0.451,-0.266,-0.842,0.044
-4.435,0.265,1.195,10.783,3.799,0.590,0.175,5.430,10.601,4.620,9.679,7.916,-17.702,0.305,0.950,-0.076,0.278,0.751,2.403,0.431,1.541,-1.357,0.727,0.335,-1.659,-0.739,0.137,0.465,0.027,-0.578,-0.161,0.344,0.443,0.412,-0.171,-0.245,-0.647,-0.358,0.119
-4.150,3.636,-1.780,5.560,2.628,5.021,4.861,3.019,3.607,0.535,6.480,2.822,-18.284,0.631,1.409,-0.200,0.102,-0.017,2.791,1.856,2.448,-1.220,-0.006,-0.378,-1.438,-0.585,-0.121,0.551,0.283,-0.174,-0.314,-0.393,0.174,-0.051,0.753,0.240,-0.560,0.284,0.050
-5.136,4.855,-2.052,10.442,8.481,6.003,2.938,3.169,1.692,1.606,5.776,4.839,-18.687,0.455,2.885,0.196,0.231,-0.280,1.098,1.884,0.011,1.141,2.259,-0.018,-0.658,-0.411,-0.401,0.295,0.400,0.057,-0.182,-0.600,-0.165,-0.362,0.818,0.153,-0.746,0.179,-0.086
-3.650,8.375,0.376,11.379,5.007,6.399,7.867,4.263,8.504,5.437,12.351,6.817,-19.052,-0.550,2.404,1.141,0.530,-0.518,0.278,0.187,0.583,2.112,2.118,-0.958,-0.373,-0.740,-0.716,-0.293,0.235,0.018,0.357,-0.451,-0.410,-0.458,0.260,-0.125,-0.929,-0.136,-0.164
-2.412,12.318,1.098,9.028,1.208,5.392,8.091,4.864,13.855,13.462,6.654,2.631,-19.371,-1.109,1.929,1.251,0.348,0.092,0.659,0.439,0.664,1.066,0.431,-3.104,-1.297,-1.090,-0.589,-0.917,-0.008,0.017,0.639,-0.028,-0.353,-0.244,-0.747,-0.701,-0.366,-0.057,-0.089
-8.261,11.924,2.351,8.919,3.673,6.715,3.220,5.086,8.087,5.197,1.249,2.063,-21.640,-2.165,0.424,0.447,0.135,1.581,0.756,0.530,-0.168,0.119,0.285,-3.481,-1.797,-1.067,-0.034,-0.879,-0.253,-0.010,0.520,0.081,-0.028,-0.451,-0.958,-0.450,0.703,0.211,0.164
-8.375,12.723,3.215,13.412,9.610,9.142,7.458,6.079,7.232,3.881,-4.192,0.732,-22.841,-1.680,-0.711,0.506,0.514,1.863,0.719,-0.054,-0.834,-1.598,-0.330,-0.586,-0.228,-0.689,0.387,-0.634,-0.277,-0.210,-0.088,-0.178,-0.377,-0.443,-0.555,-0.276,1.494,0.471,0.378
-11.495,10.291,1.549,9.864,8.711,8.302,10.835,2.814,12.412,11.652,0.369,-1.221,-22.654,-0.436,-0.672,0.250,0.397,1.196,0.651,0.295,-0.922,-1.348,0.246,1.296,0.147,-0.120,0.686,-0.112,-0.096,-0.279,-0.395,-0.213,-0.518,-0.111,-0.145,-0.721,0.863,0.412,0.429
-9.197,9.581,4.026,11.125,8.006,8.193,4.014,1.829,3.702,8.586,4.164,3.133,-22.309,-0.040,-0.695,-0.035,-0.831,-0.157,-0.178,-1.328,-1.175,-0.973,-0.929,1.976,0.088,0.326,0.434,0.144,-0.135,-0.226,-0.446,-0.384,-0.102,0.098,0.347,-0.608,-0.317,-0.065,0.275
-10.029,10.132,3.197,12.050,10.456,10.445,6.415,2.602,3.113,4.075,3.553,1.596,-22.506,0.446,-0.143,0.236,-0.586,0.616,0.141,-1.421,-0.553,-0.919,-3.019,-0.445,0.105,0.570,0.114,0.167,-0.069,0.154,-0.340,-0.275,0.078,0.112,0.450,-0.037,-0.765,-0.120,0.026
-9.310,9.329,2.217,8.163,7.951,7.181,3.029,0.311,7.015,3.023,4.094,-0.238,-21.284,0.051,-0.254,-0.162,-0.124,-0.078,-0.945,0.296,-0.527,-0.077,-1.738,-1.300,-0.533,0.343,-0.090,0.196,0.033,0.719,-0.057,0.315,0.583,-0.036,0.185,0.744,-0.547,0.072,-0.228
-9.209,9.702,3.636,8.416,11.819,9.511,4.221,0.808,6.161,-0.663,-1.819,0.992,-20.316,0.091,-0.057,-0.029,0.815,-0.544,-0.339,-0.126,-0.687,0.455,0.465,-0.893,-0.143,0.002,-0.032,-0.576,0.071,-0.111,-0.151,0.419,0.126,-0.004,0.162,1.698,0.189,-0.018,0.795
-9.352,8.528,2.997,12.321,6.933,3.936,6.588,0.092,1.791,2.266,0.348,0.767,-21.690,-0.313,0.243,0.264,2.061,0.136,1.637,0.941,-1.286,-0.733,1.050,-0.534,0.571,-0.530,0.447,-1.021,0.293,-1.402,-0.179,0.103,-1.027,0.258,-0.061,1.315,0.177,0.022,2.392
-9.554,10.247,2.660,14.046,8.245,10.375,4.005,-0.726,7.999,6.779,0.960,0.378,-22.295,0.469,-3.273,0.379,-2.231,-0.246,0.946,-1.116,-0.192,0.220,4.079,0.115,-0.537,4.982,0.954,-1.382,0.216,-2.571,-0.833,-1.238,-1.716,1.002,-0.741,0.226,-0.417,0.141,3.259
-10.702,10.272,4.026,15.654,10.421,14.935,7.844,-5.351,2.430,4.551,0.037,2.924,-22.946,2.098,-3.750,1.101,-5.610,-1.122,-1.073,-4.343,0.517,-0.266,3.031,-0.922,-0.227,9.814,1.151,-0.946,-0.091,-2.479,-1.161,-1.935,-1.651,1.621,-0.869,-0.616,-0.703,0.287,2.464
3.639,-8.813,4.179,-15.893,-7.443,-7.717,-16.319,13.188,-8.698,6.316,-11.325,6.048,15.035,2.708,-0.513,-0.761,-2.666,-0.467,-1.317,-0.839,3.410,-2.783,-2.100,-2.366,1.786,2.480,-0.989,1.121,-0.747,2.234,1.980,2.602,1.849,-1.452,0.954,-0.342,0.489,-0.595,-2.976
3.629,-7.280,2.849,-15.336,-0.188,-1.735,-9.198,14.395,-5.876,9.218,-7.841,4.807,15.736,1.021,-1.445,-2.150,-1.801,1.943,2.124,0.967,1.305,-1.278,-1.185,-2.198,-0.055,0.661,-0.994,0.618,-0.572,1.924,1.441,2.339,0.581,-2.105,1.005,0.128,0.697,-0.885,-1.969
5.265,-7.124,3.446,-13.321,7.112,2.718,-7.651,12.935,-3.540,9.239,-10.614,4.359,16.564,0.122,-0.467,-2.189,0.192,2.976,4.283,0.276,-1.986,0.312,-0.662,-0.542,-1.356,0.270,-0.591,0.254,-0.310,1.148,0.168,1.091,-0.872,-1.506,0.890,0.653,0.940,-0.732,-0.654
3.745,-9.401,-3.059,-16.795,3.459,4.793,-11.630,7.680,-7.980,4.126,-14.583,1.778,16.162,0.170,-0.571,-2.464,0.843,1.732,3.914,-2.492,-2.814,0.252,-0.373,-0.027,-1.597,-0.024,-0.070,0.554,0.281,1.030,-0.726,0.019,-0.977,-0.477,0.633,0.677,1.032,0.104,-0.369
4.189,-10.085,-3.811,-14.203,5.611,10.435,-13.722,6.615,-6.085,5.549,-10.665,0.783,16.173,0.177,0.321,-2.153,1.750,0.477,3.241,-3.470,-2.059,0.900,0.758,1.251,-1.102,-0.450,0.127,0.284,0.524,0.457,-1.383,-0.664,-0.125,0.267,0.091,0.378,0.377,0.400,-0.368
5.019,-8.652,-5.843,-10.678,9.223,13.976,-18.624,3.484,-3.342,9.198,-7.953,-1.389,15.810,0.644,0.934,-0.763,2.572,-0.439,2.740,-2.044,-1.045,1.592,1.491,2.065,0.340,-0.825,0.151,0.015,0.717,0.171,-1.500,-0.755,1.190,0.326,-0.246,-0.135,-0.247,0.139,-0.315
5.513,-5.895,-5.925,-7.629,6.617,14.333,-21.507,4.739,-1.357,10.494,-7.673,0.434,14.492,0.519,0.199,-0.421,1.611,-2.855,1.550,-0.570,-1.538,0.097,0.297,0.296,-0.323,-1.167,0.083,-0.383,0.393,-0.037,-1.410,-1.197,1.500,-0.091,-0.645,-0.741,-0.763,-0.348,-0.253
6.302,-6.827,-5.818,-7.221,0.763,16.544,-17.957,3.393,-2.383,9.109,-5.753,3.654,12.878,0.752,-0.437,0.253,1.770,-4.102,0.984,2.008,-1.444,-0.576,-0.819,-0.786,-1.293,-1.242,-0.094,-0.063,0.259,0.170,-0.827,-1.561,1.168,-0.117,-0.715,-0.965,-0.861,-0.512,-0.336
6.641,-1.241,-0.420,5.342,-12.697,5.969,-6.360,-0.970,-8.569,-0.147,-13.048,-2.438,3.138,-0.954,3.236,1.579,1.770,-3.675,-4.016,3.146,-0.493,-0.856,-3.574,-3.105,-0.625,-2.936,-0.010,-0.387,0.505,-1.269,1.547,0.831,-0.531,0.887,0.956,0.474,0.623,0.313,0.847
4.947,1.765,-1.305,5.519,-18.205,3.642,-2.216,-2.472,-8.530,-6.359,-18.958,-6.322,1.416,-0.220,3.163,3.312,1.581,-1.203,-1.376,3.214,1.390,0.831,-1.573,-1.711,-1.050,-1.939,0.192,-1.767,0.210,-1.982,2.572,1.194,-1.273,1.167,0.881,1.016,1.522,0.628,1.824
4.779,1.788,-1.037,4.113,-21.948,-2.058,-1.552,-4.430,-7.285,-6.539,-22.090,-8.361,-0.477,0.016,-0.790,2.211,-2.197,2.982,-0.423,-0.056,2.352,2.571,-0.827,1.456,0.597,1.442,0.057,-2.277,-0.373,-1.988,2.663,0.994,-1.232,0.990,0.200,0.882,1.639,0.839,2.184
4.738,-12.541,5.274,-11.696,0.884,1.969,-6.311,12.102,-4.355,-4.765,-9.388,0.444,16.035,-0.986,-4.024,-1.196,-3.577,3.642,-0.635,1.284,0.441,-1.168,-0.097,1.044,0.785,3.966,0.082,0.941,-0.714,1.642,-1.599,-0.249,1.157,-1.964,-0.137,-0.399,-0.283,-0.960,-1.192
1.870,-13.072,1.405,-11.593,-0.016,-1.806,-2.683,6.965,-8.295,-5.721,-12.079,-2.644,16.414,-0.243,-1.330,-0.864,0.294,1.072,-0.847,3.265,-1.636,-0.447,0.069,1.405,-0.958,1.233,0.438,1.213,-0.095,1.743,-1.356,0.163,0.623,-1.379,0.683,-0.535,0.206,-0.591,-1.418
3.946,-12.100,3.435,-7.558,3.362,1.764,2.876,6.479,-4.162,-2.848,-7.597,-1.434,17.190,0.180,-0.700,-0.897,0.967,0.551,-0.420,2.418,-3.343,1.115,-1.761,2.508,-1.081,-0.012,0.348,0.866,0.013,0.946,-0.783,0.283,-0.285,-0.427,0.626,-0.679,0.163,0.018,-1.003
4.898,-13.602,3.164,-7.468,4.842,0.744,4.654,2.199,-0.654,-7.080,-1.626,-2.885,16.617,0.805,-0.308,-0.292,1.337,0.762,0.793,1.823,-1.911,1.969,-1.958,2.859,-0.116,-0.124,0.111,0.501,-0.175,0.117,-0.239,0.374,-0.820,0.506,0.114,-0.317,-0.497,0.671,-0.343
4.124,-15.777,-0.089,-8.923,1.210,-1.405,2.110,-2.231,-2.602,-12.889,-2.075,-4.839,15.875,0.229,-0.206,-1.415,0.630,-0.117,-0.039,0.577,-1.557,0.755,-2.477,1.130,0.452,-0.371,-0.096,0.396,-0.312,-0.316,-0.277,0.241,-0.962,0.729,-0.539,0.289,-1.071,0.813,-0.121
5.806,-12.776,1.708,-4.226,4.870,3.742,6.817,1.767,0.769,-10.490,-0.542,-1.522,16.449,0.286,0.931,-1.478,1.049,0.212,0.834,0.086,0.003,0.301,-1.159,-0.388,1.629,-0.304,-0.187,0.299,-0.230,-0.654,-0.303,0.174,-0.949,0.252,-0.705,0.560,-1.066,0.587,-0.121
4.638,-13.545,-2.915,-6.029,2.760,0.073,4.679,-1.089,-1.100,-13.528,-2.490,0.145,15.421,-0.040,0.661,-1.864,-0.467,-0.561,0.765,-1.524,-0.654,-0.746,-0.716,-1.223,2.110,-0.527,-0.094,0.218,0.095,-0.776,-0.279,0.336,-0.734,-0.069,-0.636,0.757,-0.489,0.138,-0.106
6.072,-10.064,-2.815,-3.670,5.127,4.174,3.798,1.645,0.100,-12.553,-3.361,2.768,15.325,0.003,0.755,-1.218,-1.385,-0.530,1.262,-1.871,-1.103,-0.808,-0.040,-1.293,1.989,-0.654,-0.004,0.223,0.414,-0.680,-0.273,0.254,-0.091,-0.292,-0.516,0.728,0.169,-0.333,-0.097
3.791,-13.830,-7.145,-11.538,-1.726,2.205,-4.001,-5.438,-5.995,-15.439,-6.782,3.564,13.804,-0.097,0.972,-1.070,-2.032,-1.143,1.428,-2.116,-1.351,-1.870,0.749,-0.864,0.963,-0.725,0.178,0.426,0.678,0.354,0.056,-0.019,0.562,0.001,0.094,0.874,0.436,-0.553,0.004
6.243,-8.859,-2.267,-8.397,4.464,8.984,1.802,-1.576,-0.822,-9.733,-4.862,6.714,13.988,0.294,1.890,0.197,-1.571,-0.862,1.770,-0.073,-1.107,-1.717,1.750,0.275,0.538,-0.688,0.025,0.145,0.384,0.881,0.201,-0.908,0.500,-0.107,0.283,0.442,0.338,-0.795,0.064
4.068,-9.289,-8.539,-13.823,-2.621,4.807,-4.905,-6.234,-9.987,-11.193,-6.060,2.985,12.466,0.706,2.224,0.820,1.394,-0.116,0.418,0.386,-0.646,0.179,2.756,0.173,0.070,-0.491,-0.645,0.600,0.071,1.460,0.892,-1.368,0.652,-0.258,0.663,-0.294,0.157,-0.604,-0.028
7.403,-2.888,-1.132,-10.381,1.266,11.725,3.883,-3.494,-6.489,-5.924,-2.347,5.750,12.554,-0.273,0.854,-0.243,1.307,-0.036,-2.771,-0.623,-1.989,-0.417,1.168,-0.120,-1.541,-0.450,-1.808,0.840,-0.834,1.271,1.198,-1.387,0.448,-0.182,0.786,-0.707,0.114,-0.470,-0.154
6.742,-5.697,-3.611,-3.577,-0.708,2.922,-3.110,-7.706,-2.268,-3.562,-7.174,4.397,12.066,-3.040,4.491,-0.493,3.829,2.906,-3.141,1.417,-2.198,0.795,-0.429,0.116,-1.020,-0.982,-2.256,1.377,-0.773,0.734,1.022,-0.207,0.973,0.545,0.522,-0.415,0.551,0.151,-0.139
-18.994,11.579,-15.219,3.841,13.557,-2.194,7.979,-6.752,4.843,-2.432,0.527,0.801,8.598,-6.168,5.751,0.108,3.492,0.996,0.350,2.783,2.778,1.827,3.079,2.306,2.608,-0.568,1.805,-1.283,1.398,-0.497,-0.835,0.753,-0.697,0.592,-0.673,0.168,-0.152,0.218,0.371
-18.370,20.619,-6.523,10.695,10.013,0.504,12.369,-1.205,0.048,0.612,2.272,6.594,9.695,-2.607,1.364,1.488,1.347,0.278,0.810,1.234,2.729,0.120,2.053,1.462,1.418,0.071,1.914,-2.040,0.358,-0.778,-0.351,-0.275,-1.272,-0.580,-0.512,-0.317,-0.597,-1.009,0.296
-22.716,19.515,-6.446,6.941,8.744,-3.968,8.135,-3.085,-0.593,1.162,3.389,8.850,8.182,-0.185,1.386,2.176,2.373,0.889,-0.177,-0.389,1.210,-0.705,0.304,0.598,-0.543,0.204,1.344,-1.565,-0.360,-0.880,0.029,-0.481,-0.597,-0.757,-0.030,-0.344,-0.580,-1.223,0.234
-20.375,17.763,-5.544,8.811,14.679,1.867,11.320,-1.770,-2.554,-3.976,1.680,4.674,8.431,-0.696,-0.959,-0.752,0.605,1.468,-1.419,-0.661,-0.413,0.329,1.166,0.302,-2.781,0.287,0.309,-0.615,-0.528,-0.922,-0.173,-0.641,-0.049,-0.514,0.332,0.118,-0.496,-0.204,0.067
-18.919,19.938,-4.828,16.650,15.666,-3.763,6.559,-0.422,2.620,1.381,3.814,-0.956,10.250,-0.403,-0.914,-0.573,-0.539,0.547,-0.939,0.745,0.565,1.575,1.803,-0.015,-1.406,0.492,-0.112,-0.388,-0.086,-1.165,-0.259,-0.300,-0.034,0.084,0.243,0.080,-0.636,0.819,-0.077
-23.748,15.615,-11.092,8.862,13.890,-6.695,9.851,-4.599,0.087,6.331,3.571,-2.406,10.099,-0.955,-0.559,0.223,-1.805,-0.417,-2.014,0.424,0.483,0.641,1.892,-0.712,0.829,0.263,0.271,0.096,0.788,-0.281,0.237,0.132,-0.683,0.360,-0.062,-0.176,-0.416,0.847,-0.296
-23.046,16.020,-6.537,4.219,11.873,-4.382,12.595,1.154,5.959,5.022,2.367,5.360,9.807,-0.614,-0.752,1.259,-2.246,0.536,-1.381,-1.102,1.180,0.354,0.342,-2.074,1.747,-0.168,0.785,-0.036,0.428,0.380,1.118,0.613,-1.167,-0.384,-0.361,0.011,0.156,-0.158,-0.837
-23.085,16.926,-3.573,6.002,14.492,-7.895,10.420,-0.146,-1.017,3.663,-1.158,5.662,9.969,0.762,-0.560,2.274,0.051,2.659,-0.537,-3.150,1.079,0.628,1.017,-0.747,-0.123,-0.864,1.197,-0.283,-0.139,0.696,1.051,1.531,-0.591,-0.940,-0.097,0.532,0.666,-0.770,-1.772
-22.319,15.524,-2.293,6.852,18.042,-10.070,0.763,3.251,4.942,4.422,-4.193,3.743,9.476,2.663,-1.094,0.540,0.431,4.601,1.388,-3.305,-1.652,-0.226,2.293,0.782,-1.721,-3.132,1.067,-0.270,-0.139,0.648,-0.567,1.482,0.713,-0.994,-0.207,0.471,0.582,-0.490,-2.349
-11.122,12.482,-4.701,5.476,30.076,1.880,1.271,-7.052,2.456,12.461,4.139,0.692,-3.839,3.407,-1.477,1.757,0.848,-2.375,3.632,1.600,-1.849,-0.588,1.416,-0.131,-0.121,-8.785,0.058,-0.114,0.143,0.159,-3.258,-0.308,0.961,1.011,0.207,-1.599,-0.314,0.279,0.372
-11.730,9.426,-2.942,8.382,22.498,7.403,3.023,-9.001,2.452,17.520,0.619,0.761,-18.949,2.509,-0.474,2.296,1.709,-5.343,2.101,0.161,-0.666,-0.307,-1.400,0.132,0.663,-7.284,0.078,-0.273,-0.599,-0.621,-2.741,-1.357,0.368,1.522,0.125,-1.902,-0.067,-0.438,3.092
-9.570,9.954,7.041,10.803,6.971,1.120,7.261,-1.622,2.641,8.599,-3.598,1.651,-22.003,3.395,-2.328,0.051,0.544,-7.613,0.927,0.707,2.336,1.185,-3.216,-0.259,-1.302,-1.190,0.123,-0.153,-1.346,-1.113,-0.986,-1.353,0.040,0.976,0.222,-0.709,0.314,-0.945,3.702
-8.530,11.956,3.760,13.681,8.937,4.348,-2.175,-6.297,2.108,6.650,7.642,0.623,-21.397,3.788,-2.746,-2.258,-2.613,-8.279,-1.179,0.857,2.718,0.183,-3.618,0.917,-2.886,4.549,0.271,0.264,-0.903,-0.928,0.032,-1.351,0.048,-0.368,-0.737,0.629,0.195,-0.437,2.471
4.252,-0.421,-7.798,5.546,-1.210,8.040,7.403,3.272,8.553,1.814,-0.667,-5.750,-8.565,3.382,-1.108,-2.694,-2.554,-5.836,-1.494,1.454,1.341,0.277,-1.019,1.049,-3.073,3.807,-0.263,0.983,0.282,0.183,0.768,-1.122,-0.998,-2.006,-1.873,1.589,0.132,0.580,0.268
0.301,0.883,-6.812,-2.054,-14.808,-1.951,7.237,2.143,0.412,2.824,3.738,-9.970,-2.921,3.870,0.238,-0.846,-1.382,-6.074,-3.443,0.027,-2.010,-3.536,0.644,0.455,-0.636,2.572,-0.652,0.481,0.703,1.036,1.251,-0.223,-1.763,-2.129,-1.738,1.360,-0.658,0.749,-0.808
8.849,1.508,-5.520,5.452,-24.564,-7.064,-6.703,-14.749,-15.983,12.169,0.463,-7.769,-0.984,-1.094,-4.632,0.372,-2.680,-0.938,-0.786,-6.035,-0.196,-3.048,-0.971,-4.133,-1.877,4.838,-1.400,-0.855,1.674,-1.654,1.722,1.392,1.438,3.249,1.655,-1.149,-1.200,-0.423,0.544
-0.625,-8.101,14.502,-6.546,-17.185,-1.957,-5.181,9.250,-16.793,3.247,-10.727,-10.527,9.121,-1.513,0.907,7.104,-4.384,1.730,3.705,3.913,3.663,0.091,1.506,-2.402,0.624,1.706,0.649,1.698,-1.001,0.311,-0.109,-0.049,0.397,-2.359,0.522,0.862,0.989,0.632,-1.148
-3.086,-4.550,17.109,-15.665,-16.321,2.109,-2.834,1.603,-18.493,6.488,-17.201,-15.007,8.439,-1.190,2.540,3.808,-3.408,0.803,3.044,3.180,-0.393,0.583,1.718,-1.480,0.155,-0.031,0.586,0.638,-1.932,0.883,-0.416,-1.095,-1.045,-2.014,0.562,0.253,0.954,0.314,-0.784
-1.910,0.625,21.157,-14.306,-10.078,7.325,1.764,3.912,-10.312,11.330,-14.131,-9.738,9.133,-0.709,2.134,0.869,-3.025,1.086,0.376,-0.292,-2.617,2.009,0.693,-1.131,0.394,-0.268,0.405,-0.377,-1.737,0.929,-0.436,-1.568,-1.648,-0.986,-0.056,-0.244,0.789,-0.085,-0.378
-3.791,0.159,18.007,-18.619,-12.897,3.001,-4.057,-0.478,-9.957,5.986,-16.117,-10.597,8.126,-0.255,0.762,0.128,-1.392,0.194,-1.537,-1.771,-1.435,1.188,0.230,0.079,0.674,-0.205,0.497,-0.836,-0.716,1.104,-0.232,-1.146,-1.000,0.461,-0.686,0.055,0.997,-0.136,-0.005
-3.820,0.214,18.400,-20.193,-13.468,-0.524,-6.027,-2.795,-11.017,6.962,-16.926,-10.763,7.935,0.046,-0.089,0.259,-0.747,-0.143,-1.844,-1.853,-0.747,-0.490,1.032,0.761,-0.060,-0.098,0.599,-0.630,-0.191,1.417,-0.099,-0.384,-0.115,1.381,-1.047,0.067,1.288,-0.132,-0.199
-3.407,-0.533,19.131,-19.682,-13.659,-1.648,-7.793,-2.221,-12.201,9.820,-15.406,-11.123,8.012,0.917,-0.527,0.532,0.971,0.260,-1.578,-1.040,0.978,-1.596,1.823,2.560,-0.296,-0.143,0.729,0.254,-0.619,1.609,0.154,-0.014,0.528,1.224,-0.473,-0.971,1.054,0.068,-0.885
-1.871,0.526,21.889,-17.507,-10.415,0.431,-5.636,1.049,-11.638,14.570,-10.680,-9.775,8.702,1.700,-0.373,-0.286,2.876,0.555,-1.524,-1.231,3.083,-1.835,0.229,4.070,0.219,-1.296,0.628,1.239,-1.100,1.754,0.286,-0.224,0.742,0.247,0.696,-2.045,0.435,0.267,-1.607
-0.181,-2.633,18.924,-15.107,-13.125,-5.368,-9.453,2.492,-17.626,11.297,-6.442,-12.574,7.028,2.562,2.174,-2.695,4.844,0.616,-1.768,0.558,2.767,-0.505,-4.224,3.697,0.873,-4.029,0.151,1.886,-0.916,1.246,0.389,-0.183,0.471,-1.260,1.842,-2.039,-0.760,0.334,-1.749
6.937,10.900,8.064,-0.166,-10.309,-7.130,-2.146,7.008,-11.806,-7.699,-1.730,-7.175,-8.759,1.338,6.341,-2.377,5.598,1.929,-1.819,0.169,-3.577,5.473,-5.171,-0.388,1.140,-6.440,-1.779,-1.318,0.232,-2.243,0.543,0.406,0.329,-1.586,0.375,2.495,-0.695,0.387,2.872
6.397,17.529,9.173,5.446,-6.270,-13.041,-3.994,-3.231,-2.331,-6.793,-1.194,-9.029,-14.353,-2.525,1.415,-3.336,-0.112,3.370,-0.145,2.229,-3.938,4.625,0.965,0.399,1.617,0.766,-1.495,-3.018,0.884,-3.122,-0.342,0.497,0.312,0.047,-1.698,2.976,-0.133,0.278,4.261
-1.143,-3.912,14.495,-12.997,-10.735,-13.995,-1.435,-3.449,-13.050,5.238,-1.613,-5.334,12.773,2.052,-1.501,4.238,-0.820,-4.992,-0.534,-2.092,0.397,-3.289,0.690,-2.023,-2.033,-0.187,0.845,2.216,-0.034,2.037,0.446,0.761,0.052,-0.234,1.201,-0.813,-0.257,-0.603,-3.449
-0.799,-2.398,15.326,-12.880,-14.682,-11.065,-2.080,-1.783,-12.023,12.124,-0.017,-4.981,11.764,1.606,-0.521,2.594,0.341,-2.028,2.377,0.400,1.025,-0.604,2.094,-0.296,-2.071,-1.892,-0.165,2.169,-1.198,2.282,2.175,0.789,0.293,-0.994,1.895,-0.746,0.057,0.114,-3.220
-0.375,-1.901,14.839,-13.404,-16.099,-10.491,-3.793,-4.124,-17.220,12.610,-5.087,-8.432,9.788,0.729,3.017,0.187,2.966,0.904,1.422,2.656,-1.347,0.854,0.287,0.310,-0.534,-4.814,-1.080,1.205,-1.929,1.932,3.090,0.840,0.510,-0.446,2.373,-0.524,0.839,1.218,-2.294
-4.171,9.611,7.887,9.212,4.696,-1.354,-5.695,-14.187,0.770,13.859,-1.088,-7.207,-17.999,-2.998,1.411,-4.205,5.564,5.876,3.882,0.263,1.679,5.437,-1.352,0.721,3.190,-6.800,0.023,-2.419,0.275,-2.606,-1.403,-0.243,0.868,0.604,-1.055,-0.296,-0.950,0.014,4.608
-8.330,6.480,2.966,10.056,11.124,6.024,3.444,0.971,9.362,8.536,5.998,6.731,-22.171,-2.148,-4.190,-3.051,0.261,4.162,3.902,2.030,0.393,3.122,-1.052,-1.292,2.134,3.143,0.828,-1.644,1.283,-3.423,-2.670,-1.251,0.476,-0.352,-2.122,0.057,-1.495,-1.522,5.392
-6.780,-7.422,6.865,-6.196,0.403,2.254,10.427,-7.447,2.676,7.403,-8.337,-2.246,13.031,0.548,0.257,2.214,-5.809,-2.920,-0.370,-0.517,0.975,-0.484,-0.698,-0.817,-1.222,6.055,0.082,1.644,0.752,1.199,0.172,0.275,-0.779,-0.001,-0.970,-0.219,1.868,0.211,-3.340
-5.747,3.122,6.260,-8.312,0.516,3.019,7.017,0.001,4.963,5.796,-7.452,-6.784,11.276,-0.348,2.758,3.603,-1.593,-2.401,-0.036,0.171,2.107,-1.643,-0.782,3.224,-0.120,-1.237,0.366,0.063,-0.372,1.874,0.556,0.638,-0.234,-0.279,-1.447,-0.720,1.303,0.684,-2.815
-6.265,3.668,11.101,-10.746,-0.938,5.455,8.175,-3.116,3.335,1.398,-2.890,-1.512,7.770,0.392,0.411,2.210,-0.612,-0.230,1.762,0.501,-1.467,-4.800,-2.480,2.922,-0.075,-1.649,0.961,-0.979,-1.584,1.985,0.361,0.341,-0.352,-0.053,-1.178,-0.509,-0.259,-0.023,-0.750
-10.114,-3.511,17.788,-9.390,-0.001,5.233,13.485,-4.357,-4.545,4.398,4.423,-0.835,5.822,2.528,-2.158,-0.731,0.878,-1.471,1.218,-0.771,-0.951,-6.312,-3.029,0.926,-0.196,-0.074,1.117,-1.305,-2.374,1.009,-0.148,-0.068,-0.919,0.703,0.141,-0.596,-1.439,-0.289,1.070
5.699,-6.586,1.275,1.430,-5.313,8.184,4.697,5.900,-10.820,-3.746,-3.287,-5.558,13.780,0.869,-3.466,-3.455,0.353,-0.917,-0.918,-1.529,3.976,1.395,-3.454,-0.041,0.214,1.956,-1.082,-0.016,1.311,-0.986,1.719,-0.521,1.132,-0.955,1.564,0.311,0.696,0.611,-0.291
3.102,-13.611,-3.752,-5.925,-9.905,6.861,-0.370,5.249,-13.998,-15.596,-3.901,-5.625,14.832,-0.206,-2.807,-0.281,-0.600,2.785,-0.672,1.053,0.766,2.161,-2.640,1.429,0.606,1.342,-0.498,0.398,1.673,-0.370,2.097,-0.530,1.506,-1.669,0.886,1.379,0.336,0.573,-0.517
2.699,-14.979,-2.208,-6.461,-3.652,5.363,3.434,4.646,-10.918,-17.019,-0.137,-4.574,15.395,0.344,-2.093,0.461,-0.893,4.388,-1.486,1.692,-1.037,2.043,-1.215,0.789,0.979,0.811,0.239,0.631,0.772,0.206,1.055,-0.366,0.762,-1.507,0.162,1.601,-0.723,0.447,-0.468
5.551,-14.647,2.412,-3.995,6.031,4.910,8.297,4.446,-5.789,-13.061,1.134,-3.185,16.939,1.248,-1.171,1.011,0.483,5.367,-2.218,2.646,-2.065,2.788,1.833,-0.761,1.530,0.415,0.244,0.475,-0.410,0.539,-0.591,-0.204,-0.390,-0.618,-0.333,1.254,-1.169,0.289,-0.398
6.192,-16.535,0.499,-4.003,8.659,1.730,8.822,1.117,-4.709,-11.089,-1.862,-1.884,16.779,1.338,-1.127,-0.241,0.840,3.066,-1.976,1.483,-2.144,1.892,2.316,-2.560,1.986,0.079,0.012,0.477,-0.647,0.790,-1.330,0.447,-0.985,0.348,-0.569,0.740,-0.592,0.071,-0.271
7.593,-18.688,-0.051,-4.741,10.776,-2.411,10.167,-3.311,-3.161,-9.397,-6.846,0.680,16.213,0.516,-0.917,-1.981,1.227,0.493,-1.447,-0.792,-1.768,0.574,1.866,-2.741,1.547,-0.280,-0.214,0.392,-0.651,0.589,-1.501,0.778,-1.320,1.069,-0.882,0.114,0.239,-0.189,-0.195
8.369,-18.593,-2.180,-1.886,9.305,-0.858,9.916,-2.195,-2.773,-7.269,-8.948,3.423,16.154,0.770,0.164,-1.276,2.684,0.174,0.361,-1.512,0.553,0.306,2.468,-1.182,1.326,-0.200,-0.146,0.351,-0.220,0.324,-0.865,0.586,-0.903,1.299,-0.704,-0.110,0.804,-0.310,-0.148
7.044,-18.205,-6.155,1.080,8.173,-1.030,3.792,-2.739,-3.887,-5.640,-9.026,1.895,15.851,0.464,0.144,-1.727,2.507,-0.690,0.506,-2.455,1.930,-0.831,2.327,-0.253,0.916,-0.418,0.034,0.214,0.159,-0.192,-0.265,0.124,-0.112,1.068,-0.259,-0.397,0.675,-0.119,-0.097
10.315,-15.959,-2.828,6.509,10.831,2.846,4.448,3.597,-2.814,-0.626,-6.682,4.140,15.962,0.634,0.096,-1.470,1.818,-0.668,-0.025,-2.200,2.501,-0.925,1.534,0.216,0.750,-0.592,-0.057,0.003,0.010,-0.763,-0.187,-0.479,0.201,0.316,0.111,-0.908,0.236,0.011,-0.095
8.939,-19.287,-8.362,3.599,6.561,-1.733,0.628,3.442,-7.294,-1.082,-9.245,4.899,14.217,0.755,0.186,-1.091,0.701,-0.410,-0.634,-1.011,2.596,-0.105,0.348,-0.064,1.240,-0.571,0.058,0.215,0.211,-0.565,0.078,-0.402,0.444,0.026,0.607,-0.952,0.092,0.139,-0.019
10.684,-16.468,-8.809,4.865,8.153,-2.463,0.712,8.428,-2.972,-3.273,-8.807,7.332,13.970,0.904,1.187,-0.635,0.705,-0.183,-0.783,-0.718,2.410,1.495,-1.124,0.365,1.377,-0.508,0.100,0.347,0.129,0.144,0.072,-0.022,0.067,-0.061,0.310,-0.199,0.072,0.041,-0.055
11.133,-16.570,-10.328,4.744,5.522,-4.112,-1.735,10.116,-2.489,-4.940,-7.390,9.028,13.086,0.944,1.322,-0.709,0.748,-0.157,-1.024,-0.600,2.165,1.398,-0.962,0.171,1.446,-0.676,0.008,0.149,-0.006,0.019,-0.090,-0.083,-0.187,-0.314,-0.049,-0.026,-0.080,-0.211,-0.083
13.189,-13.854,-10.589,7.723,6.269,-3.908,-1.846,14.043,-1.420,-5.173,-7.604,10.107,12.138,0.951,1.342,-0.862,0.933,-0.423,-0.965,-0.989,2.110,0.993,-0.707,0.164,1.330,-0.808,-0.170,-0.188,-0.053,-0.302,-0.368,-0.149,-0.337,-0.685,-0.225,-0.021,0.022,-0.495,-0.056
14.059,-12.270,-11.083,8.258,6.932,-5.029,-1.221,15.239,0.521,-5.737,-7.505,11.512,11.547,0.353,0.828,-1.463,-0.244,-1.234,-1.789,-2.028,0.381,0.506,-1.420,-0.396,0.190,-0.864,-0.182,-0.338,0.404,-0.311,-0.474,0.081,-0.142,-0.726,-0.274,0.096,0.314,-0.766,0.041
13.976,-11.909,-12.741,7.772,5.335,-6.829,-4.488,16.417,0.489,-6.409,-7.932,12.742,10.699,0.350,0.493,-0.522,-0.311,-1.484,-1.143,-1.691,-0.122,0.818,-1.002,0.758,-0.468,-0.693,-0.203,-0.355,0.982,-0.214,-0.462,0.229,0.455,-0.518,-0.306,0.316,0.704,-0.842,0.162
12.506,-13.402,-16.566,3.501,-0.179,-11.598,-10.554,10.833,-0.916,-11.421,-9.204,8.663,9.484,0.334,0.054,1.141,-0.186,-1.999,-0.529,-0.960,-0.348,0.117,-0.335,1.442,-1.485,-0.528,-0.181,-0.187,1.450,0.064,-0.370,0.485,0.957,0.136,-0.467,0.852,1.022,-0.455,0.252
15.717,-10.823,-10.461,8.549,2.406,-6.338,-5.633,15.637,3.388,-7.343,-2.965,9.190,9.708,-0.053,-0.047,2.745,-0.166,-2.350,-0.449,0.752,-0.118,-0.342,0.329,2.764,-2.039,-0.169,-0.409,-0.020,1.236,-0.262,-0.475,0.204,0.802,-0.022,-0.726,0.906,0.733,-0.272,0.225
14.857,-12.543,-6.520,6.939,-1.597,-7.919,-5.449,13.886,-0.344,-6.944,-2.779,5.862,9.406,-0.352,0.163,4.152,0.005,-2.650,0.290,1.536,1.059,-1.250,2.172,3.710,-1.299,0.133,-0.530,0.292,0.763,-0.640,-0.342,0.018,0.482,-0.658,-0.404,0.672,0.322,-0.198,0.132
12.539,-12.572,-4.037,5.222,-5.706,-10.912,-3.282,14.302,-1.507,-7.000,2.673,3.944,9.897,-1.354,0.341,4.154,-1.716,-3.531,-0.533,1.071,-0.933,-2.127,2.276,3.288,-1.920,0.103,-0.484,0.539,0.310,-0.822,-0.085,0.076,0.018,-1.434,0.146,0.274,-0.378,-0.190,-0.018
12.335,-11.712,0.984,5.189,-9.374,-7.859,-4.048,16.794,-4.717,-0.732,6.527,4.790,10.053,-1.667,1.321,4.250,-2.610,-3.119,-0.398,1.289,-3.230,-1.009,2.052,2.790,-2.535,-0.003,-0.424,0.702,-0.177,-0.680,0.254,0.179,-0.267,-1.796,0.744,-0.275,-0.950,-0.185,-0.106
5.781,-4.354,12.959,-5.069,-15.922,-8.039,-0.407,-3.075,-0.734,1.761,8.554,-3.060,9.275,-2.057,3.000,2.201,-1.659,-1.082,1.853,-0.874,-3.581,1.219,1.538,-0.262,-0.714,-0.231,0.293,-0.096,-0.880,0.558,0.632,0.325,-0.499,1.218,-0.028,0.054,-0.414,0.717,-0.056
3.345,-0.266,13.888,-5.702,-16.476,-4.448,-3.047,-5.991,-0.521,4.126,6.344,-3.608,9.100,-1.472,2.408,1.508,-1.271,-0.592,1.936,-1.292,-2.005,0.549,1.693,-0.543,-0.064,-0.378,0.548,-0.468,-0.779,0.482,0.447,-0.089,-0.010,1.327,-0.178,0.029,-0.027,0.520,-0.020
2.091,1.870,15.334,-6.562,-15.713,-2.972,-3.898,-5.329,-0.511,6.234,8.389,-4.092,8.888,-0.736,1.788,0.700,-0.929,-0.022,1.322,-0.756,-0.959,0.488,1.713,-0.498,0.246,-0.407,0.559,-0.706,-0.684,0.241,0.174,-0.511,0.403,0.886,-0.173,-0.222,0.036,0.140,0.069
2.173,1.475,15.786,-9.530,-17.428,-3.701,-4.869,-8.771,-0.973,5.580,5.460,-4.709,7.692,-0.160,1.073,0.078,-0.727,-0.171,0.601,0.148,-0.491,0.749,1.110,-0.082,0.121,-0.266,0.405,-0.742,-0.537,0.266,0.073,-0.485,0.640,0.859,-0.113,-0.341,0.312,-0.019,0.255
2.686,3.717,15.511,-7.797,-15.558,-1.801,-3.276,-6.480,1.934,9.599,6.504,-1.280,7.945,0.082,0.137,-0.504,-0.727,-0.423,-0.034,0.419,0.095,0.253,0.722,-0.311,-0.105,0.058,0.243,-0.848,-0.330,0.179,0.063,-0.316,0.599,0.949,-0.342,-0.528,0.304,-0.063,0.339
2.248,4.177,14.190,-8.717,-17.411,-2.028,-2.619,-7.872,2.003,7.994,6.878,-4.410,8.243,0.146,-0.478,-0.573,-0.043,-0.028,0.187,1.322,1.761,0.101,0.484,0.923,0.016,0.663,0.205,-0.881,-0.221,0.216,0.349,-0.169,0.468,1.003,-0.455,-0.663,0.130,0.222,0.275
3.926,-2.760,12.558,-9.850,-14.954,-2.229,2.881,3.161,-1.999,6.275,7.417,-2.125,10.926,0.812,-2.433,-1.465,0.733,2.406,-0.535,0.687,2.662,-0.770,-2.668,-0.856,1.825,0.442,0.049,0.101,-0.424,0.360,0.435,0.080,-2.126,-0.282,0.194,-0.669,-0.780,0.351,-0.374
5.239,-5.957,9.886,-8.203,-12.604,-4.086,3.844,4.105,-2.103,1.503,6.986,0.192,10.855,0.551,-2.660,-2.185,0.451,2.166,-0.769,-3.599,1.968,-1.502,-3.531,-2.733,1.636,-0.148,0.000,0.972,-0.277,0.434,-0.321,0.596,-2.414,-0.571,0.669,-0.162,-0.571,-0.345,-0.681
5.408,-7.810,8.276,-7.008,-7.722,-5.446,-0.630,5.674,-3.101,-1.216,3.485,2.818,10.954,0.665,-1.056,-2.134,1.290,1.938,0.617,-6.244,1.887,0.347,-2.963,-1.939,1.512,-0.610,0.057,1.795,-0.161,0.517,-1.639,0.537,-0.512,-0.965,0.655,0.441,-0.601,-0.982,-1.068
8.356,1.789,1.791,0.518,-13.596,3.634,-20.589,5.487,4.682,-7.548,-3.041,-2.368,1.341,0.929,5.309,-2.059,3.342,-5.307,-1.087,6.102,-2.872,0.329,1.173,-4.226,-1.968,-4.003,-0.329,-0.364,0.275,-0.370,-0.355,-1.479,2.723,-0.768,-1.101,0.954,0.052,-0.138,0.336
8.567,7.757,-1.835,1.515,-28.756,-5.811,0.787,-0.872,-4.315,-5.799,-16.447,-4.968,-4.297,0.017,3.124,-2.031,1.834,-5.258,-3.364,6.309,-3.741,-2.483,1.075,-4.433,-2.511,-3.010,-0.426,-1.833,0.762,-0.866,2.271,0.042,-1.076,0.309,-0.146,0.598,1.922,0.422,1.388
9.070,9.331,-2.146,6.572,-24.848,-6.062,5.903,-0.578,-1.424,0.800,-13.374,-2.477,-3.882,-0.351,0.536,-0.802,0.556,-1.589,-3.207,3.577,-1.978,-2.005,1.472,-1.756,-0.853,-0.916,-0.290,-2.498,0.705,-1.451,3.362,1.510,-3.634,1.027,0.646,-0.027,2.665,0.487,1.848
7.088,6.045,-3.895,2.396,-27.623,-11.200,-0.783,-5.037,-7.631,-3.872,-15.065,-8.379,-4.023,-0.523,-2.445,0.831,-0.428,4.849,1.953,-4.423,-0.463,1.270,1.709,4.229,-0.526,1.502,0.152,-1.854,0.347,-1.213,3.588,2.505,-3.099,1.279,1.335,0.155,2.420,0.796,1.624
10.416,-5.500,-5.651,-5.599,6.369,9.990,-12.326,-0.004,1.494,6.385,0.296,-1.280,6.348,1.244,0.725,-3.237,-2.502,1.675,2.090,3.888,-1.868,-3.098,0.449,-1.646,3.839,-0.135,0.095,1.500,0.294,0.487,-2.552,-0.859,2.221,-0.553,-0.689,-0.694,-0.968,0.736,-1.113
9.736,-4.727,-12.484,-10.458,0.431,7.098,-10.766,-9.081,-6.985,1.892,-5.204,1.009,4.495,1.213,2.027,-1.419,-1.319,-0.095,2.685,4.933,-2.320,-2.127,0.168,-0.614,4.318,-1.214,-0.050,0.726,1.116,0.682,-1.517,-0.510,0.788,0.410,0.653,-0.437,0.153,0.184,-0.514
12.148,-0.676,-10.517,-9.426,0.545,14.912,-2.242,-6.527,-8.042,5.325,-0.955,9.266,3.794,1.017,1.649,-0.041,-1.140,-1.185,1.910,3.961,-0.810,-0.444,-0.892,0.401,3.673,-0.836,-0.330,-0.253,0.977,0.422,-0.405,-0.531,-0.949,0.627,1.143,-0.279,0.528,-0.737,0.155
13.159,-0.683,-9.502,-11.439,-1.038,15.426,0.325,-7.166,-4.285,1.973,-1.640,10.222,2.727,0.703,0.854,0.971,-0.618,-0.420,1.322,2.643,0.404,1.113,-0.641,0.808,2.701,-0.309,-0.457,-0.590,0.402,0.230,0.197,-0.618,-1.599,0.478,0.638,0.236,0.162,-1.077,0.468
13.789,0.725,-7.349,-10.806,1.177,15.378,1.931,-5.013,-2.076,1.884,0.521,12.480,3.051,-0.150,0.048,0.454,-0.744,-0.185,0.114,0.288,-0.095,0.995,-0.542,0.285,0.960,0.187,-0.445,-0.606,0.002,0.219,0.468,-0.383,-1.618,-0.170,0.079,0.901,-0.216,-1.190,0.422
12.428,-1.159,-9.211,-12.856,-1.987,13.477,0.360,-7.821,-4.404,0.407,-1.901,12.907,3.321,-0.487,-0.121,0.343,-0.368,0.391,0.490,-1.223,-0.286,0.343,1.173,0.253,0.291,0.616,-0.316,-0.606,-0.148,0.208,0.554,-0.493,-1.431,-0.570,-0.138,1.099,-0.448,-1.272,0.319
11.763,-0.197,-8.394,-12.439,0.094,16.458,-0.822,-6.672,-3.006,3.397,0.602,12.724,4.432,-0.611,-0.894,0.283,-0.171,0.747,0.412,-2.195,-1.318,0.337,2.704,-0.400,-1.072,0.813,-0.158,-0.585,0.048,0.336,0.596,-1.004,-0.868,-0.216,0.108,0.775,-0.698,-1.044,0.226
11.739,-0.826,-7.262,-12.463,1.458,17.337,-4.414,-7.768,-2.105,7.082,-0.415,11.555,5.117,-0.648,-1.706,0.318,0.134,1.884,-1.292,-3.270,-1.833,0.753,3.229,-1.088,-2.640,0.974,-0.196,-0.470,0.178,0.421,0.231,-1.792,-0.274,0.622,0.262,-0.332,-0.930,-0.683,0.158
11.077,-3.912,-6.908,-11.857,3.189,15.507,-6.657,-11.627,-1.541,12.068,-2.223,7.795,6.217,-0.859,-2.084,0.708,0.682,2.049,-4.015,-3.027,-0.402,1.330,2.303,-2.535,-2.795,1.139,-0.263,0.040,0.355,0.461,-0.437,-1.890,0.574,1.649,0.052,-1.465,-0.619,0.296,0.097
9.531,-7.832,-8.363,-12.475,5.883,7.495,-13.072,-14.508,-1.370,12.217,-5.929,2.169,7.298,-1.342,-1.877,1.023,1.310,0.895,-6.256,-2.177,2.364,1.155,-0.288,-3.331,-2.262,1.243,-0.235,0.573,0.542,0.311,-1.256,-0.971,1.550,1.826,-0.271,-2.012,0.289,1.135,0.001
8.570,-7.112,-4.303,-9.024,8.126,1.305,-11.627,-5.315,3.278,12.345,-9.317,3.443,9.036,-1.578,-0.610,1.707,1.546,-0.945,-6.557,0.128,4.828,0.397,-2.863,-2.376,0.217,1.161,-0.058,0.869,0.452,-0.011,-1.537,0.481,1.899,0.791,-0.449,-1.574,1.366,1.218,-0.135
6.282,-8.613,-3.450,-7.327,3.467,-6.841,-12.813,0.895,1.260,5.502,-13.523,2.423,9.924,-1.465,0.425,2.528,1.257,-2.901,-4.874,2.904,4.683,-0.136,-4.249,0.275,1.526,0.969,0.201,0.852,0.215,-0.350,-1.016,1.552,1.629,-0.634,-0.113,-0.439,1.864,0.707,-0.236
4.811,-6.571,-0.829,-6.702,-0.328,-10.110,-6.147,4.811,-0.869,1.113,-10.304,8.753,10.708,-1.088,1.111,2.214,0.651,-3.739,-2.301,3.928,2.392,-0.268,-3.584,2.491,1.401,0.602,0.376,0.515,-0.295,-0.354,-0.130,1.831,0.460,-1.373,0.480,0.547,1.361,-0.263,-0.278
4.086,-5.979,2.539,-7.351,-4.396,-11.166,-1.291,3.842,0.023,-3.414,-4.057,7.145,11.308,-0.584,1.522,1.846,0.010,-2.790,-0.624,4.067,0.414,0.922,-2.125,3.556,0.680,0.341,0.457,0.177,-0.883,-0.119,0.815,1.326,-0.972,-1.144,0.917,0.905,0.127,-0.783,-0.303
4.228,-2.875,3.773,-5.755,-6.639,-8.039,2.256,5.171,2.559,-1.117,-1.595,8.085,11.356,-0.136,1.415,0.571,0.401,-1.649,0.476,1.848,0.098,2.267,-1.190,2.788,-0.675,0.083,0.501,-0.115,-1.208,-0.021,1.477,0.612,-2.127,-0.591,0.912,0.721,-0.889,-0.952,-0.351
3.654,-2.851,3.480,-7.750,-7.328,-10.997,3.320,2.783,4.159,-4.007,-0.097,6.157,11.304,0.342,1.157,-1.066,0.787,0.127,0.370,-0.914,0.109,3.181,-0.921,0.760,-1.350,-0.288,0.573,-0.159,-1.286,-0.169,1.581,0.500,-2.622,-0.483,0.172,0.836,-1.067,-0.854,-0.471
4.347,-1.059,1.556,-4.496,-7.106,-7.815,0.787,5.832,8.399,-4.541,1.654,5.872,11.125,0.956,0.719,-2.371,0.158,2.189,0.260,-4.215,-0.409,3.164,-0.579,-0.555,-2.343,-0.839,0.540,0.089,-0.928,-0.702,1.236,0.722,-1.863,-0.767,-1.111,1.186,-0.386,-0.260,-0.537
7.965,-0.158,-5.503,-6.817,2.404,-7.523,-14.593,2.487,13.955,-2.864,-3.478,-1.302,7.820,1.870,1.901,-3.045,-2.357,2.995,3.277,-4.918,-2.811,-2.365,3.402,1.291,-1.275,-1.969,-0.055,0.644,0.434,-0.553,-0.729,0.958,1.241,-0.285,-2.231,0.389,1.095,1.345,-0.250
10.523,2.086,-8.558,-10.150,3.900,-1.230,-19.043,-4.272,8.042,3.903,1.942,-4.035,5.191,1.502,3.056,-2.080,-2.644,1.235,4.860,-2.337,-2.331,-4.927,3.199,3.465,0.877,-2.040,-0.446,0.266,0.933,0.167,-1.281,0.093,1.903,0.277,-1.142,-0.761,0.486,1.524,0.031
11.302,6.856,-10.231,-13.229,4.153,4.473,-16.848,-4.056,-0.942,7.365,6.197,2.268,3.675,0.800,2.947,-0.720,-1.643,-0.475,3.610,0.154,-1.540,-4.860,0.639,3.137,2.563,-1.847,-0.624,-0.449,1.051,0.855,-0.956,-0.832,1.228,0.137,0.626,-1.061,-0.479,0.650,0.279
11.580,10.674,-9.716,-14.060,1.771,8.878,-15.684,-4.324,-4.180,4.569,10.608,4.101,1.856,0.041,1.883,0.390,-0.234,-1.473,2.282,0.971,-0.998,-3.129,-0.676,1.404,2.946,-1.461,-0.634,-1.124,0.838,0.988,0.032,-1.588,-0.031,-0.097,1.928,-0.379,-1.372,-0.551,0.555
11.434,10.284,-8.525,-13.076,1.094,5.472,-15.503,-5.186,-4.233,-0.003,7.876,7.447,0.249,-0.519,0.243,0.977,0.715,-0.434,0.408,-0.434,-2.793,-0.134,0.037,-0.074,0.940,-0.863,-0.520,-1.204,0.602,0.769,0.645,-1.619,-0.704,0.427,2.373,0.295,-1.522,-1.268,0.848
10.661,9.786,-7.462,-11.396,-1.933,9.679,-14.862,-8.698,-5.959,4.207,8.121,8.105,-0.400,-1.007,-1.213,1.260,1.115,1.372,-1.480,-2.198,-2.188,2.350,1.606,-1.789,-1.064,0.245,-0.338,-0.882,0.526,0.471,0.481,-1.683,-0.269,1.480,1.930,-0.149,-1.176,-0.874,0.986
9.169,8.512,-6.474,-10.987,3.837,6.115,-19.430,-15.834,-0.725,7.730,7.069,4.965,0.488,-1.275,-1.525,1.854,1.527,1.330,-2.605,-1.784,1.191,4.266,0.972,-2.876,-1.770,1.540,-0.211,-0.287,0.591,0.377,-0.687,-1.243,0.997,2.216,0.511,-0.963,-0.315,0.237,0.818
5.619,3.429,2.579,-5.133,-1.346,-8.758,-13.316,4.741,9.686,-2.673,-1.992,8.919,8.064,-1.897,0.172,3.259,2.370,-4.643,-3.139,4.107,1.511,-1.215,-1.264,0.887,1.527,1.658,0.022,0.524,0.403,-0.847,-0.825,1.329,0.199,-2.243,-2.188,1.309,1.141,-0.976,-0.760
2.976,4.667,6.364,-1.695,-7.905,-10.104,-8.629,1.761,4.519,-1.714,4.064,8.664,9.008,-1.639,0.267,4.128,0.166,-4.474,-1.516,2.910,-2.186,-3.906,1.215,2.136,-1.006,0.347,0.330,0.280,0.114,-1.236,0.381,1.628,-0.749,-1.822,-1.191,1.524,0.164,-1.578,-0.863
-0.022,6.425,8.288,-0.022,-10.427,-11.131,-9.613,-2.568,3.085,4.568,2.734,4.641,9.883,-1.064,0.357,4.168,-1.458,-3.445,0.656,1.492,-3.219,-3.949,2.535,1.056,-3.631,-0.594,0.623,-0.025,-0.359,-0.846,0.981,1.339,-0.833,-0.318,-0.201,0.700,-0.396,-1.094,-0.660
1.177,4.645,17.024,-8.100,-14.683,-9.681,-6.801,-5.883,-5.022,5.046,4.838,-0.252,7.093,-0.212,0.330,3.386,-1.966,-1.902,2.005,0.863,-1.757,-3.153,2.689,-0.273,-3.682,-0.977,0.610,-0.144,-1.146,0.370,1.119,0.473,-0.557,0.862,0.733,-0.220,-0.483,0.130,-0.203
1.198,5.226,18.088,-9.220,-15.182,-5.692,-6.771,-7.534,-5.288,6.624,2.899,-4.778,6.053,0.505,0.015,1.833,-0.793,-1.024,1.796,0.965,-0.293,-2.597,1.501,0.113,-2.608,-0.979,0.535,-0.415,-1.495,1.118,0.920,-0.642,-0.445,1.113,0.974,-1.019,0.031,0.985,0.061
1.305,6.914,18.396,-6.928,-15.038,-2.797,-5.732,-4.542,-7.057,10.701,2.616,-5.034,6.037,0.628,-0.280,-0.436,1.686,-0.092,0.278,0.386,0.663,-0.919,0.630,0.192,-0.867,-0.473,0.517,-0.673,-1.507,1.098,0.761,-1.237,-0.771,0.549,1.018,-1.374,0.175,0.885,0.049
2.439,5.364,16.766,-4.573,-15.369,-5.593,-5.320,-4.706,-8.885,9.246,4.410,-6.005,5.518,1.193,-1.415,-1.396,2.304,0.249,-1.693,-0.496,1.133,-0.195,-1.533,0.980,-0.112,-0.541,0.555,-0.443,-1.286,0.442,0.930,-0.644,-1.092,-0.279,1.039,-1.031,-0.023,0.314,-0.149
12.344,2.055,2.838,0.398,-3.448,-4.069,-16.453,-11.954,-1.502,1.868,5.798,-10.280,-0.458,0.766,2.249,-4.532,1.115,3.662,3.045,0.057,-2.975,-0.736,-0.269,0.159,0.122,-1.319,-0.465,0.444,0.007,-0.044,-0.404,0.222,1.341,1.081,-0.774,0.541,0.300,0.743,0.500
9.757,6.686,-1.098,4.092,-0.452,-3.303,-10.412,-12.694,-3.682,-1.313,5.664,-4.733,-0.879,0.325,2.116,-3.780,1.218,2.804,2.699,2.087,-0.423,-1.204,0.056,1.289,1.426,-0.452,0.071,-0.599,0.141,-0.118,-0.746,-0.733,0.280,2.172,-0.108,0.440,0.144,0.337,0.716
9.758,6.912,-5.641,3.743,-0.113,-0.545,-11.347,-12.901,-10.160,0.962,5.735,-6.700,-1.235,1.019,0.431,-3.770,1.074,1.510,0.560,1.651,2.760,-0.863,-0.101,0.887,1.487,0.437,0.318,-1.379,0.113,-0.225,-0.710,-1.547,-0.987,2.508,0.840,-0.270,-0.377,-0.207,0.740
12.598,6.129,-6.818,5.170,2.926,-0.349,-7.162,-6.088,-6.566,2.295,8.849,-2.283,0.231,2.076,-1.181,-3.968,0.704,1.316,-0.684,-1.072,5.269,0.791,0.579,0.399,0.408,1.094,0.026,-1.416,0.333,-0.113,-0.604,-1.337,-1.413,1.993,0.981,-0.613,-0.836,-0.610,0.613
16.019,4.489,-13.153,5.232,2.411,-2.748,-9.822,-1.457,-4.377,-0.441,8.639,-4.073,1.171,1.481,-2.997,-3.873,0.246,0.858,-2.999,-3.298,6.721,2.464,-1.878,-1.284,-0.405,1.609,-0.618,-0.968,0.985,-0.059,-0.768,-0.424,-0.532,0.866,0.355,-0.686,-0.858,-0.571,0.426
17.007,1.994,-17.182,6.869,4.865,-5.620,-16.534,7.932,-2.620,2.282,6.207,-4.006,3.390,0.225,-3.252,-2.065,1.067,0.109,-2.206,-2.506,7.561,2.034,-2.121,-1.807,-0.680,2.025,-0.940,-0.363,1.674,-0.121,-1.124,0.662,1.138,-0.468,-0.488,-0.445,-0.413,-0.391,0.202
14.960,-6.006,-19.824,4.123,3.209,-12.902,-23.150,13.694,0.187,-8.419,0.638,-7.861,5.229,-1.145,-3.371,0.205,0.597,-1.726,-0.801,-0.294,5.945,0.289,-2.180,-2.302,-0.823,2.103,-0.662,0.342,1.861,-0.297,-1.083,1.709,2.207,-1.689,-0.996,0.675,0.125,-0.161,0.001
14.251,-4.884,-13.810,11.057,3.072,-6.300,-13.028,24.143,1.323,-4.322,3.812,-3.789,8.326,-1.310,-2.807,2.363,-0.075,-3.010,1.529,3.117,3.316,-0.559,-1.494,-1.157,-1.339,1.859,-0.235,0.509,1.322,-0.819,-0.475,1.482,1.910,-2.546,-0.672,0.953,0.119,0.044,-0.150
11.673,-8.928,-13.815,6.121,-5.320,-6.411,-13.046,20.161,-4.904,-8.042,-1.671,-8.297,9.217,-1.064,-1.509,3.217,-0.667,-2.996,3.679,4.923,0.397,-1.220,1.185,-0.986,-0.879,1.698,0.055,0.580,0.585,-0.902,0.548,0.770,1.074,-2.417,0.124,0.748,0.082,0.559,-0.195
10.718,-10.701,-6.459,3.567,-7.276,2.950,-2.049,17.113,-3.817,-1.965,-3.176,-8.910,12.538,-1.032,-1.056,2.790,-2.753,0.322,2.332,4.418,-3.286,0.914,0.334,-1.534,1.520,1.319,-0.008,0.393,-0.507,-0.500,1.262,-1.301,-0.286,-1.158,0.944,-1.169,0.398,0.702,-0.267
9.779,-12.197,-2.291,0.344,-4.097,3.850,3.652,13.697,-2.082,-2.555,-4.793,-5.652,14.052,-1.180,-0.626,1.812,-3.207,1.384,0.071,3.886,-4.717,1.669,-1.990,-1.181,2.088,0.982,-0.038,0.447,-0.804,-0.015,0.465,-1.426,-0.600,-0.416,0.434,-1.254,0.692,-0.064,-0.326
7.673,-13.399,-2.903,-5.066,-4.621,2.712,4.219,7.521,-0.726,-7.784,-6.157,-3.110,14.134,-1.009,-0.051,1.295,-2.763,1.808,-1.380,3.767,-4.229,2.379,-3.183,0.660,1.372,0.609,0.083,0.415,-0.758,0.461,-0.266,-0.948,-0.794,0.357,-0.204,-0.480,0.655,-0.866,-0.321
7.720,-12.359,-1.090,-6.224,-0.325,-0.743,10.294,2.490,3.926,-12.417,-2.835,-2.943,14.808,-1.193,0.093,-0.231,-2.467,-0.047,-2.306,1.759,-4.003,0.867,-3.550,0.490,-0.678,0.201,0.165,0.248,-0.496,0.642,-0.748,-0.127,-0.984,0.959,-0.697,0.540,0.291,-1.068,-0.279
6.703,-10.878,-0.586,-6.962,-0.122,-1.655,13.466,1.572,5.076,-12.947,-0.852,-3.406,15.204,-0.612,0.661,0.022,-0.817,-0.292,-1.218,1.512,-1.858,0.296,-1.287,0.905,-1.426,0.105,0.262,0.046,-0.138,0.568,-0.574,0.334,-0.880,1.039,-0.743,1.044,-0.086,-0.633,-0.228
4.299,-12.992,-4.604,-11.041,-6.581,-5.495,7.823,-3.344,-0.646,-17.725,-4.994,-8.892,14.522,-0.553,0.257,-0.030,-0.969,-1.305,-0.643,0.091,-1.108,-0.776,-0.237,0.150,-1.851,-0.161,0.367,-0.005,0.284,0.465,0.117,0.488,-0.401,1.004,-0.296,1.103,-0.003,0.145,-0.157
6.323,-9.777,-1.035,-6.743,-2.954,-1.002,13.014,1.149,3.038,-11.568,-0.552,-7.267,14.805,-0.017,0.099,0.503,-0.671,-0.435,-0.540,0.204,-0.479,-0.512,0.380,0.403,-1.205,-0.349,0.215,-0.161,0.152,0.134,0.221,0.149,-0.419,0.524,-0.212,0.499,-0.165,0.454,-0.123
5.143,-11.623,-1.016,-11.180,-5.435,-4.283,10.972,-2.839,1.066,-14.293,-2.235,-10.265,14.201,0.343,0.348,0.949,-0.214,0.609,-0.202,0.407,0.326,-0.207,1.132,0.726,-0.066,-0.355,0.169,-0.068,0.060,0.333,0.281,0.176,-0.235,0.517,0.001,0.291,-0.038,0.598,-0.038
6.198,-11.068,0.134,-10.247,-2.869,-4.963,12.909,-1.075,1.659,-12.763,-0.217,-8.744,13.618,0.014,-0.189,0.291,-0.527,-0.143,-0.694,-0.740,0.044,-1.048,0.526,-0.208,-0.051,-0.410,0.003,-0.008,0.002,0.353,-0.114,0.300,-0.318,0.466,-0.010,0.186,-0.074,0.356,0.042
6.079,-10.604,-0.446,-10.360,-3.578,-4.527,9.913,-0.604,-0.991,-11.469,-1.530,-8.482,13.337,0.276,0.063,0.374,0.624,-0.046,0.316,-0.611,1.216,-0.504,1.146,0.268,0.560,-0.323,-0.148,0.064,0.092,0.303,-0.459,0.196,-0.115,0.240,0.110,0.071,0.032,0.018,0.081
5.927,-11.231,0.136,-9.786,-4.599,-4.350,9.844,0.253,-1.173,-10.351,-1.945,-8.412,13.187,0.034,0.202,0.800,0.674,-0.675,0.699,-0.877,1.405,-0.414,1.304,0.263,0.262,-0.158,-0.158,0.258,0.194,0.259,-0.660,-0.013,0.057,-0.118,0.143,0.077,0.157,-0.273,-0.009
6.659,-11.225,0.852,-8.293,-4.801,-3.007,9.449,2.578,-0.039,-9.769,-0.030,-7.629,12.802,-0.406,0.475,1.153,0.702,-1.422,0.083,-0.102,0.844,0.024,1.095,0.650,-0.130,-0.076,-0.129,0.444,0.149,0.204,-0.808,-0.320,-0.015,-0.645,-0.056,0.054,0.246,-0.397,-0.199
6.079,-9.747,3.486,-7.913,-5.633,-2.225,8.758,4.362,-0.890,-7.092,0.346,-7.861,13.096,-0.437,0.897,0.869,0.731,-2.754,-0.645,-0.708,-0.361,-0.596,0.936,0.386,-1.073,-0.580,0.108,0.723,0.084,0.384,-0.566,-0.423,-0.221,-0.987,-0.193,0.127,0.484,-0.131,-0.540
3.973,-8.972,3.645,-7.784,-10.169,-5.176,9.948,1.560,-1.011,-7.623,0.575,-9.409,13.005,-0.132,1.936,1.084,1.613,-3.048,-0.613,-0.769,-1.128,-0.693,1.601,1.439,-0.760,-1.109,0.237,1.222,0.222,0.891,0.155,-0.062,-0.723,-0.701,-0.422,0.593,0.427,0.467,-1.163
5.085,-7.871,3.087,-6.386,-15.686,-6.489,6.052,-1.041,-3.666,-6.743,-0.319,-12.885,10.185,0.438,3.088,1.255,2.140,-2.692,-1.070,-1.646,-2.543,-1.019,1.687,2.290,-0.077,-2.340,0.025,1.543,0.327,1.039,1.094,-0.005,-0.705,-0.166,-0.198,0.353,-0.542,0.569,-1.716
4.722,13.324,11.364,11.606,-13.065,-4.390,-4.275,-3.118,-9.491,8.175,5.403,-3.078,-8.722,-1.290,6.125,1.071,3.113,4.190,-0.547,-2.419,-2.402,-0.479,-0.643,-5.179,-0.156,-7.524,-0.422,-1.138,-0.785,-0.930,1.345,-0.054,0.288,-0.564,0.580,-1.667,-0.497,0.055,0.682
3.223,18.391,10.690,9.846,-9.006,-11.117,-3.304,-4.507,-4.950,-3.507,-11.875,-13.097,-17.156,-1.420,4.192,-0.085,2.344,4.682,-0.916,-2.973,-3.008,0.945,-2.133,-3.669,0.368,-5.459,0.090,-2.770,-1.735,-1.141,0.432,0.394,0.887,-0.024,0.773,-0.484,1.902,0.597,2.641
1.938,20.171,10.657,9.346,2.103,-5.211,-2.474,-13.812,-4.753,-4.150,-8.295,-7.395,-18.558,-1.331,1.121,-0.806,0.888,4.472,-0.311,-1.819,-3.372,0.055,-2.755,-0.078,2.069,-2.478,0.486,-3.282,-2.501,-1.037,-0.650,0.306,1.529,1.158,1.303,0.436,2.738,0.099,3.590
1.300,19.990,8.276,12.242,-0.848,-12.367,-13.746,-17.083,-3.082,-6.002,-3.160,-4.491,-18.833,-0.077,-4.514,-5.724,-0.086,3.550,0.880,1.141,-0.602,2.606,0.295,4.438,2.413,3.469,0.495,-2.362,-1.976,-1.093,-1.375,0.445,2.363,1.468,1.432,0.848,1.927,-0.936,3.229
2.774,2.075,-19.843,7.848,5.623,-7.636,3.882,-7.629,14.336,-4.566,9.491,-9.967,1.320,0.948,-0.666,-2.302,-2.850,-4.216,0.305,2.506,-1.459,1.523,1.764,1.638,-2.603,5.051,0.526,2.338,2.836,-1.309,-0.955,1.055,-2.288,-1.533,-2.663,0.024,-2.013,1.201,-1.850
7.920,14.664,-15.091,-8.615,-6.843,6.434,-5.289,-21.713,3.202,-0.789,1.524,0.111,1.874,3.131,-1.117,-0.018,-6.782,2.112,5.053,-4.743,1.066,-1.595,-0.657,-2.791,2.216,-0.267,-0.227,-2.159,-0.442,0.812,1.851,0.077,0.463,2.314,1.294,-0.458,0.261,-0.975,0.355
12.218,6.308,-7.525,-19.044,-0.468,8.515,-6.994,-16.640,0.362,-5.045,-1.650,-1.075,0.355,1.464,-2.852,-0.132,-4.174,2.817,4.807,-2.302,4.153,1.266,-1.545,-1.541,-0.527,0.552,-0.932,-1.326,-0.506,2.090,0.790,-0.650,1.102,1.401,1.121,0.083,0.708,-1.031,0.771
12.668,3.539,-7.905,-19.051,1.191,13.200,-7.740,-7.993,2.522,-1.305,0.936,-4.490,3.276,0.491,-4.289,0.317,-0.871,2.762,3.157,-0.876,4.200,0.704,-0.263,-0.689,-1.500,1.809,-1.000,-0.455,-0.061,2.086,0.150,-1.217,1.283,-0.224,0.489,0.287,0.382,-0.250,0.645
10.753,0.744,-11.736,-13.971,0.105,16.359,-9.267,-4.702,3.356,-2.432,-1.107,-7.138,6.206,-0.682,-3.488,-0.962,0.802,2.183,2.138,-0.323,2.697,0.748,0.348,-0.677,-0.234,2.539,-0.533,0.247,0.267,1.226,0.188,-1.570,0.917,-1.067,0.076,0.362,0.085,0.498,0.217
9.278,-7.788,-8.017,-11.847,13.297,14.561,-4.864,-5.079,8.374,-2.251,-4.454,-2.791,10.855,-0.612,-1.151,1.472,2.065,2.065,-2.861,1.982,1.206,2.026,-0.201,-0.834,0.408,1.316,0.016,0.666,0.208,0.293,-1.785,-1.218,0.603,0.145,-0.222,-0.756,0.234,-0.139,-0.355
8.866,-8.483,-6.857,-11.087,14.544,10.158,-3.586,-2.593,8.991,-1.921,-3.999,-3.901,12.564,-0.489,-0.576,1.310,2.518,-0.242,-3.930,2.822,1.058,1.626,-1.912,-0.567,0.589,0.824,-0.109,0.479,0.010,0.164,-2.635,-0.725,0.378,0.089,-0.891,-0.825,0.294,-0.231,-0.402
8.410,-9.196,-5.907,-8.041,13.585,7.241,-0.940,-1.259,12.234,-4.580,-6.097,-1.524,13.635,-0.749,-0.570,1.133,1.836,-3.848,-4.628,3.036,1.157,-0.090,-2.887,-0.264,0.233,0.554,-0.186,0.508,0.148,-0.152,-2.660,-0.184,-0.012,-0.157,-1.363,-0.061,0.683,-0.506,-0.472
7.579,-9.538,-5.088,-6.120,6.348,0.670,3.933,-0.431,8.947,-10.648,-5.485,0.000,13.419,-1.037,-0.119,1.536,1.877,-6.670,-4.357,2.864,1.050,-1.956,-2.563,0.382,-0.264,-0.073,-0.151,0.833,0.297,-0.237,-1.821,0.519,-0.543,-0.654,-1.210,1.133,0.830,-0.609,-0.555
6.178,-10.109,-3.236,-5.150,-1.847,-3.834,6.555,-0.376,7.945,-12.325,-5.029,-3.579,13.201,-1.269,1.160,2.097,1.624,-8.020,-3.566,1.900,0.422,-2.997,-0.182,2.105,-1.695,-0.597,-0.038,1.375,0.385,-0.362,-0.326,1.067,-0.957,-1.411,-0.635,1.921,0.485,-0.302,-0.716
4.796,-8.621,-0.511,-3.149,-11.089,-6.087,6.986,2.218,1.355,-10.862,-2.623,-4.192,12.415,-0.983,2.723,2.315,1.441,-7.261,-1.863,0.672,-1.843,-2.972,2.399,2.400,-1.494,-1.375,0.041,1.603,0.519,-0.416,1.238,1.326,-0.956,-1.888,0.394,2.083,-0.318,0.392,-0.959
3.457,-3.856,2.292,-1.410,-17.798,-7.213,7.034,-0.473,1.045,-5.384,2.996,-7.903,11.154,-0.966,4.884,2.670,0.242,-5.184,-0.538,-0.652,-4.452,-2.758,4.238,1.154,-0.662,-2.375,-0.015,1.034,-0.024,-0.201,2.882,1.412,-0.669,-1.093,1.015,1.220,-0.962,0.916,-1.478
4.021,0.949,3.720,-0.784,-21.983,-6.956,7.055,-9.598,-2.463,-2.125,2.505,-5.307,7.566,-0.982,6.032,3.844,0.487,-1.900,0.759,-0.641,-5.954,-0.107,5.642,-0.730,1.181,-3.980,-0.432,-0.102,-0.730,0.465,4.073,1.326,-0.071,1.192,1.306,-0.391,-0.816,0.721,-1.767
-1.623,12.579,2.293,3.109,-1.077,1.642,3.784,-10.497,1.387,8.822,0.490,-3.281,-16.599,-3.460,-0.532,-2.510,4.020,8.607,3.894,1.085,6.518,1.771,-2.913,1.154,1.697,-7.068,0.043,-1.914,-0.808,0.002,-1.081,-0.627,0.274,1.065,0.022,-1.219,0.931,0.043,2.450
-9.084,11.002,3.542,11.806,10.669,6.204,8.725,4.201,4.145,-2.210,-1.310,-1.796,-22.543,-3.169,-1.396,-2.533,2.907,6.039,2.945,0.384,5.844,1.961,-2.315,1.745,0.979,-4.294,1.079,-1.333,-0.387,-0.865,-3.298,-1.726,-0.082,-1.709,-0.511,0.506,0.963,0.177,4.363
-10.654,8.791,1.607,9.648,6.214,8.852,7.156,4.052,4.499,-2.759,2.668,3.511,-22.209,-1.020,-3.040,-1.864,1.322,-0.388,-0.726,0.584,1.106,0.703,-0.433,2.381,1.779,3.683,1.387,-0.407,-0.079,-1.049,-3.377,-2.095,-0.134,-2.267,-0.544,0.888,0.482,-0.143,4.414
-10.584,9.765,3.533,12.406,8.220,8.268,5.900,2.517,11.561,6.628,3.770,2.426,-22.444,1.216,-3.095,-2.866,0.365,-3.336,-2.914,0.228,-2.455,-0.167,1.708,3.671,1.850,8.384,1.060,0.497,0.376,-0.733,-1.921,-1.426,0.030,-0.891,-0.450,-0.407,-0.579,-0.148,2.508
-5.342,0.922,-6.473,13.744,-2.005,-2.429,9.386,-3.983,4.963,3.834,13.452,7.459,7.387,0.979,0.428,-0.214,-0.122,-1.967,-2.722,0.579,2.278,0.006,-4.325,-1.262,0.855,5.753,0.067,2.039,1.308,-0.224,0.797,1.105,-1.029,0.743,-0.619,-0.978,-2.070,-0.548,-2.718
-6.855,4.629,-7.093,9.216,-6.632,-4.048,7.889,3.963,8.368,-3.790,10.832,3.726,6.201,0.915,3.922,2.730,-0.040,-0.074,-0.798,-2.477,1.629,0.282,-3.622,-3.706,0.492,0.331,0.192,1.497,0.314,-0.236,1.010,1.539,-0.753,-0.532,-0.696,0.983,-0.903,-0.410,-2.806
-5.245,8.590,2.498,11.900,0.805,-4.825,8.907,9.861,8.006,-11.981,-3.031,6.591,4.104,1.735,4.282,0.938,-0.712,-1.111,1.188,-3.430,0.110,-3.347,-1.615,-3.527,-0.860,-1.040,-0.109,0.515,-0.970,-0.189,0.808,1.243,0.080,-1.649,-0.086,2.610,0.923,-0.584,-1.985
-0.465,19.261,-11.369,6.114,3.478,1.808,6.903,-2.338,7.974,6.661,4.688,2.875,-2.963,-0.535,0.711,-0.713,-1.069,2.461,0.592,2.058,-1.950,1.841,3.313,0.804,-1.248,-3.331,-0.016,-1.839,1.123,-0.010,-0.202,-0.560,0.149,0.613,0.226,-1.828,-0.486,0.021,0.623
-5.948,21.062,-4.882,10.566,4.879,1.610,5.306,-10.564,7.366,7.600,3.860,0.873,-6.995,-0.031,-0.899,1.956,-1.121,1.611,-0.196,0.875,-1.227,1.781,-0.691,-1.037,-0.774,-1.666,1.005,-2.186,0.618,-0.286,-0.790,-0.222,-0.841,1.296,-0.345,-2.370,-1.222,0.084,1.562
-0.832,15.678,-2.182,4.373,1.753,-1.459,2.703,-7.371,2.538,3.719,2.381,0.630,-6.715,1.781,-3.380,1.476,-0.664,-0.024,0.413,-0.774,-0.584,-1.174,-3.032,-1.746,-0.903,0.470,1.069,-1.876,-0.483,-0.385,-1.060,0.165,-1.188,1.000,-0.223,-1.223,-1.186,0.048,1.908
0.656,15.055,-1.220,4.986,-0.174,5.043,4.673,-3.618,3.497,-4.140,-2.584,-0.927,-3.698,3.826,-5.843,-0.833,-2.303,-1.190,1.029,-2.416,1.768,0.344,-3.299,-2.945,-1.248,2.884,0.488,-1.261,-1.022,-0.437,-0.867,0.069,-0.706,0.675,0.066,0.033,-0.707,0.093,1.453
8.815,-6.276,-7.856,-4.383,-3.961,2.614,-2.599,-0.895,7.350,-2.985,-15.143,-1.358,8.504,0.442,-3.472,-0.050,-1.861,-2.056,0.229,0.187,2.030,0.525,-2.731,-1.880,0.249,3.031,-0.879,1.390,0.637,0.614,0.496,-0.434,1.236,-0.539,-0.563,-0.712,1.792,0.097,-1.012
8.106,-8.102,-7.952,-2.213,-5.324,4.580,-1.974,-2.137,5.853,-10.430,-12.222,-2.483,10.250,-0.673,-1.730,0.141,-0.635,-0.119,-1.095,2.333,-0.218,-0.704,-3.782,0.845,0.491,1.156,-0.435,1.067,0.623,0.603,0.739,-0.312,0.813,-0.576,-0.430,-0.210,1.659,-0.158,-1.106
8.393,-9.444,-5.706,-3.394,-3.303,3.485,1.724,1.966,7.905,-13.926,-8.743,-0.599,10.371,-0.248,-1.280,0.603,-0.236,0.092,-0.839,1.814,-0.495,-0.618,-3.816,2.684,-0.722,0.226,-0.037,0.324,0.439,0.326,0.661,-0.326,-0.036,-0.763,-0.484,0.637,0.837,-0.269,-0.825
7.043,-10.061,-7.595,-5.225,-4.063,-0.963,2.404,-3.564,4.543,-19.155,-8.239,-2.608,10.045,0.028,-1.558,1.238,-0.236,0.606,-1.073,1.328,-0.535,-0.774,-1.803,2.653,-0.679,-0.259,0.075,0.059,0.362,0.077,0.551,0.035,-0.548,-0.205,-0.375,1.410,-0.172,0.300,-0.330
8.107,-11.698,-5.017,-4.057,-4.133,1.193,4.283,-2.659,4.917,-17.700,-3.716,-4.905,9.738,-0.094,-1.939,1.596,-0.432,0.884,-1.412,0.512,-1.627,-1.859,-0.536,1.399,-0.512,-0.386,-0.149,0.329,0.074,0.115,0.673,0.113,-0.559,-0.094,-0.231,1.549,-0.481,0.963,-0.059
8.386,-14.766,-2.106,-3.062,-1.880,0.362,3.385,-2.498,3.477,-17.557,-1.471,-3.727,9.272,-0.373,-1.106,1.457,-0.151,2.238,-0.632,0.243,-0.678,-1.959,1.630,0.626,1.884,-0.189,-0.242,0.650,-0.165,0.293,0.548,0.301,-0.547,0.013,0.324,1.273,-0.168,1.053,0.096
7.253,-16.784,-0.471,-6.637,0.027,-4.241,3.792,-6.700,-0.858,-17.404,-5.131,-2.599,8.827,-0.794,0.140,0.866,0.296,2.640,-0.496,-0.439,-0.895,-1.182,2.211,1.291,2.813,-0.103,-0.150,0.626,-0.257,0.523,0.158,0.321,-0.658,0.173,0.910,0.840,0.278,0.491,0.089
5.607,-13.048,-2.584,-4.691,5.048,-1.405,3.867,-4.936,-2.366,-11.152,-4.401,5.661,9.552,-0.832,0.653,0.780,0.862,2.466,-0.028,-0.931,-0.838,0.505,3.190,1.865,2.925,0.077,-0.026,0.112,-0.217,0.400,-0.483,-0.026,-0.803,-0.012,0.915,0.038,0.165,-0.606,0.011
5.529,-11.856,-0.448,-1.759,5.602,-0.405,1.846,-5.914,1.927,-9.849,4.205,4.466,9.086,-0.614,0.311,0.651,1.674,1.560,-0.108,-2.190,-0.680,1.459,2.883,2.170,1.422,-0.076,0.062,-0.198,-0.319,0.195,-0.642,-0.142,-0.532,0.229,0.452,-0.247,-0.536,-0.883,0.018
5.088,-13.966,1.784,-1.191,7.661,-1.698,-0.299,-7.082,4.610,-5.383,3.185,7.366,9.528,-0.594,-0.630,0.478,1.162,0.361,-0.958,-2.898,-0.847,1.296,1.485,1.010,-0.451,-0.149,0.085,-0.124,-0.511,-0.023,-0.681,-0.012,-0.197,0.490,-0.120,-0.389,-0.912,-0.649,0.024
4.441,-14.769,0.599,-0.018,6.519,-4.633,-5.073,-9.028,2.949,-5.876,1.925,3.658,8.461,-0.603,-0.209,-0.580,1.122,0.484,-0.741,-2.115,0.256,0.681,1.830,-0.959,0.088,0.099,0.168,0.177,-0.572,-0.194,-0.425,0.329,0.239,0.637,-0.200,-0.119,-0.859,0.020,-0.022
3.179,-14.740,-0.717,0.246,6.395,-4.080,-7.164,-7.615,3.604,-5.712,1.787,3.812,9.120,-0.414,0.294,-1.157,1.023,-0.402,0.226,-1.955,1.145,0.293,1.770,-1.133,0.348,0.111,0.295,0.434,-0.413,-0.099,-0.285,0.651,0.213,0.513,0.102,-0.027,-0.364,0.209,-0.214
3.467,-12.517,-2.097,3.134,8.656,-2.921,-5.296,-4.367,5.835,-0.534,0.109,6.683,9.786,0.134,0.734,-1.394,0.772,-0.185,0.945,-1.466,1.509,0.962,2.147,-1.055,1.123,-0.318,0.176,0.178,-0.165,-0.297,-0.473,0.549,-0.260,-0.073,0.111,-0.479,0.171,-0.287,-0.249
3.507,-13.620,-2.654,2.349,4.581,-1.423,-9.963,-3.685,4.632,0.798,-1.570,7.596,9.420,0.510,1.066,-1.182,0.840,-0.729,1.456,-2.156,1.092,1.665,1.192,-0.760,0.079,-1.009,-0.244,0.072,-0.170,-0.357,-0.205,0.355,-0.031,-0.268,0.297,-0.469,0.451,-0.544,-0.588
4.947,-11.658,-5.403,2.792,6.500,-1.239,-11.005,-3.449,7.245,1.606,-1.671,7.383,6.722,-0.187,0.294,-1.392,-0.273,-1.716,1.391,-3.314,-0.082,0.551,-0.275,-0.293,-1.211,-0.586,-0.910,0.358,0.086,0.030,-0.038,0.173,0.689,-0.057,0.141,-0.281,0.601,-0.627,-1.214
4.990,-9.841,-4.975,4.619,3.829,2.357,-15.091,-2.613,11.224,-0.823,-1.123,3.858,5.605,-1.472,0.872,-2.008,-0.240,-0.662,1.780,-1.188,0.602,1.984,0.637,0.742,-1.205,-2.694,-0.847,0.886,0.613,0.458,0.373,0.173,1.088,0.192,-0.382,-0.077,0.361,-0.199,-1.471
-8.551,0.842,-4.927,11.309,4.223,5.275,-5.200,2.463,12.617,3.626,2.723,0.466,-15.670,0.789,5.326,2.553,2.299,-2.168,1.183,2.282,1.677,-1.631,-0.690,-0.868,0.375,-4.597,1.201,-0.085,0.146,-0.358,-0.871,-1.187,0.802,-0.265,-1.164,-0.285,-0.542,0.955,1.354
-0.357,4.935,0.858,10.582,4.353,11.763,-17.742,-0.119,3.955,-2.385,-1.771,0.681,-11.612,2.063,4.204,1.640,0.951,-5.015,-2.023,3.200,0.869,-4.296,-1.835,-1.966,1.475,-1.283,-0.215,-1.061,-0.539,-0.271,0.278,-1.101,1.048,-0.480,0.085,0.753,0.083,0.607,0.991
4.776,6.917,-1.283,7.951,-10.416,5.071,-4.900,3.262,2.926,-0.693,-3.988,6.039,-10.953,0.494,2.263,0.089,0.330,-2.013,-2.180,4.344,0.349,-2.526,0.590,-0.377,2.248,-1.079,-1.442,-1.420,-0.453,-0.028,2.208,0.138,0.071,-0.588,0.846,1.124,0.688,-0.321,0.228
1.380,9.365,-5.072,8.661,-13.457,-4.226,4.096,4.207,-1.107,-1.683,-4.384,8.602,-13.845,-3.030,0.559,-0.002,1.889,1.794,-1.630,5.087,-0.460,0.153,3.287,0.468,1.261,-2.690,-1.257,-1.006,0.121,0.057,2.353,1.414,-0.831,-0.467,1.278,0.664,1.052,-0.619,-0.249
-6.949,9.940,-1.519,13.921,3.063,2.370,5.603,2.048,2.516,6.226,2.146,7.748,-19.949,-3.873,0.048,1.109,1.689,5.468,1.678,1.693,-0.598,0.376,2.367,1.353,-1.124,-2.755,-0.045,-0.499,0.212,-0.346,0.334,0.921,-1.300,-0.060,0.706,-0.641,0.828,-0.396,0.258
-9.643,6.218,0.967,17.042,6.583,4.964,2.440,-1.812,4.923,10.592,-2.499,6.130,-20.565,-2.038,0.282,1.737,0.557,3.009,3.117,0.369,-0.995,0.642,0.597,2.431,0.064,-1.689,1.011,-0.192,-0.045,-0.816,-1.264,0.016,-0.949,0.358,0.078,-1.363,0.252,-0.129,0.802
-9.078,8.729,1.242,12.203,6.904,8.865,4.391,3.285,1.788,5.007,1.836,1.654,-21.368,-0.227,-0.095,0.279,-0.732,-0.953,0.053,0.204,0.318,0.759,-1.268,2.782,0.868,-0.291,0.924,-0.236,-0.262,-0.381,-1.427,-0.963,-0.162,0.427,-0.152,-0.922,-0.700,0.025,0.781
-7.747,11.379,2.231,12.306,-0.332,8.110,6.546,-1.386,2.465,1.913,7.926,11.969,-21.578,0.205,-0.328,0.188,-0.978,-1.315,-0.740,1.085,0.870,0.353,-1.708,1.014,-0.380,0.086,0.650,-0.342,-0.376,-0.243,-0.233,-1.013,-0.249,0.200,-0.493,-0.341,-1.110,-0.587,0.743
-9.032,6.883,-0.755,12.628,1.755,1.063,4.571,3.422,7.539,4.227,10.841,9.170,-20.899,-0.373,-0.829,0.576,0.552,0.495,-1.208,0.523,0.607,-0.238,-1.089,-1.440,-0.775,0.262,0.646,-0.241,-0.072,-0.377,0.323,-0.370,-0.540,-0.524,-1.000,0.198,-0.532,-0.537,0.719
-8.641,5.504,2.906,11.938,2.585,5.163,7.775,2.470,3.811,2.440,-1.931,0.472,-20.369,1.284,-1.059,-0.290,-1.298,1.122,-1.317,-1.037,-0.139,-1.327,-1.198,-1.007,-2.051,1.751,0.503,-0.287,-0.037,-0.604,-0.217,-0.467,-0.739,-0.409,-0.846,0.390,0.743,0.197,0.581
-10.498,7.524,3.783,15.147,7.920,4.296,6.390,4.392,-0.074,-0.704,-0.435,3.526,-20.666,2.463,-0.935,0.159,-2.456,-0.556,-1.506,-1.433,-1.796,-3.401,-0.532,1.132,-0.983,2.471,0.196,-0.213,0.059,-0.583,-0.784,-0.285,-0.385,-0.041,-0.280,0.201,0.978,0.447,0.275
-0.596,5.763,-1.490,4.556,2.196,-0.094,0.450,-2.565,-0.364,-1.612,8.529,4.536,-12.938,1.303,-1.708,0.209,-2.495,-1.875,-2.928,-1.633,0.025,-2.293,-0.036,3.442,0.710,1.886,-0.472,0.207,0.081,0.282,-0.626,0.027,0.152,0.291,0.075,-0.126,-0.094,0.770,-0.265
-7.003,-0.317,4.724,5.016,-2.415,-5.410,2.270,6.314,-4.003,0.112,9.425,4.672,-15.139,-0.144,0.292,-0.120,-0.233,-1.322,-1.021,-0.440,0.257,-2.077,-1.762,-1.523,1.266,0.876,-0.463,0.691,-0.719,0.576,0.644,1.427,0.563,0.107,0.733,-0.085,-0.833,0.081,-0.321
-4.301,2.714,3.794,6.107,0.589,-2.191,-0.038,1.550,-4.022,-4.889,5.254,3.864,-11.717,-0.519,0.802,-2.069,-0.536,-0.583,0.693,-0.882,0.352,0.548,-1.235,-0.372,2.658,0.731,-0.459,0.321,-0.569,0.295,0.787,1.423,0.844,0.316,0.444,0.340,-0.109,-0.519,-0.355
0.464,6.902,-2.868,2.357,-5.127,-6.021,-1.196,-3.577,-12.429,-6.182,3.920,10.046,-8.826,-0.453,0.559,-2.039,-0.230,0.670,2.947,1.072,0.546,0.518,-0.174,0.076,-0.172,0.701,-0.407,-0.197,-0.017,-0.037,0.773,1.131,0.892,0.439,0.413,0.492,0.159,-1.520,-0.331
-7.071,2.480,-4.309,2.685,-2.393,-0.065,-1.609,3.667,-0.425,0.564,12.162,12.826,-11.761,-1.543,-0.099,-1.261,-0.289,1.011,3.300,2.360,1.754,-0.233,0.242,-0.116,-1.797,-0.118,-0.047,-0.105,0.389,-0.055,0.570,0.332,0.749,0.218,-0.405,0.234,-0.400,-1.577,-0.244
-7.884,2.596,-1.418,5.574,2.428,8.263,8.418,7.987,-3.209,-3.485,6.349,-0.672,-11.614,-1.668,-0.243,-0.610,-0.543,1.745,3.332,2.399,1.753,0.378,-0.042,-0.858,-4.106,-0.352,0.277,0.001,0.239,0.061,0.195,-0.581,-0.212,-0.354,-0.388,0.242,-0.138,-0.100,-0.126
-7.840,4.374,-3.233,3.053,1.864,7.166,6.953,4.541,-9.798,-5.029,3.460,0.236,-10.915,-0.145,0.680,-0.838,-0.656,1.728,2.163,2.197,0.840,-1.405,-0.131,-1.907,-3.260,0.037,0.573,0.004,0.248,0.321,-0.025,-0.872,-0.534,-0.606,0.053,0.029,0.234,0.716,0.067
-7.492,4.741,-6.457,-0.540,1.470,7.020,6.519,4.751,-5.855,-3.596,3.981,-4.190,-11.010,0.234,0.177,-1.055,0.260,1.289,0.611,0.094,-0.764,-0.836,1.221,0.282,0.057,-0.009,0.498,-0.097,0.378,0.478,-0.372,-0.890,-0.492,-0.505,0.074,-0.172,0.435,1.316,0.108
-7.991,4.808,-5.978,2.461,6.729,11.372,10.325,9.483,-6.129,-0.037,3.813,-1.713,-11.878,0.371,-0.290,0.203,0.916,1.115,0.298,0.844,-0.015,0.640,-0.246,0.483,-0.297,0.047,0.196,-0.050,0.450,0.247,-0.635,-0.837,-0.435,-0.316,0.202,-0.378,0.169,0.723,0.004
-6.640,3.265,-5.321,7.169,6.438,9.215,7.200,1.694,-9.226,0.123,7.584,0.585,-11.180,0.565,-0.243,0.758,1.060,0.190,-0.186,0.617,-0.346,-0.275,-0.846,0.122,0.992,0.182,0.014,0.192,0.231,-0.327,-0.626,-0.399,-0.008,0.338,0.209,-0.314,-0.379,0.129,-0.093
-6.411,3.663,-2.787,3.780,4.957,7.560,10.833,5.995,-4.911,-8.118,4.074,-3.638,-10.592,0.672,0.639,0.505,0.176,-0.899,-1.623,-0.238,-0.948,-0.677,-0.985,-0.981,-0.112,-0.040,-0.132,0.201,-0.150,-0.431,-0.378,-0.041,0.104,0.442,0.004,0.229,-0.270,0.319,-0.155
-5.459,4.098,-4.261,4.102,3.306,7.997,9.349,4.765,-7.840,-3.783,4.462,1.735,-10.742,0.152,0.672,-0.051,-1.004,-0.836,-0.424,0.592,1.391,0.865,0.021,-0.881,0.611,-0.430,-0.212,0.082,-0.141,-0.315,0.123,0.384,0.431,0.502,0.208,0.060,0.046,0.101,-0.146
-5.221,7.585,-3.981,4.876,3.798,3.867,8.061,3.208,-10.205,-3.010,0.467,-2.847,-12.297,-0.083,0.260,-0.140,-0.208,-0.260,0.211,1.374,1.325,0.089,0.465,-0.365,1.487,-0.423,-0.124,-0.116,-0.037,-0.004,0.483,0.628,0.290,0.103,0.234,-0.156,0.780,0.049,-0.002
-6.474,4.663,-4.980,1.603,2.838,8.941,11.549,10.041,-2.253,-2.327,4.981,3.243,-12.478,-0.120,0.356,0.377,-0.321,0.486,0.816,1.968,1.026,0.380,-1.273,0.043,0.696,-0.356,0.049,0.025,0.087,0.418,0.514,0.149,-0.320,-0.850,-0.333,-0.043,0.741,-0.511,0.072
-6.316,4.682,-3.129,3.989,3.891,8.144,16.605,9.981,-7.258,-6.523,1.991,3.045,-11.840,0.188,0.217,0.106,-0.187,0.854,0.900,0.523,-0.251,0.737,-1.117,2.454,0.088,-0.086,0.098,0.110,0.060,0.511,0.104,-0.314,-0.603,-0.925,-0.211,0.462,0.436,-0.552,0.048
-5.510,7.330,-2.803,2.941,5.688,9.937,14.918,6.506,-7.411,-8.391,3.913,2.271,-12.751,0.264,0.821,0.259,1.073,1.177,-0.024,-0.581,-2.071,-1.122,0.599,1.416,-1.247,-0.239,0.040,-0.024,0.022,0.668,-0.394,-0.666,-0.299,-0.506,-0.232,0.900,-0.181,-0.054,0.051
-4.766,7.335,-4.538,3.273,6.646,7.869,8.990,3.721,-3.941,-5.561,13.271,-1.921,-12.589,0.213,0.578,0.219,1.651,-0.087,-0.941,-0.368,-1.752,-0.213,1.838,1.127,-0.299,-0.243,-0.050,-0.111,0.120,0.465,-0.645,-0.595,0.396,0.161,-0.154,0.460,-0.929,0.432,0.041
-5.930,7.439,-2.978,7.327,7.347,8.958,12.452,2.817,-9.523,0.185,6.422,-0.507,-13.299,0.067,0.055,0.430,2.099,-1.015,-1.596,0.917,-0.754,-0.304,1.749,-0.199,0.619,-0.025,-0.064,-0.209,0.113,0.109,-0.610,-0.288,0.680,0.557,0.114,-0.121,-0.812,0.674,0.076
