-3.933,6.159,1.999,11.055,4.601,7.113,5.063,6.781,7.936,4.683,-2.084,-3.599,-25.770,-0.206,0.543,0.694,0.907,0.514,0.008,-0.044,-0.393,-0.773,-0.016,0.524,1.002,-0.014,0.070,-0.065,-0.106,-0.068,0.143,0.058,-0.079,-0.225,-0.055,0.173,0.602,-0.209,0.034
-4.352,6.966,3.787,14.207,6.028,7.631,6.254,5.416,2.485,3.725,-1.557,3.668,-26.346,-0.038,0.573,0.392,1.038,1.111,0.219,-0.264,-1.863,-1.000,0.091,2.041,0.905,0.056,0.105,-0.241,-0.246,-0.216,0.089,0.078,0.159,0.042,0.055,0.363,0.481,-0.498,0.066
-4.754,8.469,4.576,14.016,6.454,6.893,4.247,5.496,6.795,5.085,0.272,-2.224,-25.553,0.059,0.200,0.316,0.502,0.932,0.191,-0.329,-0.782,-0.932,0.794,2.776,0.007,0.120,0.089,-0.378,-0.248,-0.400,-0.098,-0.088,0.387,0.343,0.141,0.243,0.027,-0.126,0.027
-3.712,7.871,2.671,14.767,9.230,8.319,4.154,-1.892,3.507,4.937,6.943,0.236,-25.596,0.185,-0.491,-0.348,0.030,0.748,0.306,0.896,0.012,-0.417,1.394,1.801,-0.992,0.247,0.046,-0.258,-0.074,-0.373,-0.410,-0.294,0.210,0.857,0.576,-0.111,-0.937,0.200,-0.032
-3.962,6.706,4.137,13.286,7.658,7.723,4.469,6.523,2.763,8.048,7.547,-1.848,-25.544,0.125,-0.813,-0.178,-0.589,0.203,-0.476,1.309,0.384,-0.358,0.547,0.780,1.321,0.025,0.022,-0.021,-0.077,-0.102,-0.456,-0.192,-0.252,0.367,0.651,-0.613,-0.950,0.578,-0.072
-3.822,5.394,2.263,14.720,9.164,8.748,10.620,4.965,2.416,9.214,3.811,-1.481,-25.115,0.158,-0.211,0.267,-0.281,-0.575,-0.919,-0.031,1.841,1.591,-0.341,-1.643,1.247,-0.055,-0.031,0.197,-0.079,-0.004,-0.335,0.088,-0.605,0.029,0.284,-0.732,-0.330,0.467,-0.061
-4.072,5.643,3.890,11.095,7.501,4.298,7.561,3.986,5.551,5.678,5.737,5.242,-25.668,0.180,-0.045,-0.376,0.147,-0.688,-0.159,-1.126,0.140,1.319,-1.403,-0.250,1.776,-0.090,-0.009,0.199,-0.300,0.032,-0.075,0.549,-0.087,-0.086,-0.098,-0.222,0.067,-0.249,0.040
-2.864,7.347,4.131,14.460,6.433,5.435,2.452,8.579,10.070,4.416,-0.368,2.930,-25.812,0.003,0.109,-0.645,-0.361,-0.481,0.589,-0.913,0.278,0.166,-1.293,0.665,1.118,-0.002,-0.001,-0.030,-0.385,-0.326,0.064,0.591,0.717,-0.564,-0.743,0.465,0.510,-0.453,0.129
-3.539,5.506,1.323,14.153,5.584,8.587,2.922,5.418,5.532,3.434,8.389,4.828,-25.644,0.160,0.020,-1.221,-0.391,-0.220,1.514,1.317,0.735,-0.135,-0.087,-0.039,0.143,0.197,-0.017,-0.012,-0.098,-0.287,0.039,0.167,0.806,-0.563,-0.815,0.634,-0.146,-0.787,0.244
-4.075,6.006,0.321,11.387,7.721,9.551,8.376,5.636,3.255,3.869,5.808,4.314,-25.137,0.166,-0.391,-1.236,-1.639,-0.490,1.200,2.334,-1.277,-1.396,1.324,0.799,-0.199,0.447,-0.451,-0.037,0.484,-0.288,0.372,-0.634,0.200,-0.691,-0.471,0.282,-0.406,-0.561,0.609
-2.667,6.412,-0.312,10.676,5.756,9.808,11.185,9.134,8.281,5.515,2.456,5.266,-25.022,0.016,0.145,-0.570,-0.649,-0.489,0.370,1.283,-1.900,-1.972,0.459,-1.048,-1.499,0.905,-0.995,0.051,0.874,-0.433,0.746,-1.227,-0.364,-0.356,0.037,-0.200,-0.119,-0.136,0.871
-2.472,4.939,-1.234,8.002,3.896,10.825,9.989,0.336,1.717,9.994,6.594,1.716,-23.887,-2.181,-0.137,1.449,-1.673,1.513,-2.009,0.106,-1.861,-1.269,-0.159,-0.860,-0.864,2.688,-0.786,0.018,0.347,-0.121,0.393,-1.163,-0.559,0.336,0.742,-0.359,0.070,0.215,0.565
-4.260,6.764,-0.748,12.600,5.054,9.800,8.532,-1.430,-3.561,2.669,2.757,-1.369,-21.744,-3.640,0.149,1.805,-2.539,2.508,-3.015,0.609,-0.751,-0.014,-0.348,0.198,-0.204,3.434,0.123,-0.325,-0.498,-0.102,-0.484,-0.367,-0.466,0.575,0.922,0.068,0.472,0.620,-0.219
-14.183,5.145,7.783,2.059,15.638,-0.492,10.235,1.613,2.831,4.496,1.359,3.309,-13.335,-1.935,-0.304,-0.690,-1.298,-0.024,-2.924,-0.126,-0.171,1.337,-0.069,0.528,0.228,2.009,1.345,-0.522,-1.391,0.560,-1.372,0.877,-0.118,0.413,0.433,0.108,0.284,0.202,-1.178
-15.011,7.054,4.206,0.951,12.426,0.391,14.109,4.742,7.655,6.524,6.064,3.450,-13.129,0.508,-1.397,-1.988,-1.347,-2.139,-1.006,-0.930,0.129,1.333,0.755,0.619,1.057,0.151,1.502,-0.590,-0.998,0.768,-0.895,1.242,-0.115,0.005,-0.086,0.244,0.026,0.055,-1.248
-6.771,3.271,-7.161,7.336,0.090,0.907,6.570,-3.606,2.796,7.723,7.578,0.445,-18.151,2.469,-1.974,-3.612,0.530,-3.024,1.371,0.286,-0.238,0.221,-0.172,0.350,-0.483,-1.562,0.369,-0.160,0.097,0.391,0.441,0.707,0.094,-0.006,0.049,0.452,-0.023,-0.110,-0.378
-5.425,0.717,-3.218,3.226,2.132,4.069,5.717,1.822,3.123,4.833,2.744,5.345,-18.580,1.668,-1.966,-1.723,0.386,-0.468,1.047,-0.171,-0.690,0.116,0.921,0.418,0.425,-1.019,-0.551,0.301,0.685,0.201,0.846,-0.514,-0.003,-0.024,0.289,0.683,0.295,-0.324,0.392
-6.631,-1.556,-6.562,3.573,5.665,4.526,15.863,1.885,6.201,4.484,4.771,-0.053,-18.420,-0.670,-0.819,-0.339,-0.212,1.346,-0.418,-0.036,0.207,2.192,2.107,0.511,-0.008,0.706,-0.706,0.594,1.082,-0.187,0.764,-1.024,-0.454,0.039,0.171,0.464,0.209,-0.010,0.784
-6.743,-0.364,-4.707,4.764,7.299,3.814,8.609,-1.454,6.531,12.749,9.560,5.826,-18.092,-0.676,-0.469,-0.200,0.029,-0.094,-2.684,-0.785,-0.215,1.793,3.031,2.013,-0.801,0.979,-0.209,0.698,0.983,-0.514,0.105,-0.684,0.026,0.522,-0.299,-1.048,-0.606,-0.295,0.899
-9.462,-0.282,-8.110,5.509,4.236,-1.054,4.943,-0.933,12.050,14.298,6.725,0.168,-14.867,0.110,0.247,1.038,-0.228,0.612,-1.881,-1.675,-0.281,0.236,1.096,0.597,0.081,1.358,0.257,0.350,0.931,-0.684,-0.190,0.317,0.490,0.452,-0.859,-1.984,-1.176,0.146,0.644
-7.390,-2.266,-3.443,2.401,2.375,-6.561,7.251,2.156,9.162,15.083,11.832,1.231,-15.461,0.234,0.989,2.503,-2.175,0.424,-1.641,0.781,2.166,-0.404,-3.813,-2.657,-1.095,3.150,-0.073,-0.208,0.595,-0.798,-0.391,1.056,0.567,0.326,-0.268,-1.801,-1.080,0.348,0.466
-5.756,0.631,-2.006,3.617,11.184,0.309,8.166,-1.327,6.066,8.795,6.620,2.649,-12.949,0.160,0.201,2.963,-2.530,0.136,0.644,1.632,1.275,-1.005,-4.392,-3.033,0.870,2.842,-0.367,-0.861,0.002,-0.284,-0.683,0.738,0.167,0.134,0.561,-0.342,0.355,0.420,-0.002
-7.428,4.124,4.757,-5.165,5.945,-5.069,10.901,9.575,7.505,-3.565,-3.670,-0.888,-3.302,-1.068,-1.488,1.812,-2.810,-1.810,1.336,0.396,0.635,1.072,-3.230,-1.573,0.546,2.568,-0.248,-0.875,-0.569,0.851,-0.158,0.330,-0.576,-0.151,0.410,1.176,1.402,0.501,-0.609
-8.641,-2.472,2.607,-3.357,3.133,1.418,11.278,1.736,7.856,1.663,-0.690,5.575,-6.736,-1.075,-2.819,1.394,-1.330,-1.688,0.323,-0.650,1.155,2.304,-0.907,1.831,1.359,1.637,0.108,0.042,-0.741,1.312,0.591,-0.315,-0.273,0.458,-0.459,1.261,0.811,-0.299,-0.539
-11.285,-8.152,3.312,-8.161,-2.652,-0.436,7.674,3.801,13.626,2.500,7.621,2.499,-5.728,-0.389,-1.875,0.445,1.481,0.545,0.168,-0.958,1.470,-0.010,0.325,1.923,1.168,0.710,0.480,0.672,-0.693,1.302,1.177,-0.400,0.347,0.310,-1.741,0.682,-0.311,-0.537,-0.507
-9.203,-7.325,5.685,-1.535,7.043,-0.395,6.531,7.335,14.525,1.227,10.131,7.749,-3.551,0.362,0.603,-0.061,1.887,1.915,-0.350,0.946,3.150,-2.757,0.134,-0.726,-0.935,1.077,0.394,0.453,-0.732,0.265,0.331,-0.352,0.640,-0.260,-1.626,0.134,-0.982,-0.615,-0.421
-9.092,-2.825,5.445,1.327,6.716,-3.323,8.482,14.123,4.121,-1.723,0.534,3.866,-1.344,0.613,0.159,-0.925,2.093,2.274,-0.329,1.335,1.187,-5.104,-0.339,-1.852,-0.990,0.315,0.175,-0.211,-0.414,-0.657,-0.645,-0.309,-0.041,-1.084,-0.133,-0.163,-0.555,-0.016,-0.389
-7.929,-2.120,1.238,1.335,8.027,1.113,15.602,12.325,-1.176,4.445,-0.775,0.218,-3.540,0.392,-1.571,-1.579,-0.312,-0.897,-1.188,1.406,-0.006,-3.280,0.092,-1.192,-0.636,-0.271,0.004,-0.455,0.098,-0.668,-0.940,-0.367,-1.087,-1.102,1.230,-0.114,0.201,0.864,-0.344
-8.857,-9.960,0.913,0.868,8.226,-2.834,9.812,7.239,-4.046,-0.801,3.815,1.314,-4.157,0.473,-1.845,-0.867,-0.703,-1.276,-0.959,-1.392,-2.372,-0.415,-0.469,-0.619,0.938,-0.562,0.002,0.253,0.363,-0.389,-0.663,-0.044,-0.952,-0.018,1.686,-0.082,0.443,0.798,-0.084
-7.364,-11.611,0.058,-2.863,1.804,-6.581,12.898,10.749,2.208,1.227,2.530,5.844,-3.501,0.453,-0.669,0.400,-0.053,-1.011,-1.870,-3.125,-0.578,1.050,-0.368,-0.335,2.424,-0.207,-0.067,0.782,0.442,0.275,0.180,0.384,-0.484,0.680,0.642,-0.427,0.435,0.328,0.017
-7.009,-7.304,1.699,-0.089,3.448,-4.271,2.875,3.052,0.355,-2.462,-4.215,5.743,-4.172,0.592,0.972,-0.099,0.020,-0.985,-0.210,-1.162,1.383,1.160,-0.519,-0.066,1.469,-0.135,-0.197,0.517,0.001,0.119,0.274,0.479,0.547,1.041,-0.099,-0.323,0.538,-0.294,0.006
-6.587,-6.794,2.846,1.551,5.359,-7.518,3.448,11.528,1.876,3.435,1.567,10.122,-4.568,-0.003,0.928,0.245,0.703,-0.142,0.359,-1.131,1.515,-0.856,-2.017,0.705,0.738,-0.398,-0.270,-0.036,-0.353,-0.181,0.148,0.636,0.824,0.066,-0.246,0.057,0.423,-0.768,-0.096
-6.286,-7.508,-0.979,-1.237,1.522,-3.416,8.729,13.765,1.923,-4.503,3.966,6.519,-4.301,-0.286,-0.060,-0.786,-0.488,-0.341,0.322,0.348,1.787,0.046,-1.261,1.553,0.309,-0.435,-0.214,-0.342,-0.168,-0.118,0.094,0.012,0.210,-0.655,-0.150,0.694,0.008,-0.487,-0.106
-7.741,-6.867,2.624,1.224,2.060,-5.214,4.318,12.968,-2.858,-7.836,1.964,9.148,-5.425,-0.457,-0.333,-1.020,-0.704,-0.593,1.044,0.242,-0.452,0.376,0.285,0.973,-0.834,-0.536,0.139,-0.153,-0.084,-0.044,-0.059,-0.340,0.065,-0.821,0.102,1.274,-0.437,-0.264,0.002
-7.861,-7.566,-2.122,-2.365,3.393,-3.816,4.178,11.265,2.951,-3.129,3.349,7.775,-5.921,-0.249,-0.106,-0.307,0.132,-0.291,-0.491,-0.796,-0.906,-0.207,1.800,-0.162,-0.182,-0.594,0.332,0.167,0.355,0.332,-0.050,-0.593,-0.185,-0.531,-0.240,0.517,-0.536,0.081,0.063
-8.087,-8.433,-1.684,-1.405,1.458,-2.097,6.931,10.518,3.241,4.176,6.739,5.322,-6.438,0.672,0.187,-0.414,0.170,-0.462,-0.936,-0.235,-1.244,-0.219,2.822,-0.622,-0.338,-0.311,0.302,0.241,0.552,0.274,0.034,-0.636,-0.170,0.098,-0.026,-0.526,-0.409,0.240,0.115
-7.358,-7.254,-0.358,0.739,0.369,-7.429,3.444,10.460,-2.162,-1.506,0.768,7.521,-6.765,0.808,0.515,0.684,0.734,-0.657,-1.651,-0.339,-0.470,-0.856,0.056,-0.327,0.468,-0.234,0.113,0.074,0.386,-0.036,-0.024,0.122,0.376,0.416,0.571,-0.829,0.131,0.010,0.109
-4.631,-6.090,-0.329,0.525,1.259,-8.088,3.509,7.152,-1.394,5.462,0.144,7.585,-6.557,0.522,0.563,1.243,0.363,-0.242,-1.558,-0.837,-0.178,0.570,-1.470,-0.992,0.040,-0.139,-0.113,-0.053,0.101,-0.219,0.036,0.456,0.421,0.570,0.479,-0.780,0.437,-0.078,0.024
-5.546,-6.165,0.621,0.338,0.209,-9.076,4.194,10.597,0.986,-3.493,5.010,8.983,-7.030,0.392,0.075,0.796,-0.146,-0.520,0.429,1.383,0.642,2.253,-0.200,0.678,-0.321,-0.133,-0.058,-0.071,-0.354,-0.132,0.136,0.443,0.284,0.188,0.132,0.125,0.355,-0.182,-0.036
-6.383,-6.164,4.043,0.609,0.326,-9.062,2.372,9.561,4.514,-2.182,-0.341,4.791,-7.000,0.316,0.140,0.036,-0.483,-0.352,0.304,1.008,1.050,0.621,-0.951,1.059,-0.334,-0.241,0.007,-0.020,-0.534,0.225,0.317,0.145,-0.083,-0.041,-0.496,0.292,0.496,-0.055,-0.077
-4.523,-6.843,1.437,-0.035,-1.766,-4.795,10.928,12.466,6.151,1.317,4.398,7.315,-7.209,0.620,0.371,-0.480,0.499,0.078,-0.366,0.158,-0.141,-0.220,0.419,0.422,-0.257,-0.362,-0.056,0.096,-0.269,0.390,0.541,-0.323,-0.744,-0.426,-0.591,-0.023,-0.127,-0.111,-0.084
-3.565,-5.048,-0.558,-1.702,0.488,-8.707,5.181,11.466,-0.873,-1.698,5.747,6.746,-7.671,0.444,0.315,-0.787,1.163,1.043,-0.433,-0.642,0.010,-0.674,-0.317,1.616,-0.266,-0.412,-0.065,0.021,0.029,0.377,0.359,-0.182,-0.670,-0.668,0.107,0.073,-0.294,-0.058,-0.099
-3.855,-4.869,0.521,3.986,0.516,-11.083,3.579,8.938,2.582,-1.639,4.077,6.720,-8.506,0.047,0.469,-0.136,0.983,1.486,-0.818,-1.513,-0.970,-0.056,-0.633,-0.234,-0.911,-0.469,-0.002,-0.004,0.088,-0.092,-0.115,0.042,-0.525,-0.397,0.246,-0.137,-0.200,0.074,-0.122
-4.498,-5.576,0.566,4.415,4.398,-8.086,2.840,11.373,2.931,-2.291,7.900,3.757,-8.411,0.277,0.197,0.006,1.160,0.739,-0.382,-1.505,-1.878,1.075,-0.061,-0.084,-0.296,-0.684,0.139,-0.104,-0.037,-0.183,-0.596,0.127,-0.086,-0.222,0.098,-0.031,-0.174,0.363,-0.208
-3.820,-4.234,0.193,1.820,3.710,-9.193,4.534,7.663,3.968,-1.550,2.152,4.253,-9.182,0.691,0.412,-0.434,0.043,-0.343,-0.181,-2.034,-1.182,0.139,-0.394,0.273,0.125,-0.835,0.271,-0.254,-0.249,0.068,-0.444,0.438,0.416,0.255,-0.251,-0.064,0.323,0.426,-0.298
-2.197,-4.379,-0.363,5.178,2.586,-11.561,-2.819,2.714,3.810,-2.047,6.287,6.502,-10.752,0.815,-0.177,-0.822,0.718,-1.023,-0.118,-0.812,-0.996,-0.282,-0.590,0.493,1.032,-1.270,0.213,-0.184,-0.251,0.214,0.145,0.756,0.886,0.613,-0.437,-0.066,-0.036,0.118,-0.359
-1.549,-3.408,-1.187,3.818,-0.294,-10.252,-3.762,7.355,2.836,-3.733,6.248,5.973,-11.511,1.132,-0.615,-0.965,1.544,0.148,1.240,0.219,-0.136,-0.633,-0.687,1.094,0.557,-1.667,0.046,0.160,-0.063,0.612,0.677,1.145,0.957,0.306,0.059,0.493,-0.394,0.066,-0.464
-1.556,-6.873,-2.855,7.005,1.284,-8.146,2.928,6.547,2.088,-4.148,8.319,8.058,-13.594,1.123,-0.208,-0.983,1.480,1.220,2.689,1.797,0.662,-0.726,-0.246,-0.673,0.080,-2.061,-0.310,0.935,0.336,0.333,0.697,1.072,0.340,0.066,0.286,1.057,-0.496,-0.052,-0.475
1.520,-6.064,-3.385,8.627,5.101,-4.700,2.757,5.069,1.664,-3.935,6.608,6.259,-16.095,0.770,1.228,-0.667,2.722,1.920,4.140,1.448,-0.480,0.654,1.901,-1.115,0.931,-2.759,-0.720,1.239,0.670,-0.021,0.057,0.542,-0.028,-0.193,0.457,1.277,-0.316,-0.345,-0.303
1.882,-4.094,-4.180,10.174,5.986,-0.892,2.906,7.166,0.764,-3.175,2.740,6.759,-18.764,-0.555,3.578,0.710,1.793,1.576,3.791,0.272,-0.496,0.502,3.399,-0.880,0.586,-3.099,-0.776,0.876,0.828,-0.360,-0.460,-0.324,-0.262,-0.441,0.196,0.717,0.297,-0.824,0.097
0.580,1.339,-3.861,15.845,6.957,6.822,3.489,4.644,6.770,5.286,3.462,11.280,-22.719,-1.631,3.688,1.539,1.283,0.257,3.401,0.843,-0.524,1.036,3.873,-0.383,-1.421,-2.663,-0.396,-0.051,0.543,-0.853,-0.693,-1.110,-0.216,0.033,-0.022,-0.467,0.679,-1.048,0.584
-3.860,7.317,0.935,12.363,8.235,5.048,3.922,4.280,2.046,8.236,5.490,8.477,-25.777,-1.555,2.940,2.053,0.402,-0.251,1.440,0.788,-1.524,0.065,2.351,0.448,-2.863,-1.625,0.255,-0.950,-0.075,-0.578,-0.601,-1.037,0.006,0.490,0.129,-1.254,0.532,-0.242,0.833
-3.765,6.671,1.753,13.947,5.262,9.334,6.465,3.891,6.203,9.726,3.316,-1.704,-25.904,-0.712,1.290,1.375,-0.848,-0.629,-0.234,0.108,0.201,0.763,0.088,1.614,-2.584,-0.577,0.524,-1.026,-0.474,-0.160,-0.074,-0.677,-0.129,0.663,-0.297,-1.345,0.043,0.711,0.732
-3.723,7.938,3.279,13.131,5.578,5.054,5.357,-0.076,1.370,6.358,5.052,-1.061,-25.294,0.262,0.026,0.416,-0.032,-0.984,0.422,0.667,1.591,1.286,-0.977,0.780,-0.042,0.024,0.448,-1.258,-1.142,-0.019,-0.310,-0.144,-0.353,0.255,-0.249,-0.825,-0.604,1.114,1.085
-3.051,7.481,1.843,11.222,5.139,5.651,3.313,7.826,10.921,6.666,11.753,3.130,-25.844,0.078,0.013,-0.011,0.699,0.255,0.524,0.260,1.231,-1.060,-1.188,-0.333,0.726,0.172,0.085,-1.130,-1.334,-0.311,-0.584,-0.165,-0.595,-0.813,-0.766,-0.287,-1.022,0.664,1.635
-2.905,7.043,2.970,13.563,3.378,9.000,8.831,10.270,6.117,4.879,5.172,5.850,-25.685,0.289,-2.712,-2.961,-0.466,-2.243,0.342,-1.055,-0.762,-0.271,-1.134,-1.596,1.052,3.429,-0.065,-0.713,-1.089,-1.074,-0.724,-0.818,-0.898,-1.179,-0.501,0.010,-0.707,-0.303,2.071
-3.783,7.185,1.850,17.225,7.638,9.981,6.024,4.873,-1.470,4.525,1.591,-1.532,-24.849,-0.302,-2.990,-3.604,-2.188,-2.922,-1.020,-2.007,-2.685,-2.288,-1.270,-2.308,0.190,5.897,0.397,-0.020,-0.022,-1.187,-0.742,-1.096,-0.858,-0.382,0.460,0.102,-0.215,-0.292,1.910
-1.911,-5.472,-11.530,7.802,-6.887,4.598,-1.272,-2.411,6.212,1.760,2.154,6.531,-8.650,0.127,-2.039,-3.235,-3.958,-3.014,-2.898,-2.690,-2.345,-0.603,-0.887,-1.766,-1.287,7.519,0.730,0.974,1.510,-0.627,0.102,-0.859,-0.584,0.736,0.557,0.051,0.140,-0.242,0.540
5.733,-2.593,-2.154,-7.006,-13.186,-6.265,-13.828,3.594,5.612,-3.110,-2.867,4.234,10.983,2.177,-2.493,2.893,-1.938,-1.337,-0.486,-2.621,2.035,1.449,0.183,0.394,0.560,2.070,-0.175,-0.763,-0.407,1.738,0.508,0.639,0.610,-0.252,-0.569,0.184,1.055,-0.578,-1.829
7.039,-4.719,2.396,-7.611,-9.393,-4.966,-11.090,9.444,9.125,2.306,-3.762,6.605,11.207,1.540,-3.137,2.271,0.351,-1.168,-0.120,-1.670,1.130,-0.364,0.444,1.760,-2.557,-0.167,-0.194,0.355,-1.407,1.947,1.045,0.036,0.542,-1.121,-1.012,-0.568,0.546,-0.384,-1.780
9.134,-8.158,5.490,-3.446,-11.845,-3.558,-13.474,8.023,9.000,1.782,-0.916,-0.956,10.789,2.648,-1.903,1.019,4.095,0.587,-0.532,-1.084,0.713,-0.878,-0.614,2.503,-1.230,-1.760,-0.314,1.339,-1.993,1.150,1.765,-0.514,0.793,-1.567,-1.002,-0.793,-0.297,0.719,-1.333
13.309,-2.264,-11.365,5.552,0.983,-11.297,-16.382,-5.164,3.390,-8.445,-3.337,5.736,0.267,-0.701,3.369,-3.265,0.357,5.526,-0.203,3.180,-3.293,-3.134,-1.064,-0.667,1.922,-2.912,-0.491,0.246,1.177,-1.087,-0.999,1.484,0.824,0.815,-0.039,0.658,-0.006,-0.417,0.408
10.881,-0.445,-6.527,5.893,8.499,-11.753,-9.019,-4.648,-5.354,-4.545,0.901,7.486,-1.824,-0.840,2.791,-0.755,-0.704,1.967,2.428,3.061,-2.210,-3.090,-0.098,-0.894,-0.307,-2.342,0.159,-0.624,1.245,-0.528,-2.045,1.152,-0.567,1.327,0.766,0.357,0.350,-0.775,0.866
11.898,1.513,-5.282,6.107,4.794,-4.911,-6.099,-2.690,-7.235,-5.357,4.395,3.062,-4.126,0.113,1.461,0.843,-0.254,-0.648,3.311,1.905,0.386,-1.769,-0.573,0.813,-0.272,-1.276,0.480,-1.343,0.696,0.021,-1.847,-0.383,-1.804,1.506,0.846,0.089,0.218,-0.471,1.228
12.601,3.144,-6.490,4.244,0.387,0.251,-5.221,-4.081,-6.265,-7.201,-3.433,3.517,-5.476,0.789,0.259,-0.131,-0.235,-1.488,1.775,-1.061,1.008,0.232,-0.598,0.468,-0.049,0.267,0.350,-1.754,0.643,0.549,-1.287,-1.610,-1.791,1.689,0.377,0.166,0.350,-0.317,1.383
13.015,3.248,-7.170,5.107,1.797,-0.744,-8.757,-3.515,-4.999,-9.984,2.898,6.359,-4.286,0.885,-2.079,-0.099,0.228,-1.982,-1.792,-3.780,2.627,-0.566,-0.368,-0.260,-0.564,1.924,-0.202,-1.692,1.352,0.269,-1.336,-1.575,-0.570,0.933,-0.423,0.418,0.032,-0.810,1.104
14.266,-0.017,-6.237,5.218,2.559,-4.960,-12.997,0.805,-5.312,-5.223,3.990,5.592,-0.407,0.523,-4.211,2.930,1.798,-3.800,-3.072,-3.054,5.112,-1.808,0.631,1.391,-1.745,2.971,-0.798,-0.932,2.067,-0.584,-1.240,-0.413,1.082,-0.391,-0.642,0.208,0.071,-1.004,0.481
9.327,-14.256,16.307,1.883,-20.487,-9.010,-7.837,4.021,-15.719,-5.610,4.821,-7.393,7.091,-3.409,-0.000,6.605,-5.383,-1.700,2.255,3.848,-3.916,0.449,-0.009,0.883,-2.987,1.723,-0.477,1.992,-1.406,-0.999,2.396,1.261,-0.121,-1.247,0.933,-0.226,-0.608,0.305,-0.553
5.472,-11.827,18.243,-7.729,-18.267,-6.648,-7.466,-2.881,-11.872,-7.477,3.461,-9.183,8.486,-3.388,2.162,3.282,-5.923,1.336,2.927,1.887,-4.271,0.976,-0.436,-1.011,-3.153,1.189,0.164,1.288,-1.925,0.532,1.862,0.458,-1.029,0.347,0.170,0.078,-0.799,0.455,-0.520
2.701,-7.709,21.763,-10.085,-12.876,-1.591,-5.296,-2.277,-8.626,-6.965,4.707,-11.956,10.213,-2.642,2.587,0.959,-3.498,2.340,2.643,-0.279,-1.667,0.396,-0.107,-1.803,-2.181,0.627,0.616,0.239,-1.553,1.454,0.646,-0.285,-1.101,1.059,-0.494,0.188,-0.673,0.529,-0.512
0.354,-5.099,21.209,-11.223,-11.739,1.076,-6.149,-2.482,-11.195,-6.447,0.280,-15.113,10.142,-1.937,2.091,0.315,-1.359,1.698,1.984,-0.650,-0.524,-0.952,0.247,-2.213,-1.743,0.140,0.848,-0.406,-0.496,1.612,-0.019,-0.473,-0.304,0.911,-0.299,0.441,0.048,0.712,-0.382
-1.324,-4.685,19.621,-13.861,-12.053,0.341,-9.890,-4.512,-14.076,-6.660,-2.604,-15.334,9.397,-1.053,1.232,0.324,-0.395,1.347,1.299,-0.387,-0.494,-1.059,0.589,-1.883,-1.046,-0.315,0.825,-0.580,0.148,1.033,-0.187,-0.482,0.245,0.229,0.135,0.514,0.532,0.621,-0.206
-2.201,-2.882,20.889,-12.636,-10.186,2.304,-8.419,-4.384,-13.909,-6.397,-3.946,-16.208,9.593,0.055,0.809,1.120,0.586,1.735,1.236,0.423,-0.301,0.209,1.422,-0.731,-0.160,-0.251,0.622,-0.609,0.159,0.343,-0.317,-0.663,0.021,-0.279,0.227,0.414,0.700,0.479,-0.055
-1.285,-2.660,23.544,-11.353,-6.915,4.290,-6.099,-3.798,-12.562,-4.043,-2.597,-16.637,8.914,0.488,0.326,1.294,0.694,1.385,0.609,0.411,-0.633,0.488,1.877,0.117,0.135,-0.208,0.262,-0.537,-0.108,-0.136,-0.683,-0.857,-0.460,-0.559,-0.213,0.174,0.563,0.150,0.064
0.612,-2.064,24.848,-9.544,-5.635,5.281,-5.929,-4.342,-10.905,-0.647,-3.376,-15.259,9.129,0.405,-0.500,0.627,-0.190,0.093,-0.987,-0.942,-1.852,-0.592,1.673,0.286,0.064,-0.190,-0.048,-0.435,-0.270,-0.308,-0.790,-0.875,-0.643,-0.515,-0.541,-0.200,0.523,-0.098,0.095
-0.293,-3.463,24.114,-11.939,-7.401,1.898,-9.079,-7.695,-13.135,-0.149,-2.306,-15.134,8.592,0.084,-0.797,0.028,-0.689,-1.247,-1.873,-2.005,-2.513,-1.723,1.333,0.422,-0.406,-0.025,-0.038,-0.252,-0.176,0.015,-0.379,-0.594,-0.213,0.089,-0.303,-0.411,0.643,0.072,0.130
-0.673,-4.982,23.741,-13.292,-9.476,-1.433,-11.640,-11.696,-16.583,0.021,-2.662,-16.637,8.803,0.015,-0.802,0.403,-0.263,-0.901,-1.899,-1.582,-1.938,-1.390,0.694,1.733,-0.381,0.131,0.106,-0.057,-0.126,0.412,0.278,-0.248,0.406,0.903,0.196,-0.515,0.673,0.675,0.104
-0.222,-5.184,24.239,-12.925,-11.231,-1.720,-13.267,-12.683,-18.339,2.286,-0.845,-17.977,8.952,0.491,-0.781,0.524,0.806,-0.012,-1.907,-0.333,-0.147,-0.629,0.311,2.608,0.717,0.282,0.230,0.110,-0.384,0.586,0.805,-0.159,0.718,1.209,0.496,-0.736,0.085,1.526,-0.010
0.651,-5.214,26.803,-10.364,-8.224,-2.403,-11.743,-11.539,-15.253,1.608,4.557,-15.743,9.605,0.732,-0.795,-0.251,1.123,0.865,-2.207,0.254,1.480,-0.161,-0.390,2.559,2.878,0.175,0.048,0.552,-1.179,0.761,0.700,-0.239,0.741,0.539,0.549,-0.943,-0.857,2.137,-0.154
1.502,-7.252,25.204,-9.371,-8.084,-7.152,-10.690,-8.508,-16.946,0.615,7.127,-11.994,9.599,0.875,-0.251,-1.566,1.547,1.892,-2.514,0.666,1.823,0.143,-1.806,0.434,5.594,-0.096,-0.419,1.347,-1.974,0.700,0.429,-0.189,0.911,-0.428,0.834,-0.732,-1.567,1.654,-0.216
2.127,-7.925,22.002,-9.453,-6.725,-9.754,-11.659,-6.386,-18.085,-1.095,6.148,-5.241,9.353,0.063,1.691,-4.445,3.172,1.647,-2.790,1.622,-0.227,0.972,-2.963,-1.466,7.867,-0.453,-0.943,2.031,-2.061,0.560,-0.001,0.056,1.254,-0.808,1.090,-0.003,-1.395,-0.091,-0.204
3.418,-5.083,18.812,-5.647,-2.520,-10.613,-9.978,-6.145,-16.209,-5.390,0.532,4.743,8.600,-1.268,4.710,-7.248,3.283,1.743,-2.561,3.538,-1.434,2.974,-2.061,-3.212,6.491,-0.484,-1.380,1.615,-1.436,0.129,0.067,0.778,1.031,-0.329,1.218,1.161,-0.288,-2.015,-0.110
-8.821,18.311,-5.216,2.749,-2.633,-15.822,7.213,-8.135,-3.948,-2.623,-3.485,1.891,6.425,-4.411,2.899,-4.165,2.146,4.597,4.007,4.231,2.980,3.134,4.267,1.129,-2.606,-0.458,0.342,-1.981,1.810,-0.296,0.321,1.343,-0.606,0.887,-0.889,0.308,0.967,-0.332,0.149
-14.849,12.976,-10.241,6.047,10.313,-5.334,4.864,-6.374,4.279,4.106,0.325,3.734,6.589,-3.335,0.852,-1.884,2.551,3.860,4.893,4.323,2.895,1.293,2.104,1.593,-1.177,-0.418,1.155,-1.482,1.757,-0.178,-0.870,-0.066,-0.878,-0.010,-1.069,-0.813,0.259,0.446,0.251
-16.510,15.792,-9.894,11.594,14.383,-0.680,16.314,-1.743,-0.101,6.508,2.948,5.439,6.224,-1.798,-0.837,-1.278,1.425,1.899,2.834,1.942,2.322,1.173,1.539,1.225,0.134,0.033,1.263,-0.935,1.064,-0.360,-1.606,-1.292,-1.750,-0.611,-0.136,-1.252,-0.248,0.525,0.316
-16.610,16.776,-11.001,8.829,9.448,-0.630,20.228,-0.665,-1.197,0.817,-1.371,2.570,5.948,-0.068,-0.316,0.232,1.719,-0.422,1.193,0.841,0.803,0.412,-0.042,0.807,-0.676,0.466,0.988,-0.402,0.798,-0.331,-1.104,-1.351,-1.957,-0.756,0.568,-0.765,-0.307,0.150,0.279
-16.927,12.224,-11.225,8.482,7.295,-4.003,9.239,0.622,4.656,6.715,3.486,3.145,6.908,0.272,-1.195,0.097,0.763,-1.291,-0.604,-2.780,0.969,2.892,-0.919,0.283,-0.231,0.678,0.506,0.026,0.630,-0.423,-0.328,-0.536,-0.805,-0.569,0.435,-0.809,-0.426,-0.119,-0.048
-14.980,13.181,-8.417,16.196,11.747,2.291,12.606,-3.541,3.962,3.795,4.089,1.498,8.578,0.568,-0.980,1.421,1.229,-0.066,-0.142,-3.101,-0.210,3.275,-0.490,0.530,-0.247,0.656,0.192,0.107,0.333,-0.799,-0.105,-0.257,0.070,-0.451,-0.305,-0.416,-0.390,0.004,-0.469
-15.965,11.615,-10.698,11.726,6.776,-5.162,6.227,4.539,11.780,0.423,1.632,4.821,8.301,0.413,-0.374,1.279,-0.443,0.081,0.823,-0.110,-0.014,1.915,-2.285,-0.769,-0.675,-0.300,0.782,0.129,-0.155,-0.982,-0.390,-0.331,0.213,-0.878,-1.477,-0.107,-0.302,-0.162,-0.600
-14.249,12.182,-4.158,13.350,9.380,-0.760,6.230,-3.676,11.616,1.513,2.205,0.498,8.532,0.820,-0.192,1.308,-1.672,-1.634,-0.806,-0.146,-0.961,-0.625,-1.441,-0.619,-0.433,-1.391,1.423,-0.503,-0.736,-1.403,-0.836,-0.766,-0.937,-0.389,-1.580,0.319,-0.418,-0.230,-0.381
-15.225,10.852,-6.961,7.689,8.884,1.636,11.875,0.620,10.402,-3.566,0.583,0.267,5.430,4.054,-0.944,-0.621,-2.696,-2.458,-1.927,-3.192,-3.046,-2.545,-0.978,-0.654,-0.948,-1.298,1.543,-1.151,-0.558,-1.028,-0.655,-0.467,-1.960,0.152,-1.068,1.098,-0.537,-0.618,0.105
6.054,-1.774,-7.174,-6.111,-0.014,-6.614,-13.476,-1.905,2.790,3.478,-4.939,-5.442,5.220,3.216,-4.977,0.215,-3.627,-3.267,3.289,-4.164,1.873,-2.688,1.596,-3.728,-3.754,-0.299,-1.706,0.962,0.967,1.684,-0.452,1.699,2.600,0.506,0.158,-0.128,0.230,0.551,-0.178
4.158,-6.407,-6.543,-5.898,-13.630,5.370,-11.748,-2.347,-8.402,2.418,-12.289,-10.915,1.908,0.012,0.397,2.146,1.727,-4.446,3.156,2.598,1.022,-1.564,0.262,-0.656,0.653,-1.174,-0.643,1.405,0.116,0.995,0.431,-1.274,0.838,-0.457,0.722,-0.522,1.302,1.149,0.050
5.005,-2.086,-1.525,-0.222,-15.803,5.760,-4.719,2.487,-3.398,4.283,-10.505,-6.089,1.043,0.210,0.840,1.703,1.170,-3.602,0.533,1.218,0.254,-0.568,-0.372,0.662,1.549,-0.795,-0.052,0.401,-0.571,-0.030,0.943,-1.468,-0.750,-0.436,0.575,-0.389,0.914,0.328,0.342
5.688,-1.278,1.188,0.249,-15.570,5.925,-3.717,2.622,-4.792,5.291,-8.450,-5.615,0.757,0.020,0.518,1.224,0.750,-1.366,-0.909,0.148,0.622,-0.103,-0.153,1.160,0.381,-0.165,-0.009,-0.250,-0.636,-0.342,0.953,-0.804,-0.910,-0.094,0.354,-0.185,0.287,-0.133,0.370
4.438,-3.431,-1.613,-1.995,-19.496,1.661,-9.110,0.100,-7.569,1.990,-9.573,-7.872,0.463,-0.014,-0.270,0.169,0.317,-0.930,-0.435,-1.065,0.341,-0.475,-0.384,1.086,0.104,0.171,0.091,-0.218,-0.409,-0.101,0.710,0.019,-0.252,0.160,0.305,-0.042,-0.046,-0.026,0.209
4.543,-3.143,-0.381,-1.262,-18.613,2.872,-8.813,1.958,-6.830,2.800,-6.953,-8.119,1.372,0.080,-0.297,-0.266,0.443,-1.016,-0.379,-0.808,0.507,0.161,-0.659,0.565,0.708,0.191,0.168,-0.066,-0.184,-0.100,0.225,0.242,0.091,0.050,0.189,-0.127,-0.284,0.124,-0.017
5.509,-2.504,0.102,2.119,-18.933,5.113,-7.498,4.522,-4.756,3.607,-5.824,-4.317,1.592,0.634,0.159,0.404,0.819,-0.228,0.363,0.437,1.110,0.824,-0.332,0.731,1.253,0.071,0.173,0.099,0.081,-0.168,0.231,0.076,0.337,-0.003,0.184,-0.045,-0.311,-0.072,-0.128
5.553,-3.229,-0.998,0.407,-20.934,2.306,-8.563,2.944,-5.396,1.189,-7.500,-3.851,1.147,0.535,-0.026,0.184,-0.001,-0.592,-0.097,-0.146,0.485,0.193,-0.816,-0.084,0.426,-0.201,0.104,0.077,0.049,-0.306,0.243,-0.058,0.234,-0.211,-0.004,0.044,-0.351,-0.362,-0.150
7.102,-2.596,0.716,1.264,-19.475,3.759,-7.049,5.157,-4.167,1.136,-5.644,-3.741,0.928,0.624,0.088,0.348,-0.301,0.014,-0.196,0.287,0.335,0.426,-0.531,-0.145,-0.115,-0.270,0.041,0.128,-0.129,-0.331,0.162,-0.083,0.135,-0.313,0.002,0.181,-0.461,-0.379,-0.142
6.421,-3.226,0.234,-0.837,-21.302,3.065,-9.767,4.065,-6.159,-0.045,-7.462,-6.280,0.699,0.605,0.125,0.008,-0.529,0.078,-0.390,0.438,-0.159,0.341,-0.341,-0.754,-0.417,-0.387,-0.237,0.393,-0.460,-0.263,0.445,-0.518,0.405,-0.702,0.342,-0.042,-0.409,-0.426,0.027
8.193,-2.068,1.226,1.234,-18.678,3.756,-5.458,5.636,-2.245,1.568,-6.567,-3.677,0.465,0.802,0.725,-0.150,-0.570,0.245,0.094,0.818,-0.131,0.760,0.335,-1.237,-0.219,-0.544,-0.586,0.578,-0.804,-0.160,0.765,-1.007,0.364,-1.125,0.476,-0.209,-0.038,-0.509,0.244
8.032,-2.870,-1.214,-2.226,-20.941,0.358,-7.167,1.908,-4.653,-0.732,-10.807,-5.970,-0.555,-0.738,1.622,-1.868,-1.179,1.517,-2.829,1.613,-2.791,1.737,-1.460,-1.582,-1.651,0.070,-0.721,0.906,-0.966,0.067,1.162,-1.106,-0.037,-1.180,0.258,0.005,0.806,-0.357,0.279
10.309,0.852,0.688,-0.891,-18.432,5.581,-4.257,5.582,-1.121,3.156,-10.155,-4.989,-1.164,-1.634,2.228,-2.734,-0.776,3.119,-4.012,1.518,-3.972,2.107,-1.018,0.077,-2.040,0.723,-0.978,1.265,-0.666,0.588,1.255,-0.756,-0.263,-0.613,-0.191,0.376,1.406,0.297,0.189
1.673,3.424,-8.837,-5.670,-13.841,-11.995,-2.304,-9.865,1.962,-8.141,-13.576,-13.881,1.862,-1.782,3.902,-3.531,-0.093,4.451,-3.868,-0.099,-4.137,0.959,0.362,2.618,-1.293,0.374,-1.055,1.028,0.359,1.607,1.106,0.971,-0.189,0.940,-0.610,1.031,1.361,1.248,-0.144
-8.010,25.057,-9.865,6.749,2.213,-10.686,1.205,-6.061,2.275,4.318,1.715,-1.517,1.368,-6.486,2.172,0.592,4.692,4.581,1.990,2.251,2.491,1.000,-0.187,0.616,3.273,0.050,0.485,-2.294,0.587,-0.542,-1.037,1.267,0.878,0.849,0.380,-0.517,-1.328,0.270,0.376
-17.965,18.465,-8.807,18.258,12.141,-3.710,3.192,-5.077,1.534,2.454,0.240,-2.953,0.551,-4.656,-0.825,1.018,3.388,3.285,3.010,4.506,3.178,2.459,-0.456,-0.640,3.578,1.179,1.734,-1.698,-0.191,-1.720,-1.475,-0.134,0.176,-0.627,0.071,-0.191,-0.915,-0.447,0.522
-18.908,14.607,-8.374,12.070,7.908,-3.889,4.540,0.743,7.762,-0.694,-2.034,2.935,2.497,-1.333,-2.690,-0.278,0.200,1.270,2.465,3.120,0.727,0.684,0.210,-0.918,2.160,1.332,2.087,-0.714,-0.458,-1.288,-0.781,-0.609,-0.596,-1.203,-0.653,0.708,-0.079,-0.976,0.304
-15.159,15.203,-9.862,11.603,8.990,0.524,11.223,0.669,6.645,2.792,-1.718,5.695,4.631,1.044,-1.135,-0.638,-0.801,0.361,0.693,1.694,-1.070,0.158,1.381,-0.391,1.346,1.558,1.372,0.126,-0.089,-0.707,-0.259,-1.163,-1.258,-0.817,-0.639,0.482,0.249,-1.032,-0.052
-16.076,13.237,-10.729,11.077,10.137,-0.477,12.792,-5.301,3.139,5.199,-1.898,4.957,5.991,1.101,-1.243,-0.872,0.348,2.136,0.102,0.675,-1.402,-1.116,2.437,0.098,-0.490,1.383,0.490,0.417,0.502,-0.491,0.021,-1.056,-1.175,0.323,0.076,-0.202,0.116,-0.636,-0.283
-14.162,13.474,-10.820,14.750,12.832,-1.949,7.536,-7.406,4.637,6.412,-1.785,2.768,6.594,0.985,-0.921,0.868,-0.222,1.556,-1.625,-0.563,0.158,0.167,0.843,0.096,-0.260,0.896,-0.114,0.083,0.668,-0.931,-0.174,-0.397,-0.579,0.989,0.016,-1.003,-0.105,-0.197,-0.445
-13.904,9.255,-12.258,12.239,16.667,-2.142,9.758,-2.229,3.184,9.681,-1.509,1.951,8.431,1.145,-0.714,1.477,-2.545,0.778,-1.657,-1.626,1.730,1.062,-0.533,-0.583,-0.218,0.250,-0.078,-0.084,0.545,-1.083,-0.467,0.364,-0.321,0.853,-0.156,-1.153,-0.199,0.108,-0.401
-11.319,12.591,-4.757,9.915,13.508,-6.769,9.926,-0.079,7.455,4.767,-1.432,5.898,7.891,0.451,-0.985,1.529,-4.010,0.168,-0.412,-0.051,2.309,-0.852,-2.149,-0.576,0.227,-0.099,0.039,-0.469,-0.048,-0.456,-0.263,1.245,-0.186,0.213,-0.533,-0.299,0.038,0.029,-0.300
-11.773,10.110,-6.377,0.770,13.689,-6.351,3.466,-0.313,7.039,3.358,-4.992,2.303,6.594,0.979,-1.633,1.521,-3.174,0.493,1.316,-1.186,1.788,-1.389,-1.833,-0.559,-0.191,-0.127,0.219,-0.486,-0.111,0.878,-0.533,1.278,0.065,-0.334,-0.180,0.478,0.332,-0.119,-0.455
-12.972,8.121,-6.114,0.436,15.162,-1.905,10.430,3.181,-1.549,-1.170,-2.923,3.728,7.018,1.263,-2.808,0.607,-2.186,0.383,3.115,-1.712,1.196,-1.272,-0.001,0.276,-0.129,-0.417,0.240,-0.119,-0.103,1.492,-0.967,0.609,0.159,-0.466,0.537,0.676,0.180,-0.518,-0.974
-5.685,2.028,-1.069,6.249,4.748,5.217,5.675,2.748,6.011,4.350,-2.803,-1.694,-1.711,-0.070,-0.509,-0.224,0.976,-3.566,1.048,2.298,-0.104,-0.229,-0.825,1.447,-0.238,-4.760,-0.439,0.572,-0.266,-0.266,0.371,-0.885,-0.231,-0.263,-0.271,-0.345,0.065,0.674,0.289
-8.103,2.362,-2.154,4.841,4.834,5.517,11.319,7.185,0.573,-1.990,-4.715,-5.095,-8.520,-0.116,-0.016,-0.146,0.964,-1.459,1.246,0.814,-0.366,-0.133,-0.913,0.022,-0.597,-3.365,0.007,0.253,0.099,-0.230,0.693,-0.871,-1.053,-0.471,-0.214,0.235,0.075,1.066,1.394
-7.884,0.569,-5.479,2.975,4.617,6.800,10.061,2.569,1.428,2.703,5.647,6.118,-8.813,0.308,-0.009,0.665,-0.181,-1.117,-1.176,-1.836,-0.236,-0.437,-0.523,0.825,1.959,-0.788,1.007,-0.270,0.225,-0.122,0.504,-1.264,-1.785,0.041,-0.081,0.304,-0.257,0.183,1.916
-6.283,2.594,-1.447,5.274,5.885,10.065,3.188,1.466,5.870,0.956,-4.884,-1.524,-8.285,1.067,-0.268,1.132,0.825,-1.181,-1.435,-2.808,-1.722,-0.013,0.946,0.404,2.089,0.881,1.703,-1.087,-0.056,-0.325,0.040,-1.116,-1.591,0.955,-0.326,0.494,0.458,-0.339,1.872
-5.057,1.869,1.901,5.126,-1.363,-2.937,0.559,4.428,1.175,0.264,1.408,6.315,-5.770,4.372,-1.735,0.261,0.436,-1.183,-3.933,-4.815,0.779,-0.695,-0.236,-0.030,-0.665,2.699,1.652,-1.546,-0.356,-0.543,-0.121,0.082,-1.102,1.493,-0.263,0.560,0.355,-1.375,1.345
16.550,-15.924,0.792,1.070,-1.279,-1.465,-18.073,19.010,-2.013,8.145,7.841,-2.981,8.409,3.683,-4.541,1.049,-2.206,-3.660,1.122,-4.523,4.599,-0.302,2.352,1.064,-2.047,3.465,-2.393,1.823,0.375,-0.039,-0.337,1.056,1.691,-1.891,1.409,-0.504,-1.027,0.850,-1.020
14.160,-17.873,-0.786,-1.463,-8.260,-0.638,-19.001,15.837,-2.213,8.391,4.375,-6.461,8.468,-0.498,-1.170,2.219,-1.015,-3.768,4.291,-1.135,0.570,1.900,2.235,-0.235,0.268,1.363,-2.267,2.652,-0.061,0.146,0.751,-0.576,1.867,-2.658,1.547,-1.257,-0.756,1.467,-1.059
13.618,-16.893,3.053,-0.484,-11.909,4.421,-17.802,16.909,0.516,11.534,4.230,-2.047,9.135,-2.395,2.323,0.325,-1.655,-1.878,0.173,0.412,-3.629,3.987,-1.202,-1.563,1.447,0.597,-1.303,2.489,-0.826,0.219,1.755,-1.606,1.203,-2.568,1.084,-1.614,-0.479,0.656,-0.974
11.903,-12.361,5.162,-0.452,-12.838,9.077,-19.247,12.277,8.807,9.501,3.976,0.279,9.813,-2.378,4.249,-0.381,-1.545,1.163,-2.415,0.943,-4.758,4.646,-2.467,-1.032,2.210,0.391,0.100,1.567,-0.725,0.698,1.778,-1.730,0.353,-0.965,-0.257,-1.093,-0.195,-0.564,-1.320
10.017,8.430,4.528,7.111,-1.235,-3.668,-15.392,-0.595,10.648,0.112,-4.028,-8.012,-9.541,1.737,3.896,1.617,2.123,-0.664,-0.518,1.577,-0.330,-4.342,-2.548,-4.631,-3.949,-7.756,-0.596,-1.601,-0.230,-0.209,-0.838,0.619,0.875,0.405,-0.548,0.323,0.527,0.805,1.674
12.628,11.446,3.308,3.608,-5.290,-6.552,-10.982,-3.266,-1.026,-7.010,-9.304,-12.154,-16.843,0.197,1.643,0.904,1.790,-1.414,-0.942,2.828,-1.309,-4.553,-2.257,-2.790,-2.128,-4.492,-1.337,-2.004,-0.879,-0.509,0.116,0.489,0.089,0.001,1.599,1.076,1.869,2.093,3.840
12.094,14.045,4.126,2.156,-6.376,-9.546,-10.629,-3.053,1.929,-8.742,-16.807,-11.621,-18.407,-2.446,-1.248,-1.300,1.896,-0.162,1.169,4.051,-1.184,-1.291,-0.307,1.288,1.267,2.422,-0.960,-1.981,-0.885,-0.814,0.707,0.528,-1.043,0.172,2.645,1.461,2.558,2.327,4.226
6.933,9.074,1.887,9.273,-7.484,-6.690,-5.778,-9.745,-2.292,-7.938,-6.603,-10.982,-13.382,-2.828,-2.748,-1.623,1.099,1.244,1.793,0.174,-0.727,3.340,2.448,3.953,4.138,6.683,0.104,-1.231,-0.296,-1.611,0.678,-0.153,-1.987,0.696,2.490,0.854,1.291,1.488,2.594
5.696,-2.014,-1.597,-2.861,-1.511,-7.375,-16.797,-3.338,18.360,-1.358,3.072,3.727,10.365,1.203,-1.954,0.981,-4.718,0.117,-2.714,-3.010,1.312,1.213,-0.995,0.355,1.862,2.362,0.450,0.945,0.816,0.482,-0.450,-0.201,0.876,0.322,-2.445,-0.923,-1.347,-0.890,-2.209
5.750,-4.358,-0.207,-5.010,-1.593,-9.391,-15.869,-2.425,14.846,-4.446,1.973,4.364,10.834,0.451,-1.378,1.658,-2.209,0.245,-1.290,0.557,2.023,-2.227,-1.598,-0.039,1.035,0.617,-0.008,1.175,0.307,1.493,-0.278,0.277,1.009,0.020,-1.984,-0.250,-0.839,-0.486,-1.752
5.882,-2.691,2.692,-5.674,-0.460,-8.373,-13.134,1.103,10.580,-3.043,2.615,6.792,10.708,0.609,-0.016,1.482,-0.347,-0.271,-0.355,-0.172,1.565,-3.786,-1.081,-0.970,1.421,-0.668,-0.600,1.642,-0.448,1.487,0.115,-0.023,1.012,-0.424,-0.678,0.295,-0.883,-0.254,-1.005
6.379,-3.511,4.035,-6.337,-1.082,-9.432,-15.604,1.105,6.978,-5.812,1.564,7.504,9.860,0.528,1.682,0.830,0.762,-0.072,-1.295,-0.301,1.430,-2.639,-0.548,-1.617,1.458,-1.449,-1.353,2.019,-0.870,1.068,0.850,0.059,1.485,-0.850,0.170,0.900,-0.485,-0.732,-0.465
-3.668,17.195,-1.244,-1.656,3.557,-19.490,-1.011,-2.860,1.570,-3.338,-10.939,7.236,4.905,-7.080,5.419,-2.068,2.212,5.401,2.679,8.487,-0.326,-1.202,3.333,1.155,-2.552,-0.505,-0.260,-1.470,-0.235,0.002,0.210,1.544,0.031,0.834,0.520,0.431,1.377,-0.007,0.438
-13.026,18.372,-1.122,4.231,15.241,-3.032,9.276,-2.060,-3.552,4.728,-0.326,-1.991,5.029,-5.786,2.658,-2.151,2.148,4.366,4.673,6.866,0.828,-0.710,2.909,1.815,-1.839,-0.121,1.443,-2.013,0.066,-0.371,-1.015,-0.067,-2.003,0.769,0.453,-0.483,0.255,0.963,0.403
-16.904,17.376,-4.367,3.973,15.954,-1.960,12.486,4.080,1.758,5.385,2.354,2.711,5.064,-2.790,-0.780,-1.711,1.339,1.680,2.676,2.527,2.648,-0.161,1.849,2.053,0.216,0.009,2.149,-1.433,0.369,-0.356,-1.246,-1.143,-2.566,-0.021,0.212,-0.807,-0.568,0.845,0.335
-15.190,17.165,-5.750,5.857,15.011,-0.888,12.537,4.590,1.615,4.518,-1.591,3.489,4.500,-0.020,-0.618,-1.374,0.924,0.720,-0.088,-0.379,1.168,-0.543,0.709,-0.487,1.328,0.533,1.626,-0.447,0.477,-0.287,-0.918,-1.440,-1.718,-0.642,0.322,-0.806,-0.368,0.250,0.265
-16.537,13.900,-7.485,4.226,12.070,-7.184,9.995,7.053,-1.817,6.011,-0.043,5.573,5.217,0.780,-0.106,-0.613,1.045,0.994,-0.654,-0.720,-0.601,-0.227,0.397,-0.533,0.089,0.843,0.617,0.198,0.396,-0.270,-0.670,-0.659,-0.381,-0.930,0.469,-0.561,0.068,-0.366,0.032
-13.310,17.021,-6.435,8.723,20.785,-0.861,8.627,2.293,-4.480,7.959,-1.560,3.219,7.617,0.560,0.086,-0.314,0.860,0.121,-0.863,-0.102,-0.756,0.935,-0.395,1.268,-0.525,0.786,-0.256,-0.091,0.176,-0.631,-1.094,-0.079,0.429,-0.335,0.339,-0.394,0.688,-0.141,-0.302
-13.945,16.917,-7.087,7.762,18.039,-5.243,10.842,2.224,3.672,5.652,-0.327,3.289,7.722,0.006,-0.144,-0.263,0.019,-1.371,-0.230,0.482,-1.039,1.445,-0.402,1.514,-0.687,0.043,-0.435,-0.308,-0.076,-0.995,-1.096,0.200,0.407,-0.153,-0.430,-0.223,0.329,0.316,-0.419
-13.688,16.085,-7.521,8.390,12.629,-6.175,11.602,3.222,3.544,2.721,4.894,2.008,7.176,-0.912,-1.052,-0.669,-1.721,-3.565,-0.694,1.163,-0.287,0.314,-0.861,1.929,1.012,-0.578,-0.206,-0.169,0.060,-0.533,-0.188,0.334,0.185,-0.049,-0.781,0.037,-0.490,0.300,-0.291
-16.317,13.648,-8.258,4.485,9.293,-5.677,10.915,1.395,1.397,6.618,4.300,2.742,5.650,-0.662,-1.078,-0.814,-2.643,-2.644,0.263,0.684,-1.603,-2.069,-0.484,0.784,0.899,-0.571,0.200,0.192,0.444,0.498,0.771,0.438,-0.038,0.021,-0.468,-0.017,-0.818,-0.055,-0.075
-16.681,13.394,-9.193,1.758,7.333,-4.115,14.407,1.271,-1.772,3.170,5.769,8.553,5.760,-0.139,-0.291,0.260,-0.476,-0.185,0.559,0.723,-0.720,-1.214,-0.171,-0.819,0.182,-0.361,0.440,0.532,0.877,1.400,1.358,0.495,-0.489,0.226,0.503,0.133,-0.906,-0.721,-0.141
-15.756,12.871,-10.323,-2.135,7.466,-4.958,12.860,-4.815,-4.013,3.008,3.154,4.512,5.574,0.621,0.436,1.495,1.889,0.792,1.332,0.514,-0.717,-0.130,-0.833,-1.200,-0.549,-0.441,0.192,0.469,0.948,1.211,0.956,0.247,-0.400,0.703,1.212,0.083,-0.692,-0.522,-0.718
-14.666,15.017,-5.190,9.322,12.616,-3.738,14.247,2.726,0.179,3.673,1.374,2.035,5.410,0.649,0.851,2.563,3.013,1.506,1.244,-1.195,0.399,1.863,-0.023,-1.611,-1.867,-1.349,0.341,0.048,0.437,0.083,0.121,-0.104,-0.433,0.281,0.676,0.079,-0.220,-0.018,-1.512
-14.221,15.019,-2.787,10.146,10.612,0.794,13.565,-2.916,-0.230,2.201,0.498,3.257,3.620,-0.094,0.695,2.773,1.668,1.290,1.154,-0.357,1.351,2.453,-0.145,-2.281,-0.687,-3.666,0.740,-0.355,-0.011,-0.539,-0.611,-0.478,-0.637,-0.130,-0.169,0.109,0.098,0.218,-1.942
-3.940,13.848,1.933,11.869,11.979,-2.361,8.920,-1.554,1.685,2.990,-1.730,3.401,-19.300,4.655,-1.399,1.323,1.112,-3.297,-0.517,-4.166,-3.247,-2.427,0.002,0.708,-1.064,-6.580,-0.059,-1.330,-0.667,-1.154,-0.249,0.367,-0.332,0.544,-0.222,0.355,0.612,-0.162,3.871
-0.944,12.259,5.266,12.928,3.299,-0.912,-0.688,-5.935,-0.651,1.240,-3.234,-0.899,-25.086,3.402,-4.455,0.129,-1.060,-1.857,1.117,-4.236,-0.692,-1.874,0.898,2.587,-0.478,1.320,-0.582,-1.363,-1.034,-2.131,0.100,0.469,0.496,1.698,0.812,-0.001,-0.157,-0.064,5.368
8.052,-10.080,-4.766,-12.831,-9.192,2.366,-9.807,10.365,6.162,-3.599,-6.213,-6.898,14.683,2.338,-2.791,-3.231,-1.210,-1.741,1.541,1.026,-1.320,4.266,-5.499,-0.749,-3.654,4.009,-0.439,1.082,0.351,2.300,2.196,-0.022,1.623,-3.225,-0.228,0.291,0.864,0.326,-3.115
7.397,-12.248,-9.897,-7.601,-3.927,9.660,-1.486,6.798,13.932,-11.843,-1.892,-10.352,16.312,0.801,-3.290,-2.895,0.476,2.375,1.721,3.238,-5.221,2.787,-3.676,1.461,-1.923,1.268,-0.384,1.042,1.091,1.443,2.365,-0.360,1.038,-2.344,-1.135,2.034,0.676,1.236,-2.380
8.653,-14.436,-10.292,-5.305,4.694,8.371,5.414,-4.577,15.216,-12.286,-1.047,-10.642,17.047,0.731,-1.361,-0.832,1.617,6.012,1.179,4.981,-6.709,1.710,0.423,1.549,0.428,0.323,-0.241,0.771,1.308,0.282,1.212,-0.148,-0.009,-0.108,-1.274,2.372,0.093,1.479,-1.028
9.170,-16.673,-10.790,-7.270,9.181,5.898,7.457,-13.483,13.734,-8.169,-1.081,-9.730,16.281,1.114,-0.668,0.882,0.502,4.921,0.662,2.992,-4.937,-0.181,3.038,0.637,1.821,-0.209,-0.050,0.582,0.966,-0.381,-0.576,-0.209,-1.231,1.343,-1.125,1.320,-0.635,0.738,-0.442
10.821,-14.670,-8.476,-4.909,14.314,10.140,10.627,-13.040,14.813,-3.319,1.125,-5.068,16.312,0.976,-0.247,1.421,0.185,3.045,1.332,1.103,-2.002,-0.620,3.006,0.127,1.869,-0.393,-0.251,-0.012,0.163,-0.721,-1.651,-0.300,-1.918,1.693,-0.889,-0.034,-0.756,-0.160,-0.226
11.883,-15.472,-6.392,-5.287,15.869,12.085,10.868,-13.654,13.227,-1.137,0.205,-4.033,15.636,0.428,-0.935,0.810,-0.714,0.979,0.599,-0.981,-0.858,-1.672,1.631,-1.004,1.045,-0.583,-0.440,-0.038,-0.361,-0.404,-1.371,-0.320,-1.574,1.277,-0.303,-0.702,-0.286,-0.428,-0.078
12.174,-16.272,-5.387,-5.374,16.576,11.940,9.222,-14.502,12.373,-0.773,-1.057,-4.144,15.406,-0.182,-1.287,0.020,-1.377,-0.272,-0.288,-2.624,-0.286,-1.992,0.958,-1.411,0.015,-0.621,-0.445,0.051,-0.480,-0.253,-0.848,-0.526,-1.014,0.627,-0.042,-0.730,0.115,-0.249,-0.005
10.631,-20.546,-8.286,-10.608,12.944,7.995,3.256,-17.040,6.593,-1.285,-5.010,-4.968,13.821,-0.508,-0.340,-0.225,-0.739,-0.274,-0.128,-3.012,0.588,-1.013,0.554,-0.025,0.607,-0.487,-0.199,0.415,-0.061,0.250,-0.046,-0.269,-0.017,0.545,0.492,-0.290,0.619,0.292,0.142
10.535,-18.568,-7.427,-9.135,14.417,10.745,1.312,-12.777,8.172,1.545,-3.324,-4.523,14.114,-0.782,-0.290,-0.463,-1.065,-0.568,-0.933,-2.952,0.410,-1.162,-0.103,0.213,0.843,-0.463,-0.039,0.317,0.168,0.418,0.315,-0.294,0.625,0.345,0.536,-0.015,0.421,0.508,0.209
10.163,-16.024,-6.496,-7.101,15.576,12.041,-0.238,-11.575,10.264,0.474,1.216,-0.808,13.847,-0.269,0.640,0.746,0.382,0.899,-0.423,-0.903,1.522,0.375,0.713,1.276,2.091,0.051,0.084,0.053,0.267,0.483,0.455,-0.343,0.863,0.196,0.399,0.285,-0.120,0.204,0.250
8.500,-19.982,-8.596,-12.454,12.420,5.254,-3.789,-15.186,4.729,-2.166,-3.104,-2.010,13.076,-0.495,-0.193,0.376,0.154,0.718,-1.609,-0.554,0.971,-0.005,0.802,0.041,1.814,0.153,0.084,0.003,0.168,0.635,0.373,-0.222,0.817,0.083,0.451,0.238,-0.233,-0.102,0.221
10.302,-16.638,-3.971,-7.041,18.438,8.625,1.292,-8.228,10.188,4.137,1.262,4.229,14.595,-0.233,-0.125,0.690,1.067,1.359,-1.508,0.104,1.285,0.402,1.526,-0.541,1.142,0.454,-0.111,-0.213,-0.221,0.195,-0.232,-0.456,0.394,-0.446,0.066,-0.597,-0.382,-0.609,0.043
7.991,-19.228,-6.810,-8.397,16.578,4.408,-2.226,-9.597,8.184,3.721,-3.143,2.026,14.507,-0.378,0.106,0.405,1.765,1.068,-1.502,0.629,0.941,1.082,0.678,-0.043,0.806,0.439,-0.067,-0.007,-0.050,0.085,-0.380,-0.179,0.626,-0.341,0.129,-1.194,0.225,-0.540,-0.007
9.252,-17.027,-3.940,-3.795,20.293,4.926,-0.498,-7.944,10.548,5.162,-1.468,2.884,15.404,-0.884,-0.575,-0.372,0.549,-0.436,-2.755,0.475,-0.691,0.160,-2.208,-0.593,-0.450,0.124,-0.118,-0.008,-0.022,-0.284,-0.821,-0.037,0.671,-0.142,-0.242,-1.580,0.504,-0.400,-0.075
7.135,-19.257,-6.588,-5.251,16.835,-0.408,0.250,-10.621,9.960,0.713,-1.953,2.693,14.867,-0.502,-0.003,0.659,0.840,-0.283,-1.878,2.392,0.252,0.763,-3.299,1.192,-0.089,0.285,-0.016,0.219,0.221,-0.312,-1.000,0.530,0.594,0.598,-0.690,-1.073,0.524,-0.180,-0.039
6.309,-19.498,-5.942,-5.870,16.129,-2.743,2.430,-11.172,10.102,-5.397,-2.301,1.645,15.034,-0.761,-0.110,0.451,0.108,-2.069,-1.502,2.580,0.919,-0.649,-4.386,1.362,-0.411,0.155,0.086,0.555,0.341,-0.119,-1.193,1.172,0.215,1.206,-0.966,0.001,0.527,0.024,-0.052
6.951,-18.005,-2.514,-3.159,17.245,-1.148,8.269,-6.723,12.220,-7.494,3.232,2.202,16.115,-0.522,0.969,1.096,0.425,-3.115,0.521,2.549,3.126,-1.963,-3.597,1.597,-0.111,0.229,0.016,0.575,0.179,-0.219,-1.359,1.006,-0.613,0.856,-1.109,0.850,0.126,-0.180,-0.174
5.539,-18.204,-3.721,-4.301,9.742,-2.217,8.391,-5.296,6.171,-12.665,2.750,1.074,15.558,-0.444,1.715,1.117,0.161,-4.983,1.903,1.474,3.900,-3.307,-2.055,1.839,-0.319,-0.110,0.014,0.484,0.226,-0.192,-0.911,0.372,-1.098,0.147,-0.571,1.548,-0.070,-0.448,-0.202
4.911,-15.056,-2.220,-3.909,4.451,1.935,10.013,2.069,2.109,-13.638,3.508,2.425,15.749,-0.582,1.962,1.219,-0.284,-5.622,1.449,-0.118,3.043,-3.451,-0.217,1.583,-1.035,-0.451,-0.020,0.125,0.190,-0.316,-0.291,-0.689,-1.225,-0.872,0.144,1.741,-0.341,-0.644,-0.218
5.110,-12.395,-0.505,-4.690,-2.389,5.230,8.927,3.934,-1.375,-12.599,6.757,-0.062,14.665,-0.661,1.814,1.522,-0.499,-5.370,-0.104,-1.579,1.695,-2.761,1.662,1.017,-2.188,-0.514,0.091,-0.114,0.370,-0.283,0.575,-1.209,-0.865,-1.278,0.710,1.488,-0.485,-0.352,-0.144
4.257,-11.101,1.973,-4.382,-4.800,2.373,7.411,3.880,-1.263,-8.610,9.140,-2.406,14.307,-0.513,1.544,1.844,-0.823,-4.377,-1.918,-2.052,-0.131,-1.516,3.248,0.302,-2.396,-0.660,0.326,-0.182,0.394,-0.184,0.864,-0.896,-0.542,-1.238,0.636,0.714,-0.383,0.211,-0.150
2.559,-11.110,1.790,-6.561,-12.482,-2.957,1.799,2.272,-5.947,-6.868,5.018,-7.451,13.711,-0.024,1.354,2.656,-0.985,-2.732,-2.458,-1.882,-0.903,-0.723,3.655,0.056,-1.400,-0.727,0.518,-0.125,0.275,0.083,0.872,-0.271,-0.359,-0.886,0.273,-0.202,-0.071,0.849,-0.206
3.620,-7.979,5.852,-7.091,-12.387,-3.564,3.317,2.247,-3.188,-0.262,5.886,-5.857,12.925,0.727,1.283,2.624,-0.961,-2.623,-1.852,-2.677,-1.849,-1.290,2.355,0.150,-0.375,-1.097,0.580,-0.126,0.026,0.638,0.736,0.284,-0.363,-0.111,0.003,-1.003,0.033,1.071,-0.337
5.309,-7.188,10.836,-8.261,-12.256,-4.094,1.562,0.237,-4.029,1.502,8.664,-5.336,11.720,1.309,1.318,2.504,-0.016,-1.885,-1.493,-3.059,-1.876,-1.509,1.099,0.736,1.044,-1.327,0.363,-0.121,-0.452,1.204,0.806,0.594,-0.062,0.524,0.030,-1.295,-0.547,0.735,-0.613
9.516,-3.727,11.774,5.051,-11.259,-3.851,-6.893,0.904,-9.001,-5.259,-4.150,-2.618,-2.058,-1.290,3.322,-2.706,2.697,3.902,0.752,0.142,-0.561,0.681,-2.182,-4.772,-1.701,-4.422,-1.115,0.488,-1.119,-1.269,0.655,0.270,1.053,-0.416,0.370,0.813,1.018,-0.562,0.887
5.558,1.173,5.501,2.962,-10.569,-6.857,-9.073,-6.155,-9.728,-9.335,-11.197,-7.622,-6.359,-2.465,3.399,-3.961,0.122,3.142,1.155,1.326,-1.790,0.217,-1.058,-3.372,-3.151,-2.643,-0.920,-0.357,-0.254,-1.432,0.032,0.217,0.847,0.624,0.489,1.293,2.287,0.740,1.784
3.943,8.677,3.434,6.584,-1.580,-4.858,-7.587,-1.899,-5.159,-7.970,-7.136,-6.473,-8.188,-3.052,2.519,-3.447,-1.105,3.388,1.059,2.490,-0.236,1.058,2.153,1.597,-0.252,0.291,-0.623,-1.253,0.418,-1.279,-0.387,0.221,0.432,1.208,0.464,0.930,1.901,1.343,2.012
-9.235,4.036,-1.115,-3.453,0.974,-1.509,-0.492,8.831,1.530,-4.048,0.137,2.401,1.257,-2.887,-0.612,-1.177,-1.133,3.382,0.209,0.672,3.418,1.963,0.554,1.001,2.532,3.123,0.613,0.825,0.172,0.861,0.121,-0.548,0.362,-1.016,-0.725,0.323,-0.660,-0.252,-0.322
-9.563,2.874,-4.203,-4.624,7.041,4.847,0.493,6.812,0.977,-4.469,-4.186,-2.950,4.164,-2.199,1.354,-1.025,-0.433,3.241,-0.110,2.436,2.021,1.257,1.256,-0.304,1.351,1.954,0.577,1.376,0.018,1.414,-0.288,-0.591,0.838,-1.709,-0.690,0.651,0.005,-0.107,-0.761
-10.009,5.082,-5.213,-2.071,10.809,-2.169,2.967,8.800,0.387,1.373,-0.037,0.987,7.199,-1.446,3.073,-1.375,1.286,2.771,-0.459,4.038,-1.496,-1.034,3.613,0.792,1.661,1.265,0.393,0.903,-0.060,1.257,-0.998,0.052,0.544,-1.848,-0.211,0.088,-0.015,-0.370,-0.806
-14.325,12.465,-5.733,-2.372,13.530,-2.343,11.903,8.902,1.377,7.105,0.972,5.978,5.977,-1.613,3.635,-1.441,3.172,1.055,-0.857,4.163,-3.035,0.049,2.563,1.567,2.085,0.311,0.385,-0.175,0.006,1.014,-1.176,0.356,-0.694,-1.014,0.386,-1.014,-0.048,-0.653,-0.492
-14.083,14.605,-7.225,1.848,11.583,-0.208,13.995,0.308,-3.841,8.229,1.518,6.241,6.677,-1.213,2.764,-1.268,3.351,-0.517,0.842,2.526,-3.296,1.513,0.339,-0.009,0.317,-0.085,0.320,-0.964,0.293,0.308,-0.859,0.522,-1.508,0.287,0.724,-1.783,-0.208,-0.634,-0.252
-15.590,16.289,-10.402,9.273,11.932,-0.420,15.792,-4.116,3.336,4.920,2.874,4.848,5.981,-0.391,0.633,-1.048,3.606,-0.996,1.019,-0.279,-2.148,1.913,-2.178,-0.141,-1.240,0.168,0.319,-1.257,0.434,-0.535,-0.360,0.239,-1.672,1.055,-0.060,-1.337,-0.227,-0.288,-0.057
-15.440,16.990,-9.220,8.859,9.021,1.081,13.655,-1.173,6.972,4.160,-1.033,3.137,6.772,-0.454,-0.243,-0.105,2.607,-0.499,1.216,-1.283,-0.503,1.654,-2.931,0.608,0.151,0.076,0.255,-0.818,0.405,-0.870,0.193,-0.448,-1.048,1.088,-0.687,-0.411,0.362,0.440,-0.060
-15.602,14.439,-9.975,12.151,9.831,2.107,10.678,-1.097,5.534,-1.752,1.546,1.329,6.772,-0.396,-1.143,0.148,0.868,-0.754,0.151,-2.293,0.842,-0.323,-2.486,0.126,0.726,-0.054,0.191,0.006,0.357,-0.993,0.242,-0.614,-0.033,0.676,-0.588,0.562,0.326,0.509,-0.148
-16.347,14.312,-7.962,13.443,10.139,4.606,10.138,-3.716,3.328,-3.091,5.223,8.756,6.660,0.063,-0.439,0.157,0.370,0.328,-0.965,-1.707,0.649,-0.803,-1.563,1.670,1.533,-0.272,0.262,0.420,0.213,-0.789,0.196,-0.532,0.752,0.249,-0.161,1.064,-0.231,-0.150,-0.138
-17.117,11.911,-10.292,11.322,7.601,-1.430,6.087,1.365,3.542,-3.885,0.377,5.670,5.769,0.306,0.762,0.605,-0.240,-0.198,-0.959,-0.233,0.655,0.200,-0.050,0.956,0.615,-0.396,0.075,0.322,0.206,-0.558,0.151,-0.218,1.265,0.050,0.170,1.100,-0.216,-0.313,-0.165
-14.370,16.059,-8.278,11.123,11.777,-1.975,7.416,0.840,3.951,-2.591,7.899,8.631,5.913,0.507,0.904,0.733,-0.785,0.201,-0.890,1.447,0.838,0.586,1.173,-0.964,-0.545,-0.441,-0.093,-0.394,0.167,-0.359,-0.122,-0.004,0.930,-0.034,-0.096,0.775,-0.588,-0.467,-0.221
-15.058,17.378,-6.792,12.112,8.022,0.604,10.875,-0.098,6.222,-2.254,4.989,4.467,5.163,-0.241,-0.206,0.891,-1.345,0.063,-0.979,2.455,0.997,-0.170,1.648,0.362,0.201,-0.795,0.389,-0.791,0.377,-0.284,-0.485,-0.439,-0.330,-0.546,-1.029,-0.079,-0.352,-0.183,-0.182
-14.842,16.099,-6.044,9.124,10.934,-0.864,14.981,1.207,4.919,1.957,-1.902,6.631,4.756,-0.127,-1.924,0.850,-0.872,-0.411,-0.973,1.599,0.307,-1.097,1.460,-0.974,-0.595,-1.177,1.156,-0.932,0.925,-0.555,-1.647,-0.730,-1.827,-1.081,-1.643,-0.856,-0.028,-0.336,0.093
-18.084,10.862,-6.951,5.594,8.339,-6.881,14.582,6.167,2.206,2.082,7.090,7.676,2.371,2.571,-1.778,2.430,-1.616,-2.317,-3.112,-1.957,-1.809,-4.103,-0.591,-0.801,-0.274,-0.939,1.640,-0.722,1.430,-0.959,-2.165,-0.239,-2.463,-1.111,-1.294,-0.932,-0.193,-1.074,0.488
1.968,0.829,11.265,-6.994,-17.680,-14.764,-6.022,-7.460,-16.260,-4.183,-0.495,-1.663,5.340,3.760,-3.238,6.314,-6.036,-6.286,1.707,-4.341,0.639,-0.520,0.848,1.033,-5.153,1.088,-1.313,0.678,-0.471,0.123,1.669,2.129,1.523,1.456,2.620,1.480,0.100,-0.124,-0.227
1.461,-1.174,16.314,-10.210,-15.774,-5.659,-7.234,-4.604,-11.205,-0.992,4.193,-11.816,5.460,1.022,-2.563,4.566,-5.044,-3.335,4.078,-2.044,1.560,2.727,3.011,0.941,-5.196,0.332,-1.291,1.064,-1.306,0.820,1.683,0.922,1.778,0.920,1.747,0.781,-0.767,1.089,-0.598
3.139,-0.066,21.623,-13.262,-15.419,1.346,-3.630,0.660,-2.560,4.528,4.569,-13.615,5.202,0.533,0.052,3.038,-2.718,-0.607,4.671,-0.004,1.922,3.896,3.263,-0.908,-2.244,-0.704,-0.733,1.032,-1.611,1.130,0.904,-0.306,1.261,-0.051,0.074,-0.301,-1.510,1.529,-0.565
1.649,-0.681,21.962,-18.501,-20.680,-1.504,-9.619,-4.416,-5.283,5.199,1.214,-15.620,3.865,0.612,0.384,1.280,-2.419,-1.970,2.205,0.402,1.133,2.173,1.410,-3.691,-0.481,-1.085,-0.103,0.686,-1.288,1.123,0.178,-0.845,0.825,-0.164,-0.848,-0.875,-0.985,1.380,-0.235
4.538,0.841,23.633,-16.438,-18.263,6.515,-4.850,2.056,0.259,9.035,-3.547,-10.982,2.619,0.299,0.449,-0.096,-1.696,-2.450,1.112,0.743,0.598,0.127,0.145,-4.200,0.132,-1.030,-0.038,0.045,-0.912,0.899,-0.142,-1.039,0.339,-0.300,-1.230,-0.895,0.386,0.481,0.094
3.820,0.290,21.711,-20.719,-24.202,2.780,-4.613,0.365,-1.750,3.806,-10.204,-15.537,1.326,0.625,0.668,-0.309,0.063,-1.524,1.634,1.710,1.401,0.373,0.193,-2.338,0.518,-0.679,0.055,-0.261,-0.652,1.265,0.525,-0.906,-0.054,0.066,-0.908,-0.616,1.702,0.140,0.223
3.547,1.695,21.271,-20.634,-25.909,4.763,-2.420,1.258,-3.692,5.949,-10.722,-12.998,1.324,0.335,0.135,-0.729,0.535,-1.540,-0.238,1.038,0.289,-1.354,-0.603,0.346,-0.338,-0.437,0.335,-0.451,-0.872,1.376,1.217,-1.069,-0.549,0.148,-0.340,-0.681,2.059,0.237,0.142
5.270,2.235,21.598,-16.088,-24.479,7.540,-2.287,2.986,-1.441,7.707,-6.889,-12.023,1.116,0.871,-0.767,-1.660,2.789,0.200,-1.652,-0.015,1.618,-1.628,-1.296,2.547,0.453,-0.267,0.440,-0.369,-1.439,1.172,1.126,-0.729,-0.284,-0.664,-0.367,-0.605,1.407,0.424,-0.114
11.837,-1.143,6.150,-5.047,-12.658,-2.143,-6.516,4.908,-3.072,-1.909,4.643,-5.992,-0.948,1.808,0.327,-6.222,4.172,0.957,1.771,2.632,-3.993,-1.888,-0.569,1.698,2.201,-1.506,-0.475,0.472,0.621,-0.447,-1.132,1.212,0.758,-0.894,0.079,0.866,-0.792,-0.380,-0.072
12.422,0.259,-1.346,-0.214,-21.308,5.913,7.452,-10.322,-12.501,1.307,4.278,-7.260,-4.148,0.984,0.894,-4.357,2.986,-0.509,2.903,3.419,-4.745,-1.257,0.321,1.138,1.169,-1.388,-0.601,0.168,1.711,-0.776,-0.684,0.139,-0.714,0.794,0.894,0.583,-0.670,-0.523,0.285
11.917,0.567,-3.381,0.364,-22.009,6.557,5.866,-8.618,-14.056,-0.295,2.329,-6.068,-4.722,0.015,0.544,-1.486,2.229,-1.657,1.597,1.632,-2.060,-0.476,0.715,0.644,-0.237,-0.793,-0.467,-0.042,1.729,-0.917,-0.338,-0.598,-1.240,1.407,0.958,0.129,-0.708,-0.259,0.400
12.084,0.647,-2.996,3.173,-21.112,5.592,5.417,-8.971,-9.199,-0.934,5.754,-6.673,-4.670,-0.042,0.169,0.207,1.369,-0.164,-0.053,-1.691,0.615,1.912,0.398,0.225,0.399,-0.133,-0.186,0.056,1.086,-0.959,-0.212,-0.636,-0.872,1.386,0.472,-0.324,-1.023,0.260,0.250
12.083,1.381,-0.456,4.405,-21.042,6.002,2.664,-6.065,-7.104,2.785,7.126,-7.468,-4.653,-0.012,0.480,0.142,0.395,-0.906,0.259,-1.014,0.361,1.319,0.040,-1.387,1.290,-0.134,0.047,0.321,0.264,-0.993,-0.412,-0.394,0.101,0.532,-0.168,-0.673,-1.258,0.223,-0.063
12.130,0.694,-1.772,4.609,-22.611,5.927,0.597,-8.522,-6.416,1.756,3.003,-4.564,-4.846,0.068,1.205,0.260,-0.889,-1.944,0.394,0.382,0.976,0.205,-0.960,-2.960,1.707,-0.469,0.104,0.505,-0.001,-0.872,-0.650,-0.455,0.769,0.076,-0.656,-0.552,-1.150,-0.589,-0.313
11.832,2.943,-3.284,1.621,-25.788,7.685,3.208,-7.036,-8.854,-1.442,-3.229,-0.671,-5.305,0.194,1.630,-0.195,-1.607,-2.825,-0.596,1.099,0.419,-0.464,-1.972,-4.054,0.226,-0.940,0.186,0.479,0.159,-0.309,0.094,-0.750,0.493,0.245,-0.135,-0.042,-0.357,-1.227,-0.350
12.548,5.892,-0.285,0.119,-28.461,6.721,7.055,-3.606,-7.296,-3.623,-3.868,-1.538,-6.688,0.373,2.119,0.369,-1.992,-2.455,-1.901,1.097,0.964,-0.474,-1.356,-4.192,-2.015,-1.295,0.169,0.189,0.118,0.370,1.427,-0.615,0.011,0.092,0.260,0.297,0.498,-1.027,-0.288
12.845,6.930,-2.173,-1.385,-32.244,2.624,4.930,-6.428,-8.985,-4.385,-9.710,-7.854,-8.433,0.763,2.419,0.881,-0.597,-0.179,-2.345,1.095,1.590,0.985,0.026,-2.556,-2.985,-1.470,-0.092,-0.239,0.185,1.116,2.896,-0.139,-0.656,0.071,0.563,0.523,1.256,-0.219,-0.342
13.490,9.295,-0.481,-3.849,-31.658,-1.049,5.221,-4.006,-8.722,-3.552,-14.717,-11.047,-9.760,0.629,1.756,0.311,0.455,3.870,-1.807,0.441,0.852,0.780,-0.476,-1.217,-1.824,-1.646,-0.878,-1.377,-0.304,1.707,3.843,0.611,-1.111,-0.263,0.728,0.661,1.651,0.700,-0.134
10.359,8.922,1.585,9.733,0.730,-4.121,-5.180,-2.729,-1.595,-1.389,-8.613,-13.628,-18.906,-4.716,-6.861,-0.387,4.786,8.278,0.337,-0.547,2.082,1.763,0.900,1.712,1.339,2.503,-0.967,-0.609,0.330,-1.527,-2.913,0.313,1.200,0.758,-0.295,-0.405,0.273,1.299,2.683
-6.037,1.298,-1.679,-1.166,1.202,1.284,3.917,1.669,-1.667,0.637,3.419,0.660,5.448,0.696,0.740,-2.200,-0.237,1.251,0.142,0.609,-0.397,0.318,1.333,-1.175,0.133,-0.890,0.391,-1.402,-0.170,1.804,0.510,-0.377,-0.079,0.190,-0.098,-0.002,-0.832,-0.264,-0.851
-5.225,0.507,-0.873,2.924,6.666,2.878,3.543,6.411,2.677,0.692,-3.406,2.377,3.941,0.756,-1.309,-1.047,1.742,-0.197,-0.984,-0.237,0.993,0.110,1.296,-0.819,0.295,-0.080,-0.198,-1.069,0.463,0.891,-0.250,-0.428,-0.005,-0.176,-0.766,-0.654,-0.263,0.103,0.012
-4.446,-2.495,-3.797,3.041,3.985,-2.074,6.320,7.014,4.453,1.546,-5.327,1.357,4.831,-0.699,-1.871,-0.198,0.862,0.490,-1.138,-0.729,-0.325,-1.575,-1.005,-1.057,2.061,-0.005,-0.620,-0.074,0.564,-0.157,-0.102,0.140,-0.248,-0.617,-0.719,-0.465,0.438,0.102,-0.032
-6.063,-4.773,-2.748,3.714,3.042,-1.566,-0.004,6.870,-0.367,3.170,3.500,7.107,4.879,-1.241,-0.954,-0.059,0.206,0.513,-0.374,-0.940,-2.647,-2.874,-0.866,-0.443,1.221,-0.166,-0.362,0.720,0.226,-0.495,0.009,0.432,0.358,-0.215,0.245,0.049,0.254,-0.599,-0.390
-9.115,-5.415,-1.732,2.749,5.464,-2.182,2.048,-0.184,-8.021,-5.627,-5.320,8.602,4.954,-1.406,0.194,0.125,-0.253,0.386,0.535,-0.277,-1.663,-1.786,0.089,0.825,0.180,-1.006,0.062,0.714,-0.039,-0.053,-0.147,0.380,0.703,0.906,1.379,0.793,0.300,-1.082,-0.461
-9.097,-2.805,-2.200,4.098,8.490,1.063,0.977,-3.224,-5.455,-0.050,-5.623,4.857,3.050,-0.699,1.258,-0.080,-0.177,-0.099,0.341,1.330,0.585,1.439,0.995,-0.491,-1.760,-1.530,0.256,0.281,-0.049,0.344,-0.160,0.018,0.716,1.319,1.244,0.543,0.221,-0.701,-0.228
-9.959,-2.507,-3.446,1.584,3.191,-0.711,4.444,3.745,-1.933,3.599,3.362,3.383,0.715,-0.660,0.591,-0.383,0.791,0.061,0.404,1.651,2.590,3.163,2.032,0.467,-1.857,-1.630,0.320,-0.180,-0.075,0.528,0.187,-0.063,-0.047,0.401,0.473,0.009,-0.319,-0.064,0.229
-9.135,0.065,-2.289,3.410,3.681,-0.595,5.446,7.831,3.783,3.531,-3.299,0.919,-0.651,-0.335,0.250,-0.050,1.403,-0.126,-0.219,1.675,1.821,0.873,0.875,0.840,-1.267,-0.995,0.270,-0.470,0.026,0.251,0.206,0.006,-0.724,-0.518,-0.380,-0.313,-0.151,0.557,0.505
-12.394,-3.894,-3.601,7.048,8.173,0.666,8.066,7.238,3.176,2.742,-4.150,1.286,-1.342,0.011,-0.202,-0.267,1.599,1.334,0.502,-0.686,-0.278,0.862,0.194,-1.435,-0.387,-0.127,0.467,-0.262,0.233,-0.328,-0.402,0.078,-1.039,-0.800,-0.317,-0.214,-0.253,0.505,0.523
-9.554,-0.861,-2.373,8.381,5.368,-0.720,7.542,4.132,-3.646,4.754,2.332,-0.432,-0.895,0.316,-0.694,-0.009,0.674,0.292,0.322,-1.123,-0.570,0.690,0.348,-0.293,0.288,0.246,0.521,-0.246,0.177,-0.447,-0.536,0.357,-0.691,-0.589,0.124,-0.056,-0.058,0.223,0.190
-9.696,-3.056,-4.738,7.091,9.016,1.862,-0.037,4.205,6.092,3.958,-6.629,2.125,0.201,1.349,-0.247,0.764,-0.484,-2.158,0.524,-2.146,-0.216,1.670,1.224,-0.232,-0.112,0.367,1.026,0.141,0.036,-0.878,-1.053,-0.050,-0.383,-0.994,-0.899,-0.556,0.728,-0.131,-0.169
-8.902,-3.823,-1.766,6.761,4.722,0.417,3.881,6.497,5.774,4.661,-3.525,1.942,-0.193,1.601,-0.959,0.318,0.211,-1.061,1.554,-1.049,-1.153,1.090,0.081,-0.052,-0.291,-0.291,1.494,0.293,-0.147,-1.749,-0.793,0.000,-0.850,-1.476,-1.882,-0.949,0.446,-0.268,-0.173
-5.973,-3.647,-0.087,5.439,-2.294,2.715,-0.831,4.975,6.815,8.911,-2.380,-0.459,0.141,4.498,0.633,-0.250,-2.562,-3.253,-0.364,-2.637,-4.956,-3.834,-2.452,2.084,-0.752,-0.705,1.290,0.172,-0.167,-2.394,-0.082,0.162,-0.810,-1.057,-2.228,-0.889,-0.022,-0.289,0.006
14.148,-4.419,-0.334,-21.932,-8.179,7.140,-15.857,-10.749,-15.195,-0.031,-1.845,-1.763,0.600,3.511,-0.053,1.188,-7.451,-0.763,3.017,-2.912,0.763,-3.907,0.871,-2.045,-1.654,0.831,-1.904,0.137,0.168,2.480,1.344,0.645,1.693,2.334,1.264,0.925,-0.917,-0.125,0.066
12.703,-4.275,-0.438,-22.626,-3.037,11.096,-12.336,-7.102,-14.576,0.776,-5.268,-6.564,0.134,0.234,-0.285,1.398,-1.562,2.508,4.855,0.841,3.893,-1.704,1.933,-3.260,-2.129,0.616,-1.655,0.450,-0.301,2.972,0.481,-0.236,1.213,0.888,0.964,0.238,-0.230,0.589,-0.095
12.817,-3.049,0.393,-19.416,-0.450,14.630,-12.011,-2.817,-16.261,2.992,-6.617,-5.765,0.641,-0.678,1.143,0.009,1.736,1.571,2.430,0.839,2.498,-1.766,0.147,-2.553,-0.962,0.085,-0.965,0.504,-0.733,1.870,-0.233,-1.175,0.583,-0.887,0.345,-0.611,0.235,1.043,-0.211
11.887,-1.232,1.310,-16.540,0.931,17.470,-10.346,-0.818,-18.904,0.837,-11.858,-9.014,0.801,-0.688,1.619,-0.706,1.435,-0.302,0.839,0.036,0.285,-2.190,-0.347,-1.653,1.263,0.191,-0.237,0.341,-0.732,0.179,-0.820,-1.571,-0.156,-1.601,0.069,-0.515,0.503,1.224,-0.135
11.167,-0.224,-1.164,-16.296,-2.304,16.105,-12.657,-1.399,-21.859,0.674,-11.315,-5.349,0.692,-0.855,1.513,-1.427,0.399,-0.523,-0.848,0.406,-1.869,-1.941,-1.042,-1.672,1.866,-0.012,-0.019,-0.066,-0.292,-0.430,-0.274,-0.841,-0.056,-0.894,0.405,0.074,0.384,0.641,-0.017
10.089,2.409,-3.190,-17.012,-3.619,14.554,-11.833,-6.387,-22.727,0.199,-11.183,-0.459,1.061,-0.862,1.238,-1.546,-0.000,-0.546,-1.360,0.279,-1.930,-1.271,-0.049,-1.188,2.579,-0.009,0.060,-0.145,0.011,-0.100,0.253,-0.030,0.032,0.147,0.910,0.306,0.459,-0.274,0.023
9.440,2.695,-4.493,-17.187,-0.789,11.848,-9.236,-9.378,-24.053,-1.900,-15.314,-0.713,0.452,-0.687,1.006,-1.031,0.304,0.324,-0.676,0.436,-0.866,-0.198,0.367,-0.866,1.587,0.101,0.060,-0.110,0.068,0.099,0.101,0.463,-0.196,0.630,1.182,0.070,0.682,-0.807,0.092
8.440,3.499,-4.758,-16.095,-2.558,12.797,-10.663,-6.479,-24.160,1.877,-15.799,1.561,0.875,-0.472,1.149,-0.849,0.983,0.537,0.602,0.184,0.519,1.488,0.478,0.240,0.032,0.251,-0.009,-0.130,0.008,-0.067,-0.025,0.337,-0.075,0.260,1.098,-0.832,0.434,-1.151,0.053
8.557,4.262,-5.534,-15.236,-1.214,13.604,-11.063,-5.683,-22.131,1.672,-13.336,1.575,1.290,-0.751,1.005,-1.435,0.401,-0.560,0.488,-0.527,0.053,2.589,-0.958,1.026,-0.896,0.318,-0.049,-0.146,0.045,-0.411,-0.143,-0.001,0.047,-0.101,0.682,-1.251,0.178,-0.727,-0.035
8.169,7.369,-6.914,-13.071,-0.718,16.688,-10.002,-5.638,-16.248,0.802,-10.972,-1.441,1.899,-0.874,0.591,-1.303,-0.384,-0.230,-0.256,0.386,-1.091,2.828,-3.549,0.036,-1.934,0.149,0.053,-0.176,0.334,-0.636,0.074,-0.302,0.068,-0.061,0.010,-0.901,0.020,-0.013,-0.094
5.821,5.784,-10.588,-16.693,-4.510,12.342,-12.201,-9.531,-15.065,-6.150,-12.597,-3.691,1.530,-0.733,0.555,-0.580,-1.070,-0.008,-0.250,0.568,-0.565,2.541,-3.874,0.124,-1.064,-0.023,0.342,-0.023,0.745,-0.332,0.477,-0.064,-0.028,0.497,-0.200,0.448,0.381,0.637,-0.056
6.864,8.783,-6.471,-19.490,0.478,12.843,-11.642,-4.616,-10.582,-9.452,-8.212,-2.162,1.741,0.914,0.491,1.099,-0.661,0.847,0.573,-1.048,1.209,2.368,3.321,3.784,2.031,0.394,0.148,-0.584,0.033,0.457,0.021,-0.199,-0.051,-0.613,0.514,1.724,0.783,0.396,0.269
8.256,8.927,-4.524,-19.199,1.189,13.540,-12.771,-3.589,-5.454,-3.443,-3.720,1.143,2.080,0.830,-0.771,0.815,-0.357,0.779,0.128,-0.394,-0.302,2.776,4.086,3.922,1.909,0.617,-0.299,-0.858,-0.228,0.513,-0.182,-1.051,-0.126,-1.059,0.396,0.593,-0.031,-0.140,0.408
9.011,7.622,-4.745,-20.230,1.292,15.555,-11.587,-5.330,-4.373,0.706,-0.312,3.244,3.116,0.424,-1.576,0.871,0.639,1.045,-1.447,-0.313,-1.523,3.854,4.404,4.023,1.728,1.059,-0.601,-0.708,-0.188,0.706,-0.247,-1.472,-0.261,-0.569,0.363,-0.410,-0.938,-0.631,0.497
4.128,-1.265,-3.242,-12.016,1.109,-0.727,-16.836,-6.430,11.507,6.959,0.068,0.935,11.447,-1.271,-1.519,0.140,2.703,-2.045,-2.332,1.058,3.316,1.124,-2.493,-3.354,-1.383,1.034,0.535,0.366,0.167,0.236,-0.765,0.915,1.207,0.887,-1.354,-1.129,-0.256,0.220,-0.822
3.191,-1.749,-2.399,-7.235,0.586,-1.469,-13.598,-0.890,12.332,3.133,-2.570,-0.247,11.463,-0.332,-0.942,0.963,3.168,-2.300,-1.263,2.895,4.045,0.310,-2.614,-2.309,-0.638,0.059,0.714,0.332,0.386,0.181,-0.587,0.634,0.438,-0.286,-1.493,-0.460,0.506,0.592,-0.962
3.210,-3.845,-2.187,-6.506,-5.003,-6.033,-11.358,0.673,8.748,-0.912,-6.244,-0.161,10.503,0.646,-0.829,0.853,3.155,-3.285,-1.395,2.382,2.578,-1.573,-2.818,-1.374,0.159,-0.845,0.502,0.597,0.563,-0.055,0.411,0.404,0.010,-1.203,-1.516,-0.234,0.850,0.597,-0.980
4.228,-3.803,0.566,-2.294,-7.104,-4.732,-7.112,4.552,9.596,-0.561,-4.544,1.634,10.520,0.954,-0.388,1.854,3.605,-3.151,-0.990,0.757,0.644,-3.094,-2.506,-0.787,0.759,-1.809,-0.258,0.732,0.430,-0.590,1.322,0.420,0.184,-1.372,-1.443,-0.043,0.976,0.295,-0.752
6.838,-4.383,-0.461,1.289,-11.469,-6.069,-8.168,3.741,5.010,-5.282,-5.816,0.789,7.690,0.598,1.191,2.509,2.209,0.436,-0.447,2.176,-1.000,-4.754,-3.717,0.133,0.906,-2.934,-1.131,0.739,0.353,-1.051,1.897,0.743,0.664,-0.899,-0.330,0.708,1.249,-0.100,-0.102
6.146,-3.422,6.006,6.895,-11.938,-6.403,-11.407,0.796,-1.272,-7.211,-6.719,3.073,3.824,-1.597,1.708,2.286,0.689,2.451,0.362,3.918,-1.026,-5.312,-2.377,1.819,0.463,-2.657,-1.474,0.437,-0.131,-1.327,1.257,0.914,0.768,-0.172,1.257,1.499,1.201,-0.408,0.755
-7.271,2.190,10.576,0.602,-0.251,0.060,2.967,-2.515,-1.361,-2.096,6.722,0.093,4.186,-4.143,0.869,1.124,-1.313,-1.836,1.467,0.567,-0.600,3.138,3.367,1.686,-0.620,1.859,0.431,-0.485,-0.620,0.104,-0.840,-0.475,-1.082,0.199,0.695,0.029,-1.223,-0.080,0.191
-8.846,3.872,10.787,-1.444,-3.756,2.536,6.058,-0.059,3.958,-0.231,5.175,1.195,6.146,-2.808,0.633,0.433,-1.081,-0.921,0.328,0.002,-1.279,1.904,2.072,-0.888,-0.749,1.089,0.611,-0.411,-0.312,0.529,0.352,-0.289,-0.893,0.345,-0.461,-0.764,-0.927,0.056,-0.556
-12.531,5.121,11.836,-4.990,-7.902,-2.487,5.255,-4.160,-0.713,-2.721,3.294,1.206,6.148,-2.298,-0.184,-0.290,-0.385,0.485,0.371,0.526,0.468,1.343,1.169,-0.355,-0.587,-0.039,0.660,-0.131,-0.037,0.746,1.272,0.305,-0.404,0.683,-0.253,-0.661,-0.456,0.244,-0.741
-14.366,3.287,9.483,-0.784,-1.164,0.673,6.424,-3.055,-0.470,3.672,1.165,-1.786,5.955,-2.119,-0.044,0.398,0.580,2.253,1.639,-0.821,1.015,0.461,0.083,-0.112,-0.466,-0.865,0.517,0.159,0.329,0.415,0.748,0.488,-0.216,0.567,0.130,-0.659,-0.022,0.564,-0.431
-15.999,1.561,9.777,-1.654,0.877,2.847,5.417,1.322,7.566,1.797,6.953,-1.352,4.089,-1.186,0.551,0.958,1.586,2.935,2.335,-1.042,1.670,2.593,1.057,-0.980,0.460,-0.871,0.526,0.171,0.166,-0.078,0.177,0.332,0.136,0.019,-0.230,-0.719,-0.099,0.453,0.020
-17.707,5.431,13.807,-0.211,3.120,8.065,1.873,2.274,2.121,-2.076,2.783,0.145,2.850,-0.780,1.061,1.456,0.007,1.595,1.786,-0.297,0.953,1.928,-1.168,-0.686,1.546,-0.650,0.518,-0.236,-0.541,-0.629,-0.425,-0.401,0.797,-0.158,-0.462,-0.449,0.307,0.054,0.344
-16.789,6.806,14.462,2.651,4.632,5.490,2.321,1.528,10.955,5.438,-2.414,2.541,3.345,-0.339,0.120,0.013,-0.489,1.698,1.958,0.946,0.594,-0.542,-1.798,-0.561,0.674,-0.047,0.449,-0.421,-0.741,-0.612,-0.643,-0.753,0.721,-0.272,-0.916,-0.305,0.745,-0.497,0.433
-17.871,5.971,14.421,-2.904,4.935,8.279,6.487,1.608,7.478,-3.990,2.419,4.000,3.078,0.048,-1.008,-1.834,-1.527,0.746,-0.177,2.169,0.762,-0.280,-0.734,1.211,-0.305,0.441,0.442,-0.245,-0.341,-0.024,-0.608,-0.954,-0.189,-0.269,-0.444,0.512,0.413,-0.597,0.345
-17.614,1.890,9.534,-2.753,8.458,12.530,7.840,4.628,2.178,-6.236,4.331,0.090,3.740,0.646,-0.518,-1.102,-0.707,0.146,-0.451,1.331,0.405,-0.884,-0.685,1.795,-1.102,0.747,0.227,0.187,0.527,0.271,-0.558,-0.785,-0.936,-0.383,0.097,0.241,-0.168,0.049,0.058
-17.055,2.845,7.102,-5.145,4.939,3.659,9.959,4.536,5.107,0.091,5.463,-0.153,4.858,0.938,0.156,0.308,-0.003,-0.668,-1.778,-1.433,-0.299,-0.121,0.838,0.201,-0.550,0.678,-0.070,0.303,0.945,0.622,-0.029,0.058,-1.285,-0.396,-0.072,-0.547,-0.685,0.674,-0.291
-13.966,5.781,12.611,0.237,5.360,5.546,7.243,2.088,7.719,-0.028,5.037,-0.891,6.191,0.352,0.472,1.575,0.102,-0.383,-1.168,-1.932,-0.791,-0.136,-1.377,-0.898,1.042,0.125,-0.180,-0.007,0.513,0.524,0.216,0.477,-0.682,0.047,0.242,-0.538,-0.505,0.771,-0.662
-15.007,4.805,14.420,-4.414,3.145,2.882,-0.380,1.384,4.100,-2.907,3.072,1.740,5.243,-0.154,0.014,1.554,1.178,0.864,0.471,-2.624,-0.618,-1.012,-3.122,-0.867,1.992,-0.703,0.677,-0.331,-0.710,0.060,-0.511,0.628,0.757,0.300,0.158,0.324,0.299,0.113,-0.909
-16.877,3.273,13.750,-2.607,7.438,7.078,3.348,2.248,2.003,-11.621,1.038,4.355,4.173,0.290,-0.483,0.840,1.322,0.461,0.811,-1.485,0.800,0.772,-1.397,-0.198,1.480,-1.874,1.782,-0.229,-1.782,-0.324,-1.860,-0.120,1.343,0.082,-0.311,1.817,0.471,-0.921,-1.114
4.231,-0.500,-1.504,-9.060,-13.910,4.077,11.826,1.479,0.076,5.412,8.318,0.994,-6.133,8.151,0.314,-4.633,-0.059,-9.937,-2.764,2.924,-2.146,-4.618,1.401,-4.279,-2.123,-3.511,-0.606,0.020,0.768,0.639,0.705,-0.934,-1.503,-0.563,-0.555,-1.686,-1.332,0.316,1.320
14.262,0.867,-0.058,1.189,-29.509,-4.563,5.730,-8.460,-12.247,-9.570,-8.866,2.264,-7.179,-0.222,-3.664,-0.574,-1.052,5.391,-3.380,-5.136,1.147,1.740,-0.390,1.037,1.423,5.252,-1.790,-0.926,0.189,-0.887,3.784,0.260,0.116,1.000,2.118,0.785,1.769,0.173,1.247
10.394,-9.261,-3.342,-2.914,2.804,-13.513,5.059,-2.052,3.599,-3.348,-1.709,5.639,7.477,-0.327,-1.911,-0.442,-0.571,1.723,-0.231,3.590,-1.296,0.843,-1.803,-0.173,1.025,1.434,0.238,0.731,0.607,0.616,-2.132,0.919,0.727,-0.496,-0.938,-0.216,-0.581,-0.120,-1.186
7.923,-12.172,-7.584,-5.132,-3.702,-15.451,-0.731,-7.363,-2.317,-9.609,-4.513,-0.202,7.866,-0.405,-1.061,0.246,0.356,1.333,0.466,2.474,-1.117,0.943,-0.612,0.947,0.111,0.519,0.174,0.514,0.804,0.573,-0.952,0.775,-0.206,0.320,-0.429,0.635,0.191,0.227,-0.747
8.569,-11.548,-4.231,-2.122,2.415,-11.881,4.979,-2.940,1.907,-3.181,-0.166,5.782,8.878,-0.528,-1.290,0.789,0.167,0.813,0.294,0.358,-0.281,-0.308,0.619,0.530,0.478,0.386,0.013,0.123,0.567,0.287,-0.192,0.347,-1.092,0.656,-0.105,0.537,0.267,-0.000,-0.263
8.139,-13.307,-2.511,-2.844,3.580,-12.565,4.925,-3.885,1.979,-4.064,1.279,3.715,9.033,-0.214,-0.924,1.939,0.912,1.776,1.227,0.760,1.181,0.946,1.475,1.323,1.588,0.340,0.055,0.011,0.211,0.083,-0.221,0.317,-0.941,0.554,-0.012,-0.011,0.093,-0.055,-0.083
7.645,-15.144,-1.936,-3.225,3.230,-13.484,4.019,-5.198,-0.087,-3.028,-1.957,6.071,8.826,-0.355,-1.367,1.546,0.583,0.542,1.124,-1.012,0.835,0.316,-0.162,0.974,0.286,0.207,0.086,0.093,-0.263,-0.119,-0.292,0.160,-0.605,-0.005,0.251,-0.636,0.157,-0.568,-0.075
7.317,-14.992,0.964,-0.018,4.768,-8.514,3.546,-0.328,3.412,-2.310,2.997,7.592,9.593,-0.218,-0.969,0.922,0.565,0.365,1.638,-1.549,1.096,0.570,-0.279,1.192,-0.066,0.195,0.093,0.077,-0.710,-0.412,-0.464,-0.294,-0.503,-0.587,0.041,-0.833,-0.181,-0.817,-0.105
7.203,-17.540,1.763,-0.619,4.533,-8.289,0.609,-0.543,2.773,-4.868,3.847,5.271,9.634,-0.098,-0.802,-0.018,-0.252,0.060,0.890,-1.513,-0.264,1.135,-1.686,1.379,-1.536,0.086,0.165,0.211,-0.614,-0.257,-0.153,-0.420,0.046,-0.502,0.168,-0.283,-0.295,-0.342,-0.110
7.272,-16.953,0.251,-1.321,4.756,-6.972,-1.112,-0.730,3.398,-4.538,4.336,3.784,9.603,0.125,-0.820,-0.828,-0.729,-0.303,-0.125,-1.505,-1.205,0.743,-1.929,0.215,-1.589,-0.122,0.170,0.145,-0.190,-0.023,0.116,-0.413,0.298,-0.135,0.124,0.213,-0.319,0.099,-0.106
7.175,-18.173,-1.669,-3.835,3.534,-9.803,-1.217,-6.315,5.596,-10.341,4.268,0.297,9.251,0.297,-0.385,-0.646,-0.053,0.109,-0.095,-0.805,-0.525,1.068,-0.754,-0.014,-0.665,-0.184,0.105,0.136,0.214,0.195,0.279,-0.140,0.198,0.457,-0.079,0.766,-0.313,0.514,-0.066
7.957,-18.776,-1.462,-2.057,3.752,-8.384,-3.066,-3.468,5.713,-9.221,3.861,2.134,9.175,0.435,-0.451,0.285,0.350,0.920,0.067,-0.412,0.552,1.222,0.320,0.295,-0.009,-0.202,0.078,0.190,0.459,0.163,0.380,0.219,0.078,0.644,-0.040,0.953,-0.066,0.510,-0.001
8.345,-18.552,-0.613,-0.516,5.581,-8.057,-2.438,-1.798,6.956,-6.298,4.013,2.771,8.927,0.273,-0.308,0.495,0.181,0.843,0.095,-1.070,1.141,0.501,1.017,-0.228,0.245,-0.205,0.050,0.184,0.259,-0.080,0.185,0.380,-0.284,0.311,-0.063,0.681,-0.134,0.268,0.012
8.864,-19.017,1.146,-1.229,8.335,-7.510,-2.562,-0.228,8.830,-4.960,5.940,2.502,8.756,0.526,0.090,0.894,-0.031,1.231,0.873,-0.982,1.183,0.824,1.951,-0.007,0.508,-0.118,0.038,0.265,-0.106,-0.171,-0.043,0.540,-0.406,-0.182,0.025,0.386,-0.264,0.030,0.003
8.086,-19.591,-0.500,-3.342,5.457,-9.763,-6.819,-2.228,6.544,-7.385,2.090,1.338,8.438,0.501,0.264,0.344,-0.264,0.878,1.403,-1.942,0.714,0.951,1.837,-0.534,0.419,-0.166,0.023,0.228,-0.443,-0.139,-0.168,0.689,-0.365,-0.582,0.057,0.201,-0.330,-0.180,-0.098
10.717,-17.808,2.953,-0.799,9.971,-3.168,-5.787,2.664,10.042,1.080,4.786,5.389,8.827,0.513,0.588,-0.172,-0.285,0.689,2.114,-2.008,-0.146,1.125,1.838,-0.874,0.056,-0.207,-0.017,0.227,-0.822,0.006,-0.479,0.573,-0.235,-0.762,-0.201,0.034,-0.354,-0.228,-0.386
9.924,-17.839,0.203,-2.049,9.151,-3.212,-10.536,0.325,11.105,-0.134,1.920,3.424,8.063,0.394,0.586,-1.188,-0.388,0.272,2.920,-2.384,-1.102,0.635,2.077,-1.442,-0.430,-0.649,0.043,0.139,-0.741,-0.161,-0.738,0.492,0.202,-0.681,-0.804,0.026,-0.033,-0.119,-0.452
10.512,-16.954,-0.066,-3.299,9.931,-0.214,-10.743,-2.234,12.176,0.604,1.653,1.742,7.908,0.493,1.065,-2.448,0.062,-0.862,2.980,-1.936,-1.717,-0.024,2.001,-1.324,-0.208,-1.809,0.156,0.230,-0.423,-0.298,-0.839,0.459,0.688,-0.380,-1.179,-0.093,0.415,0.177,-0.489
10.159,-17.090,-4.933,-4.032,6.838,3.362,-16.257,-5.290,8.651,3.239,-3.556,1.011,5.651,0.727,0.718,-2.221,-1.241,-2.035,3.429,-0.968,-1.905,-2.497,1.885,-0.475,-0.045,-1.624,0.303,0.446,0.041,-0.363,-0.809,0.177,1.260,-0.086,-1.234,-0.599,0.629,0.500,-0.297
13.063,-12.855,-6.722,0.503,6.818,8.442,-12.606,-3.114,11.151,9.401,0.904,5.553,0.989,1.125,1.670,-1.773,-1.349,-2.353,4.157,0.725,-1.644,-3.205,1.469,0.716,0.748,-2.167,0.261,0.673,0.286,-0.350,-0.683,-0.245,1.284,0.194,-0.945,-1.237,0.247,0.439,-0.050
12.284,-16.297,-7.574,-10.154,0.533,9.605,-14.443,-8.759,-0.865,4.891,-0.081,1.294,3.400,1.593,2.513,-1.322,-1.499,-3.027,3.215,2.584,-1.569,-3.945,-0.652,0.683,1.592,-1.958,0.085,1.091,0.366,0.537,-0.154,-0.848,0.983,0.703,-0.016,-1.232,-0.187,0.284,-0.196
15.074,-9.001,-7.609,-6.981,1.316,17.447,-8.027,-8.718,0.910,7.122,3.498,5.340,-1.803,1.367,3.536,-1.467,-1.558,-3.783,1.861,2.710,-0.917,-4.026,-2.917,-0.666,1.167,-1.893,-0.390,0.730,0.614,0.978,0.349,-1.581,0.138,0.781,0.134,-1.154,-0.509,-0.725,-0.200
17.119,-6.454,-11.098,-7.786,-5.544,14.935,-5.628,-10.332,-5.955,1.117,-1.438,9.075,-2.742,1.030,5.241,-0.543,1.548,-2.091,0.337,2.956,1.245,-2.168,-2.081,-0.718,1.164,-2.741,-0.837,0.090,0.978,1.030,1.196,-1.567,-0.602,0.744,0.597,-0.170,-0.019,-1.393,-0.248
12.815,4.831,-4.640,0.052,-4.467,7.124,-3.724,-7.901,-15.165,-10.093,-2.344,-6.459,-12.807,-2.904,0.321,1.929,1.344,2.710,-2.290,0.517,0.976,-1.008,-1.197,0.820,-2.870,-2.278,-0.606,-1.359,-0.673,-0.744,0.673,0.576,0.464,0.754,1.452,1.520,0.730,1.327,0.441
11.260,4.831,-3.035,-2.742,0.145,6.253,-3.931,-3.513,-7.910,-1.323,2.957,-1.238,-12.810,-3.421,-1.217,-0.137,-0.454,2.384,-1.627,1.390,2.955,1.350,0.552,1.832,-0.352,-1.690,-0.081,-0.740,-0.842,-0.281,-0.109,0.792,0.832,0.302,0.774,1.056,0.282,1.542,0.452
5.445,1.818,-5.107,-1.216,2.047,6.743,0.117,-1.992,-11.532,-8.774,0.351,-3.214,-14.646,-2.678,-0.853,-1.199,-0.544,1.894,0.115,3.010,3.778,2.530,3.156,2.014,2.420,-1.103,0.491,0.031,-0.314,0.216,-0.411,0.711,0.398,-0.296,0.245,0.577,0.188,1.070,0.401
2.809,0.878,-8.399,-3.304,3.925,4.523,3.083,8.380,-3.098,1.792,6.763,2.653,-16.037,-2.159,-0.363,-0.267,1.398,1.459,0.226,3.227,1.375,0.838,1.934,1.630,1.606,-1.081,0.750,0.329,0.247,0.501,-0.411,0.422,-0.467,-1.220,-0.841,-0.643,-0.183,-0.104,0.332
3.653,2.545,-7.954,-2.388,3.114,8.564,7.819,5.043,-4.920,4.129,5.825,3.697,-16.707,-1.079,0.049,0.422,1.496,1.115,0.339,1.590,0.287,0.475,0.998,1.860,1.504,-0.578,0.594,0.160,0.435,0.114,-0.390,0.125,-1.046,-0.975,-0.881,-1.111,-0.388,-1.101,0.271
1.363,2.653,-2.944,4.833,6.903,6.471,8.354,-0.156,-7.028,1.893,8.370,3.335,-17.183,-0.471,-0.022,0.285,1.030,0.720,0.373,-0.236,-1.402,-1.829,-1.586,0.995,-0.414,-0.291,0.455,-0.062,0.094,-0.517,-0.312,0.090,-0.725,0.024,-0.313,-0.400,-0.507,-0.706,0.266
0.774,1.176,-5.723,2.196,6.134,7.466,5.434,3.712,-7.192,-3.836,8.848,3.963,-16.960,-0.550,-0.224,0.699,0.212,0.313,0.667,-0.489,0.294,-0.543,-0.638,0.390,-2.076,-0.143,0.144,-0.242,0.060,-0.251,-0.206,-0.135,0.073,0.558,0.171,0.409,-0.379,-0.058,0.133
1.894,1.451,-8.088,-0.449,6.014,6.938,3.095,2.034,-11.107,-2.153,10.227,0.451,-17.365,-0.148,-0.536,0.064,-0.543,0.298,0.511,0.640,1.492,-0.217,0.752,-0.172,-0.135,0.033,-0.065,-0.305,0.117,0.218,-0.118,-0.365,0.531,0.803,0.688,0.795,0.018,0.841,0.050
0.636,2.025,-1.885,1.315,5.123,11.669,8.004,5.419,-5.596,2.964,6.848,-5.241,-17.330,-0.520,-0.902,0.831,1.029,0.297,-0.404,1.519,1.629,0.522,1.875,0.548,1.075,-0.076,-0.069,-0.237,-0.100,0.429,-0.091,-0.554,0.216,0.220,0.299,0.202,0.342,1.071,-0.009
0.692,-0.454,-4.542,2.556,8.900,6.923,10.267,6.448,-8.908,2.256,8.508,7.262,-16.833,-0.810,-1.207,0.804,1.710,0.137,-0.918,1.413,1.946,1.077,1.135,1.004,2.214,-0.076,-0.088,-0.125,-0.147,0.376,-0.108,-0.479,-0.218,-0.111,0.083,-0.283,0.434,0.550,-0.039
-1.227,-2.383,-3.340,5.839,6.176,5.453,9.443,9.650,-5.682,3.336,12.447,5.934,-17.606,-0.565,-1.074,-0.171,1.233,-0.062,-1.390,0.205,1.166,0.305,0.182,1.514,2.102,-0.132,0.016,-0.021,-0.298,-0.007,-0.092,-0.244,-0.384,-0.170,-0.120,-0.434,0.244,0.194,-0.017
