-9.489,7.156,2.661,16.495,13.260,7.753,12.395,9.510,8.088,1.063,-2.649,-8.833,-21.961,0.414,0.537,0.660,0.132,-1.081,-0.933,-2.057,-2.393,-1.519,0.401,0.678,3.550,0.118,0.024,-0.177,-0.147,-0.334,-0.231,-0.040,0.356,0.057,0.259,0.495,0.107,-0.281,0.007
-8.648,8.728,3.611,13.828,8.851,9.429,9.116,6.567,5.187,2.384,0.898,0.016,-21.196,0.453,0.155,0.244,-0.706,-1.787,-1.777,-2.174,-2.107,-0.390,1.781,0.498,3.393,0.142,-0.041,-0.196,-0.155,-0.372,0.083,0.232,0.758,0.066,0.207,0.259,0.244,-0.788,-0.033
-7.840,9.054,5.484,18.488,10.061,2.252,3.750,-0.984,1.942,2.408,-1.030,4.493,-21.756,0.516,-0.156,0.134,-1.121,-1.883,-0.712,-0.217,-2.250,-0.788,2.184,1.305,2.226,0.142,-0.119,-0.100,-0.069,-0.334,0.526,0.681,0.838,0.455,0.181,-0.199,0.233,-1.123,-0.042
-8.048,6.982,2.470,11.970,5.923,1.621,5.849,4.223,9.210,9.296,-0.970,1.467,-21.353,0.158,-0.096,0.148,-1.101,-0.266,0.116,0.813,-2.137,-0.850,0.802,1.587,0.272,-0.060,-0.192,0.012,0.029,0.072,0.617,0.680,0.261,0.590,0.060,-0.686,0.227,-0.655,-0.053
-7.207,7.248,3.903,11.822,5.307,8.095,12.946,-0.567,2.134,8.529,4.811,1.573,-21.174,-0.034,0.163,0.362,-1.340,0.789,1.527,0.640,-0.105,-0.387,-0.106,1.296,-0.507,0.010,-0.169,0.024,-0.197,0.222,0.232,-0.018,-0.351,0.892,0.432,-0.495,-0.096,-0.181,0.001
-8.175,9.150,5.140,11.657,9.898,7.086,8.582,-4.328,0.845,3.334,5.913,2.837,-21.788,-0.234,0.056,0.275,-0.237,-0.037,0.505,-1.299,-0.229,-0.293,-0.505,1.635,1.482,-0.058,0.070,-0.121,-0.463,0.197,-0.537,-0.455,-0.187,0.869,0.538,-0.028,-0.166,0.053,0.138
-7.947,8.783,5.959,11.943,12.020,7.153,5.582,2.768,4.192,4.859,2.010,1.274,-21.490,-0.130,-0.114,-0.915,-0.441,-0.840,-0.997,-0.916,1.255,1.092,0.365,0.799,0.717,0.146,0.203,-0.169,-0.481,0.062,-0.612,-0.588,0.448,0.379,0.397,0.032,0.016,0.059,0.176
-8.849,6.493,2.815,10.724,2.381,4.618,3.039,1.411,6.717,8.605,8.606,9.028,-21.486,0.554,-0.565,-1.527,-0.563,-2.136,-0.898,0.654,1.526,1.099,0.426,1.006,-0.077,0.562,0.322,-0.122,-0.270,-0.146,0.168,-0.083,0.885,0.038,-0.123,-0.404,-0.300,-0.391,0.201
-7.522,8.008,0.490,10.082,4.866,4.344,11.137,2.839,4.657,7.717,7.463,2.062,-20.592,0.587,-0.371,-1.142,-0.869,-1.223,-0.711,1.902,0.911,0.901,-0.409,1.689,0.568,0.578,-0.248,0.121,-0.070,0.085,0.406,0.386,0.139,-0.643,-0.757,-0.583,-0.502,-0.131,0.409
-5.616,6.715,0.240,9.770,2.792,4.001,9.074,3.267,6.108,4.036,8.216,2.059,-19.429,1.018,-0.424,-0.962,-0.753,0.993,-0.052,1.719,0.134,-0.813,-2.136,-0.311,-0.400,0.731,-1.150,0.426,-0.008,0.566,0.471,0.519,-0.572,-0.756,-0.890,-0.258,-0.850,-0.135,0.700
-6.629,6.818,1.536,8.075,5.698,3.905,12.073,6.393,9.001,5.096,10.651,7.597,-19.631,-1.604,0.423,-1.548,0.079,-0.375,0.509,-0.754,-1.265,-1.736,-1.269,-1.052,0.222,2.108,-0.972,0.497,0.089,0.905,0.137,0.422,-0.943,-0.574,-0.614,0.274,-0.811,-0.360,0.703
-4.206,4.968,-2.517,7.962,6.932,4.575,11.168,0.306,0.478,-0.767,5.455,4.262,-18.310,-4.101,1.166,-1.364,1.790,-0.204,1.087,-0.881,-1.165,-2.033,-0.433,-1.872,-0.578,3.299,-0.235,0.121,0.316,0.466,0.082,-0.263,-0.511,0.153,0.687,0.733,-0.068,-0.304,0.129
-16.248,10.996,-5.870,11.380,0.922,6.604,6.321,-2.005,-1.208,3.774,3.583,2.072,-10.612,-1.715,1.318,-0.495,2.384,0.058,0.827,-1.515,-1.309,-1.560,0.109,-1.584,-1.145,2.810,1.227,-0.729,0.582,-0.572,0.640,-0.873,0.304,0.531,1.345,0.286,0.396,-0.469,-0.822
-21.309,10.458,-2.874,17.070,4.162,8.085,7.547,1.643,1.049,2.533,2.391,1.934,-7.445,-0.104,-0.268,0.091,0.423,1.186,-1.525,-0.455,0.921,2.536,0.840,-0.388,-1.237,1.025,1.572,-1.048,0.367,-1.538,0.421,-0.983,0.430,0.320,1.292,0.056,0.694,-0.143,-1.205
-6.654,10.664,-0.763,15.444,7.375,6.285,6.309,-0.818,0.916,3.989,4.265,3.035,-11.012,2.530,-2.503,0.636,-2.096,2.131,-2.550,0.555,0.349,2.707,-0.477,0.188,-1.794,-0.867,0.246,-0.770,0.115,-1.332,-0.051,-0.418,0.473,-0.049,0.513,-0.000,0.651,0.488,-0.678
-9.525,3.794,-4.616,8.044,9.635,-2.892,8.899,4.319,12.097,3.323,3.177,-2.405,-12.986,1.634,-2.161,-0.096,-3.659,0.867,-2.138,0.237,-0.394,2.295,0.138,0.710,-0.969,-0.887,-0.372,0.119,0.244,-0.502,-0.855,0.315,0.388,0.046,-1.140,-0.178,0.232,0.891,0.572
-9.489,1.812,-1.821,5.414,8.840,-0.657,8.421,-1.597,6.801,0.991,4.129,-4.730,-12.176,-1.354,-1.586,0.173,-2.233,-0.038,-0.955,0.507,-0.897,1.128,0.459,1.123,1.162,0.377,-0.592,0.630,0.286,0.205,-1.054,0.281,0.314,0.816,-1.649,-0.262,-0.187,0.870,1.456
-11.720,4.080,-2.824,3.791,7.765,0.865,7.674,0.063,9.580,4.724,6.009,0.969,-11.295,-0.020,-0.132,1.541,-2.018,-2.002,-0.745,1.507,1.775,-2.373,-0.520,0.306,1.737,3.262,0.019,0.479,0.605,0.400,-0.632,-0.106,0.196,0.853,-1.462,-0.530,-0.209,-0.122,1.420
-12.329,2.591,-0.794,6.406,8.119,-0.368,9.457,-3.175,7.813,5.583,8.465,7.159,-9.973,0.398,-0.369,1.247,-1.889,-1.703,-1.839,1.489,3.347,-3.203,-1.457,-0.546,1.203,4.337,0.420,0.204,0.417,0.130,-0.225,-0.321,0.015,0.360,-0.827,-0.332,0.169,-0.965,0.575
-8.208,2.745,2.576,-2.544,-0.016,-6.764,15.917,13.983,-0.275,-1.572,2.539,0.337,2.222,0.854,-0.374,2.392,-1.829,-1.462,-2.227,0.726,1.750,-2.852,-1.555,0.500,-1.603,4.233,-0.208,-0.242,-0.223,0.494,0.432,-0.212,-0.330,-0.894,0.523,0.353,0.631,-0.748,-0.789
-9.257,0.635,1.712,-0.866,4.215,-6.036,11.742,8.175,-4.284,-3.147,3.131,1.603,2.753,0.309,-0.444,1.833,-1.679,-1.434,-1.821,0.973,0.916,-2.768,-0.681,1.870,-1.991,2.764,-0.485,-0.408,-0.491,0.692,0.450,0.046,-0.261,-0.817,1.279,0.801,0.534,-0.020,-1.342
-8.986,3.189,7.884,-1.719,2.407,-7.437,10.161,3.138,1.366,1.314,11.176,-4.265,3.510,-1.015,-1.304,0.134,0.346,0.024,-1.814,0.117,-1.477,0.025,0.857,2.255,-0.405,0.104,-0.432,-0.497,-1.049,0.712,0.562,0.438,-0.280,-0.073,1.164,0.449,-0.490,0.868,-1.245
-10.397,0.150,5.719,-2.403,-0.265,-9.138,17.198,6.829,-6.850,0.734,13.496,-0.494,3.201,-1.095,-1.943,-0.079,0.484,-0.197,-1.815,0.486,0.876,1.753,1.343,1.243,0.503,-0.307,-0.034,-0.140,-0.716,0.306,0.438,0.938,-0.692,-0.117,0.929,-0.093,-1.271,0.787,-0.721
-12.711,-3.535,1.242,-0.043,2.347,-14.284,13.776,7.271,1.135,0.772,8.633,-0.641,2.517,-0.605,-2.110,-1.896,0.648,0.731,-0.043,-0.429,1.406,0.707,-0.324,-1.637,1.490,-0.455,0.355,0.480,-0.087,-0.310,-0.173,1.052,-0.590,0.025,-0.045,-0.597,-0.977,0.284,-0.191
-12.871,-5.717,4.638,0.717,3.263,-11.686,12.367,10.488,4.597,3.836,10.619,2.305,1.713,-0.067,-0.740,-0.730,-0.302,0.400,1.982,-2.213,-1.109,1.538,-0.554,-2.537,0.998,-0.560,0.290,0.786,0.190,-0.286,-0.340,0.359,-0.384,-0.627,-0.610,-0.646,-0.283,0.035,-0.091
-10.772,-4.427,-1.053,-0.041,4.296,-6.376,10.432,8.339,-0.823,-1.860,4.431,1.784,1.980,0.247,0.494,0.022,-0.812,-1.137,1.549,-1.481,-0.358,-0.090,-1.180,-0.738,0.769,-0.722,0.041,0.522,0.569,0.019,-0.364,-0.559,0.063,-0.298,-0.256,-0.003,0.295,-0.292,-0.038
-11.700,-3.104,3.218,-3.912,0.762,-3.181,7.803,0.751,1.817,-0.719,2.911,3.283,0.670,-0.071,0.685,-0.087,-0.217,-0.962,-0.817,-0.908,-1.378,-0.900,-1.458,-0.621,1.039,-0.626,-0.032,-0.051,0.114,0.329,0.094,-0.730,0.489,0.596,-0.033,0.381,0.312,-0.239,0.089
-12.065,-2.373,2.063,-1.790,-2.087,-10.791,8.652,10.351,2.075,-2.852,8.798,2.715,-0.570,-0.396,-0.213,0.628,0.700,-0.407,-1.440,-0.765,0.051,0.644,0.114,-1.119,0.011,-0.612,-0.018,-0.334,-0.001,0.206,0.482,0.115,0.208,0.404,0.412,0.821,0.327,0.095,0.201
-12.581,-3.320,2.647,0.507,1.644,-13.564,8.719,2.590,-1.350,-2.958,5.329,7.035,-0.143,0.096,-0.641,-0.463,0.586,0.507,-0.172,-0.126,1.669,1.006,0.704,-0.786,0.180,-0.172,0.114,-0.148,-0.018,-0.024,0.218,0.613,-0.102,0.400,0.330,0.731,0.507,0.251,0.168
-12.309,-5.384,2.373,1.250,1.822,-8.382,6.150,7.673,3.980,-0.171,-2.373,-0.038,-0.676,0.071,-0.511,0.204,-0.185,0.537,1.800,-0.834,0.137,1.020,1.846,0.977,1.674,0.056,0.132,0.162,-0.157,-0.214,-0.158,0.069,-0.224,-0.142,-0.317,0.260,0.835,0.446,0.132
-11.100,-4.803,0.747,-2.502,1.344,-5.244,8.427,10.434,5.892,1.462,4.568,5.560,-0.135,0.265,0.093,0.035,0.106,-0.345,0.629,-1.383,0.580,0.562,1.329,0.863,1.463,-0.120,-0.012,0.210,-0.086,-0.037,-0.363,-0.588,-0.098,-0.558,-0.645,0.016,0.499,0.049,0.021
-12.448,-4.187,4.033,-1.210,0.748,-5.951,4.629,7.113,3.551,4.166,14.065,11.824,-0.296,0.181,0.228,-0.403,-0.128,-0.770,-1.496,-1.258,-0.113,-0.719,1.102,2.230,1.602,0.022,-0.039,0.091,-0.196,0.134,-0.115,-0.762,0.396,-0.160,-0.560,-0.261,-0.427,-0.418,0.025
-11.189,-3.453,1.990,2.268,0.456,-11.634,2.563,5.772,1.674,1.519,1.426,8.416,-0.931,-0.020,0.040,-0.587,0.374,-0.652,-1.463,-0.403,-0.996,-1.352,1.158,1.081,0.462,-0.047,-0.088,-0.008,0.093,-0.064,0.262,-0.128,0.518,-0.042,-0.382,-0.363,-0.523,-0.259,0.089
-11.360,-4.916,-0.265,-1.776,-1.584,-12.665,2.792,9.440,2.496,5.311,10.345,6.543,-0.171,0.017,-0.030,-0.464,0.349,0.117,-0.963,0.656,0.125,-0.826,0.624,-1.265,0.082,0.145,0.001,0.204,0.368,0.047,0.352,0.423,0.152,0.171,0.118,-0.700,-0.740,-0.292,0.061
-11.742,-4.236,-0.040,-0.351,-0.748,-9.200,7.330,4.289,-0.339,6.682,11.832,10.511,-0.432,-0.095,0.180,0.529,-0.452,0.524,-0.275,0.251,0.252,-1.296,-0.246,-0.003,0.926,0.264,0.031,0.240,0.424,0.066,0.097,0.596,-0.049,0.538,0.572,-0.946,-0.441,-0.309,0.029
-12.086,-3.947,2.730,1.843,1.937,-11.984,5.526,8.478,0.429,4.704,2.535,11.189,0.178,0.221,1.178,0.877,0.521,0.402,0.028,-0.827,0.116,-0.159,-1.698,-0.931,-0.091,0.172,-0.013,0.039,0.182,0.112,-0.333,0.757,0.099,0.177,0.417,-0.686,0.029,-0.522,-0.075
-11.300,-3.035,3.137,-1.799,1.313,-13.350,2.452,7.512,-3.775,0.592,5.317,10.725,0.215,0.035,0.637,0.864,0.618,-0.308,1.019,0.095,1.700,1.173,-2.410,-1.293,-0.998,0.082,-0.077,-0.268,-0.142,0.072,-0.502,0.557,0.640,0.054,0.287,-0.086,-0.271,-0.527,-0.120
-10.475,0.373,2.531,1.551,-0.604,-10.449,1.095,8.407,3.419,-0.135,8.950,5.979,0.365,-0.110,-0.064,0.278,0.375,-1.133,2.173,1.231,0.285,0.025,-1.722,-0.474,-1.564,-0.139,-0.095,-0.571,-0.270,-0.220,-0.202,-0.032,0.432,-0.233,-0.221,0.701,-0.104,-0.005,-0.105
-12.375,-3.213,4.381,2.884,-1.020,-4.870,10.021,12.825,4.030,-2.951,2.162,8.127,-0.115,-0.314,-0.538,0.119,-0.019,-1.218,1.438,2.423,0.439,0.046,-0.667,-1.586,-0.972,-0.182,0.034,-0.312,-0.311,-0.289,0.290,-0.551,-0.215,-0.528,-0.236,1.126,0.208,0.545,-0.074
-12.100,-4.179,3.500,1.377,-2.564,-5.358,7.899,7.249,-3.350,-2.135,1.743,4.666,-0.351,-0.078,-1.092,-0.101,-0.259,-0.154,-0.342,0.167,-0.416,-0.703,0.935,-1.306,-0.132,-0.223,0.080,-0.030,-0.190,-0.120,0.665,-0.582,-0.540,-0.104,0.182,0.646,0.386,0.830,-0.042
-12.055,-3.447,3.246,-1.806,-3.794,-8.706,11.167,10.284,-0.158,-1.740,0.991,6.523,-0.335,0.189,-0.407,-0.502,-0.511,0.650,-0.479,-0.448,-0.590,0.356,1.891,0.164,1.012,-0.244,0.089,0.202,-0.068,0.031,0.559,-0.167,-0.664,0.245,0.351,-0.040,0.878,0.611,-0.057
-11.024,-4.971,2.595,2.599,0.012,-10.242,1.356,7.596,1.998,3.936,3.007,6.123,-0.642,0.039,-0.279,-0.362,0.022,1.257,0.222,-0.032,0.282,0.777,0.228,0.580,1.594,-0.318,0.055,0.350,0.245,0.134,-0.192,-0.029,-0.204,0.530,0.356,-0.891,0.586,0.275,-0.060
-11.970,-4.852,2.325,-0.279,0.941,-4.822,11.051,9.703,3.137,3.468,2.352,12.462,-1.188,0.074,0.067,-0.091,-0.003,0.873,0.321,-0.797,1.316,1.062,-0.514,1.859,1.221,-0.419,0.148,0.207,0.365,0.236,-0.674,-0.521,-0.320,0.514,-0.001,-1.018,0.047,-0.112,-0.041
-11.948,-4.869,2.153,0.725,1.352,-6.189,7.795,8.951,-1.109,-3.599,3.965,9.666,-1.515,0.254,0.421,0.919,0.154,-1.226,-0.886,-0.681,1.282,0.724,-2.315,0.779,1.137,-0.434,0.264,0.154,0.317,0.116,-0.520,-0.692,-0.382,0.077,-0.012,-0.056,-0.442,-0.319,-0.006
-11.222,-3.165,3.011,-0.883,-0.099,-9.127,3.962,16.186,6.707,-0.542,9.808,10.858,-1.994,0.820,0.277,0.681,0.601,-1.480,-2.529,-1.726,1.483,0.378,-1.927,0.298,0.680,-0.389,0.203,-0.065,0.029,-0.026,0.120,-0.188,0.061,-0.267,-0.115,0.502,-0.750,-0.371,-0.041
-10.127,-3.709,6.845,3.673,-5.596,-12.520,1.493,10.765,3.832,-5.637,3.173,12.612,-2.410,0.988,0.389,0.837,0.300,-0.168,-1.815,-1.479,0.585,1.057,0.656,-0.850,0.270,-0.364,0.097,-0.210,-0.410,-0.215,0.860,0.658,0.405,-0.245,0.197,0.769,-0.345,-0.452,-0.125
-8.778,-4.048,3.384,1.252,-2.983,-14.300,5.574,16.209,2.556,-5.147,4.238,14.389,-2.687,0.724,-0.242,0.094,-0.204,0.944,-0.156,-0.094,0.328,0.321,0.510,-1.077,-0.199,-0.658,-0.110,-0.337,-0.433,-0.149,0.877,1.321,0.338,-0.335,0.310,0.399,0.117,-0.277,-0.206
-8.231,-2.483,6.150,1.157,1.956,-12.678,-0.404,11.864,6.252,1.984,2.500,9.249,-2.988,0.787,-0.368,-0.839,-0.519,1.864,1.216,0.529,0.635,1.738,0.310,-0.258,-0.683,-0.924,-0.087,-0.273,-0.332,0.118,0.291,1.186,0.049,-0.386,-0.157,-0.177,0.686,0.023,-0.222
-8.551,-4.988,3.830,-0.645,0.843,-9.830,4.438,17.276,7.100,-1.802,4.757,11.546,-4.997,0.369,-1.030,-0.646,0.264,1.888,2.559,-1.041,-0.216,1.588,0.244,0.587,-0.230,-1.138,0.059,0.049,0.014,0.425,-0.052,0.660,-0.509,-0.817,-0.461,-0.140,0.411,0.039,-0.131
-6.307,-5.079,2.427,2.028,1.813,-8.673,4.704,13.405,10.251,-5.760,1.623,10.620,-5.875,0.732,-0.581,-0.454,0.654,0.817,2.756,-0.761,-1.075,-0.362,-0.098,1.748,0.398,-1.234,0.145,0.236,0.123,0.368,-0.284,0.026,-0.515,-0.856,-0.777,0.021,-0.056,0.071,-0.078
-7.897,-7.902,2.016,2.136,6.531,-3.509,-2.187,14.359,8.495,-0.057,7.613,12.555,-6.934,1.044,0.111,-0.031,1.335,1.205,2.372,-1.994,-2.900,-0.933,0.012,-0.026,-0.541,-1.160,0.297,0.539,-0.030,0.205,-0.346,-0.593,0.228,-0.469,-0.376,0.055,-0.734,-0.153,-0.099
-4.896,-3.931,4.790,3.036,3.198,-2.057,-0.899,7.949,3.743,0.623,9.809,10.735,-8.189,1.175,0.244,-0.530,0.785,0.784,1.437,-1.571,-2.304,-0.888,0.532,-0.231,-0.173,-1.305,0.051,0.500,-0.360,-0.036,-0.056,-0.418,0.976,0.134,0.188,0.337,-0.774,-0.403,-0.183
-4.036,-5.008,2.496,5.525,6.175,-1.277,-2.730,5.503,5.688,-4.932,0.535,8.782,-9.640,1.630,1.255,-0.758,1.223,0.174,0.256,0.504,-1.949,-0.032,0.201,-2.094,-0.708,-1.597,-0.236,0.644,-0.258,-0.297,-0.178,0.142,1.630,0.614,0.408,0.601,0.096,-0.499,-0.260
-2.362,-5.305,-0.466,4.259,5.909,-2.604,-2.879,6.316,7.216,-0.661,4.008,11.641,-11.047,0.694,1.347,-1.889,0.529,1.054,1.725,2.868,-0.879,0.127,1.491,-1.087,-1.532,-1.932,-0.584,0.848,0.324,0.032,-0.134,0.409,1.172,0.373,0.277,0.509,0.399,-0.669,-0.307
-1.012,-0.942,0.854,7.642,6.049,-1.956,1.324,5.432,6.598,1.592,0.046,8.561,-13.490,0.103,2.778,-0.640,-0.020,0.179,2.939,3.938,-0.544,0.598,2.540,0.884,-2.354,-2.149,-0.825,0.523,0.735,0.304,-0.080,0.155,-0.042,0.194,0.027,0.289,0.838,-0.398,-0.174
-2.937,0.772,-3.837,4.623,8.533,6.907,11.412,3.592,3.923,4.817,4.620,3.185,-15.926,-0.981,3.721,1.030,1.570,0.113,2.140,2.572,-1.141,0.182,1.910,0.275,-2.693,-2.564,-0.642,0.042,0.975,0.597,-0.187,-0.867,-1.059,0.188,-0.151,-0.417,0.284,0.194,0.057
-3.231,5.845,0.980,5.244,5.760,8.663,9.816,4.144,10.322,5.030,4.650,1.237,-17.943,-1.658,2.685,1.459,2.221,0.247,0.821,0.444,-0.846,0.073,1.435,1.414,-2.119,-2.152,-0.239,-0.666,0.208,0.135,-0.114,-1.334,-0.995,0.338,-0.436,-0.890,-0.295,0.384,0.388
-6.157,9.907,4.624,13.305,6.619,2.788,5.734,1.254,6.264,7.168,3.079,1.838,-21.638,-1.633,1.604,1.936,2.394,0.084,-1.552,-0.680,0.212,-0.367,-0.039,0.070,-0.680,-1.647,0.378,-0.997,-0.645,-0.908,-0.159,-0.595,-0.131,0.742,-0.163,-0.908,-0.511,0.281,0.762
-7.694,7.915,3.921,14.406,8.242,4.207,6.383,2.370,5.791,7.590,7.887,-1.359,-21.395,-0.767,0.509,-0.052,0.245,-0.378,-1.882,0.591,0.468,-1.307,-0.936,-0.486,-1.444,-0.666,0.666,-0.619,-0.762,-1.146,-0.217,0.397,0.380,0.569,0.193,-0.447,-0.698,0.332,0.713
-8.873,7.759,4.373,12.012,7.711,1.375,9.731,5.537,4.356,3.340,3.352,1.085,-22.433,0.464,-0.175,-1.439,-1.981,-0.371,0.519,1.843,1.914,0.057,-1.442,-1.331,-1.625,0.502,0.465,-0.234,-0.402,-0.594,0.039,1.035,0.192,-0.291,-0.010,0.043,-0.299,0.440,0.440
-5.711,9.463,0.848,7.117,3.326,-0.042,10.771,4.341,4.743,2.262,2.081,-5.603,-20.878,0.623,0.480,-0.661,-1.320,-0.609,1.771,1.082,1.147,0.824,-0.099,-1.373,0.012,0.338,-0.061,-0.011,0.444,0.464,0.401,0.631,-0.578,-0.928,-0.553,0.256,0.318,0.956,0.029
-4.830,8.258,-1.036,7.047,7.221,7.505,12.758,9.837,7.074,2.621,-0.675,-4.168,-19.385,-0.001,0.447,0.230,0.204,0.396,1.797,0.033,-1.581,-1.484,-0.244,-0.981,0.791,0.053,-0.301,-0.061,0.660,0.464,-0.016,-0.164,-1.238,-1.464,-0.742,0.058,0.808,0.590,0.169
-6.602,10.065,3.322,10.289,5.441,9.995,10.282,5.957,8.550,7.457,3.037,1.329,-21.229,-0.841,0.144,1.336,1.475,1.244,0.633,-1.392,-2.425,-3.303,-0.254,0.927,2.127,-0.299,0.005,-0.661,-0.101,-0.302,-0.462,-0.531,-1.031,-0.443,0.291,-0.078,0.942,-0.033,1.498
-8.435,9.694,4.289,11.446,8.634,5.342,10.140,-3.175,-4.968,-0.477,-2.031,1.575,-21.991,-0.310,-0.310,0.861,-1.060,-1.380,0.268,-3.108,-3.622,-1.591,-1.077,1.561,0.266,1.664,0.547,-0.936,-0.754,-0.769,-0.730,-0.321,-0.318,0.930,1.671,0.472,0.456,-0.274,2.474
-8.114,9.464,4.866,12.293,8.842,4.202,5.119,-1.276,-5.751,2.542,7.395,2.160,-21.071,0.803,-2.448,-1.481,-2.198,-2.033,-0.117,-2.503,-0.050,2.331,-0.074,2.068,0.112,7.020,0.742,-0.775,-1.151,-0.549,-0.212,-0.077,0.893,1.206,1.236,0.514,-0.722,-0.376,2.072
-0.946,0.164,-2.326,6.258,4.851,7.182,6.228,2.368,5.141,7.411,0.364,2.658,7.055,0.767,-0.829,-3.171,-0.701,2.975,-2.256,2.752,-0.590,-4.152,0.065,-3.015,1.382,1.966,-0.136,1.078,0.539,-0.633,0.487,-0.378,-0.510,-1.293,-1.728,-0.469,-0.580,0.541,-2.778
-1.653,0.793,-7.338,5.045,7.218,6.971,12.003,-0.508,-4.918,2.508,-1.655,0.035,2.378,0.242,1.079,-1.158,-2.868,2.427,-1.235,1.214,-2.270,-4.289,-0.871,-3.430,1.235,-2.373,0.396,0.435,0.971,-1.001,-1.036,0.245,-2.318,-0.824,-0.075,0.641,0.207,0.462,-1.040
-2.959,2.050,-11.284,-2.961,10.028,0.080,9.026,-4.130,-4.738,2.268,-4.356,5.791,1.723,1.991,0.703,-0.315,-3.984,-0.244,-0.653,-3.148,-3.021,-2.414,0.498,-1.589,2.601,-0.686,0.604,-0.594,0.905,-0.605,-2.076,0.743,-2.600,-0.113,1.097,1.265,0.328,-0.411,0.926
7.977,-4.378,-7.810,-13.433,-5.299,6.812,-12.934,-6.723,-9.026,18.140,-10.584,6.647,13.834,-0.183,-2.898,-0.431,-1.731,-3.360,-1.039,-4.483,-0.459,-0.113,1.069,-3.370,-2.122,4.066,-1.680,0.524,0.127,1.793,1.243,-0.726,2.180,1.203,0.682,-2.415,0.333,-0.359,-0.681
3.889,-7.712,-7.001,-13.932,-5.181,1.363,-12.343,-7.923,-2.277,16.207,-12.090,1.971,14.893,-2.921,-1.354,0.421,0.739,-0.249,-1.938,-0.379,2.634,1.439,-2.239,-2.462,-1.378,2.125,-0.970,1.338,0.293,1.732,1.279,-0.410,1.985,0.611,0.428,-2.361,1.134,0.416,-1.303
-0.098,-5.878,-5.813,-11.075,-3.216,0.512,-12.291,-6.072,-5.563,6.731,-18.686,2.929,14.732,-2.637,0.906,1.192,2.819,0.787,-1.849,1.301,2.020,1.389,-5.161,-0.107,0.265,0.216,0.308,1.501,0.622,1.312,0.672,0.240,1.161,-0.163,0.737,-0.854,1.879,0.171,-1.693
-1.500,-3.750,-4.210,-6.082,0.039,-0.930,-9.533,0.679,-2.964,3.059,-14.217,6.195,15.366,-1.280,2.037,1.177,3.353,-0.231,-1.065,0.704,0.548,1.173,-4.610,1.923,-0.106,-0.500,1.275,1.264,0.415,0.243,-0.424,0.038,-0.066,-1.006,0.394,0.560,1.164,-0.614,-2.230
2.498,6.593,4.778,4.037,-0.270,0.199,-7.625,-3.019,10.649,-0.337,-3.240,-3.476,0.771,1.657,3.960,1.386,1.263,-1.358,-3.389,0.539,-0.274,-0.134,-0.484,1.467,-1.045,-9.269,-0.982,-0.762,-0.548,-0.240,0.513,0.378,0.846,0.694,-1.123,1.138,0.141,1.715,-0.544
5.330,11.864,1.484,-1.717,-11.653,-14.342,-11.891,-4.612,2.097,-2.379,-10.673,-5.965,-14.552,-0.690,2.682,1.175,1.520,-0.359,-2.081,1.409,0.970,-1.282,1.977,3.113,2.551,-8.635,-1.592,-1.520,-0.368,0.868,1.975,2.377,1.564,0.801,-0.474,0.571,0.496,1.660,1.519
2.457,12.264,1.740,3.373,-7.918,-12.595,-4.718,-3.867,-2.620,-3.788,-0.779,3.606,-18.178,-3.091,-0.255,-0.055,2.366,1.749,1.386,4.080,2.120,-0.144,2.181,3.675,3.712,-5.176,-1.156,-1.386,-0.133,0.925,1.996,2.813,1.180,0.412,0.150,-0.090,-0.466,0.242,2.340
-4.737,11.019,4.995,6.862,-3.932,-7.070,-5.458,-2.484,1.900,8.676,7.545,9.190,-21.281,-3.719,-1.527,0.823,5.389,6.355,6.963,5.599,1.538,-0.113,0.510,2.767,2.557,-1.826,0.005,-0.622,-0.124,0.285,1.027,1.606,0.334,-0.050,0.040,-1.095,-1.468,-1.090,2.090
-7.924,5.741,2.748,11.579,4.611,3.492,9.560,6.516,10.028,5.041,6.024,7.507,-21.744,-2.607,-0.867,0.897,3.953,5.266,6.154,4.344,1.500,0.032,-0.203,-0.691,0.162,-0.972,0.881,0.425,-0.050,-0.812,-0.676,-0.672,-1.024,-0.563,-0.126,-0.763,-1.407,-1.481,1.187
-8.074,7.491,5.096,21.125,13.860,12.429,8.967,-2.113,-4.793,-4.244,-0.240,4.868,-21.897,-0.908,-0.122,0.080,2.154,3.015,3.563,2.948,1.031,-1.172,-2.305,-2.044,-1.125,-0.286,0.966,0.519,-0.371,-1.903,-2.117,-2.361,-1.423,-0.340,0.524,0.324,-0.250,-0.904,0.483
-8.909,9.692,6.176,16.007,9.515,8.424,9.788,3.446,0.885,1.657,-0.340,6.579,-22.732,-0.092,1.166,0.067,-0.074,0.041,-0.276,0.285,-0.439,-0.242,-0.228,-0.953,-1.850,-0.010,0.653,-0.330,-0.666,-1.795,-1.828,-2.256,-1.279,-0.590,0.578,0.548,0.842,-0.218,0.872
-8.784,8.435,3.682,15.416,8.689,8.280,9.168,4.205,0.611,-1.156,0.510,4.030,-22.216,-0.147,0.052,-0.615,-2.113,-1.615,-1.627,0.516,0.806,2.644,2.141,1.646,-0.956,0.111,0.284,-1.058,-0.762,-1.426,-1.187,-1.607,-1.103,-0.709,0.322,0.413,0.831,0.219,1.860
-8.030,11.101,3.788,14.061,7.400,4.188,10.884,1.162,6.118,2.357,0.887,-1.324,-21.637,0.277,-2.606,-2.085,-2.888,-1.558,-2.531,-0.833,-1.340,1.015,0.316,1.672,-1.011,3.190,0.380,-0.943,-0.730,-0.713,-0.546,-0.915,-1.248,-0.458,-0.365,-0.469,0.039,0.707,2.537
-9.247,7.048,3.215,11.534,6.845,6.414,11.001,3.060,5.811,6.114,7.377,4.038,-21.890,0.328,-3.526,-2.652,-3.569,-2.120,-3.344,-2.006,-2.062,-0.193,-0.509,0.798,-0.451,7.412,0.792,-0.108,-0.086,-0.433,-0.018,-0.687,-1.934,-0.092,-0.545,-0.774,-1.130,0.650,2.291
3.466,-2.324,-0.540,-9.977,2.638,-11.758,-18.669,4.184,8.624,1.023,-6.106,6.317,13.483,2.459,-2.024,2.594,-5.635,1.840,-1.181,-4.796,0.638,-0.609,0.477,-5.336,-0.571,0.624,-0.567,0.344,0.327,1.204,0.111,1.406,1.886,-1.568,-1.565,0.318,0.384,-1.490,-3.392
8.591,7.769,1.687,-2.659,-4.061,-10.228,-16.500,-14.314,-4.629,2.400,-9.024,-12.833,-9.397,1.636,5.698,-0.045,5.368,-3.751,0.120,1.930,-2.439,-0.443,-2.176,4.071,-1.910,-6.242,-0.404,-0.076,-0.061,-0.025,0.586,-0.182,0.437,1.638,1.066,-1.019,0.048,1.532,1.082
8.765,11.552,4.564,1.256,-6.703,-8.156,-12.933,-14.122,-5.231,-4.693,-4.345,-8.345,-12.738,0.825,4.550,-0.133,4.040,-2.400,0.087,1.957,-0.474,0.473,-3.075,2.251,-0.188,-4.097,-0.660,-1.333,0.028,-1.092,1.328,-0.205,-0.054,1.360,0.305,-0.402,-1.308,1.195,1.743
9.302,13.652,3.457,2.816,-6.139,-7.909,-11.274,-14.225,-7.218,-6.680,-2.455,-7.287,-13.934,-0.249,1.724,0.445,1.529,1.071,0.326,1.724,0.949,-0.464,-3.318,-0.580,1.474,-1.307,-0.993,-2.156,0.002,-1.405,1.581,0.026,0.060,1.030,0.316,0.754,-1.192,0.777,2.510
8.777,14.328,3.652,3.544,-3.680,-6.354,-12.133,-13.063,-6.448,-7.575,-8.318,-6.820,-14.811,-0.544,0.093,-0.017,0.877,0.625,-0.428,0.617,0.453,-0.990,-2.164,-1.741,0.689,-0.486,-0.865,-2.218,-0.449,-1.462,0.918,0.109,0.283,0.532,0.481,1.729,0.221,0.799,2.946
7.339,15.002,4.368,3.841,-0.219,-9.501,-8.278,-10.097,-6.338,-12.751,-9.936,-6.227,-14.893,-2.647,-2.853,-0.093,-0.076,2.643,0.508,2.900,2.248,1.871,1.141,0.109,1.538,4.502,-0.141,-1.837,-0.839,-1.971,-0.198,0.586,-0.086,-0.031,0.421,2.274,1.045,0.672,2.559
9.233,-5.837,-4.105,-23.019,-4.529,2.870,-11.012,-11.225,-8.601,6.486,-4.496,2.985,8.620,2.920,-1.831,-1.258,-4.101,-2.343,4.944,-3.960,0.096,-2.249,2.866,-3.275,-2.786,-0.169,-0.075,1.229,1.086,3.251,-0.043,-0.309,-0.620,1.316,0.715,-1.306,-1.010,-1.925,-1.872
8.330,-5.414,-4.063,-21.092,-3.331,7.961,-10.034,-8.655,-9.628,8.495,-10.726,-3.036,8.344,1.072,-1.467,0.625,0.862,-0.270,4.275,-2.896,3.204,1.117,2.159,-3.299,-5.398,-0.327,-0.605,0.895,1.243,3.577,-0.168,-1.722,0.202,1.224,1.208,-1.490,0.263,-0.058,-0.775
8.611,-5.497,-4.507,-12.169,-2.052,13.691,-13.841,-2.328,-3.803,12.569,-11.191,-8.163,9.554,-0.241,-0.421,1.254,5.315,-0.722,1.173,-2.002,5.321,2.767,0.035,-1.426,-3.228,0.497,-0.658,0.642,1.151,2.293,-0.216,-2.617,1.642,0.042,0.808,-1.577,1.182,1.812,-0.191
8.140,-7.369,-2.778,-8.814,-3.607,9.461,-16.846,2.415,-0.003,9.772,-10.671,-12.334,10.019,0.045,-0.254,2.652,5.469,-2.311,-2.564,-1.091,3.696,2.450,-1.337,-0.201,0.738,0.408,-0.602,0.755,0.903,0.922,-0.217,-1.961,2.189,-1.810,-0.459,-1.177,1.421,2.225,-1.153
9.006,-2.343,8.431,7.992,-9.907,-4.175,1.261,-2.697,1.560,-1.438,-5.342,1.289,2.084,-4.201,3.916,1.776,3.555,2.253,-0.511,6.344,-4.336,-0.757,-0.753,3.645,0.760,-8.354,-1.104,0.669,-1.520,-1.254,2.015,1.932,-0.256,0.578,0.018,0.977,0.240,-0.718,-1.154
-2.960,-1.119,13.903,13.897,-5.241,2.635,0.593,-7.377,-2.345,3.138,-1.081,-4.681,-11.375,-5.021,3.804,-0.650,2.098,4.893,2.658,4.936,-1.424,0.509,0.387,3.488,0.322,-8.491,0.246,-0.808,-1.462,-1.564,0.607,0.902,-1.211,1.680,0.457,0.583,-0.487,-0.168,1.800
-7.005,10.200,6.544,8.971,-0.070,3.108,7.008,-6.274,-1.934,3.230,1.363,-1.952,-20.803,-3.933,3.069,-1.779,0.539,4.967,2.318,2.284,2.053,0.783,0.386,1.816,0.708,-5.566,0.920,-2.161,-0.518,-1.086,-1.190,-0.025,-1.595,1.264,0.627,0.309,-0.864,0.274,4.480
-8.298,6.798,3.875,11.457,7.636,7.641,8.207,-1.595,4.804,4.685,2.591,4.057,-20.988,-1.034,-1.907,-1.507,-0.713,1.159,0.513,1.348,1.991,1.161,0.274,1.029,1.697,2.510,0.587,-1.952,0.257,-0.980,-2.252,-0.636,-1.076,-0.052,0.405,0.145,-0.754,0.054,4.979
-15.306,-1.537,2.877,7.926,-3.534,6.954,8.737,-4.242,9.966,6.667,3.531,5.993,10.812,-2.990,-0.497,-0.257,-3.832,-2.193,1.851,1.223,-1.353,2.041,2.070,0.593,0.098,7.404,0.518,1.624,0.485,-0.221,0.521,-0.477,0.181,-0.115,-1.412,-0.781,-0.283,-0.682,-2.526
-20.925,0.074,4.407,1.951,-1.183,8.723,11.361,-1.108,10.266,5.615,3.525,2.423,9.876,-2.088,2.996,0.433,-2.672,0.124,0.369,1.574,-0.750,-0.959,-0.607,-0.009,-1.407,1.863,1.464,0.795,0.484,1.014,0.440,-1.290,-0.391,0.295,-1.509,-1.134,-0.424,-0.414,-2.818
-16.293,1.483,4.741,-3.797,-3.748,11.957,12.509,-2.984,7.747,10.395,5.001,1.038,11.763,0.410,1.389,1.791,-1.388,-0.771,-1.924,0.589,-0.322,-3.579,-2.316,-0.683,-1.148,-0.340,1.655,-0.228,0.553,2.029,0.090,-1.777,-0.756,0.425,-1.024,-0.902,-0.267,-0.010,-2.152
-17.585,3.394,8.598,1.365,-3.002,3.643,12.383,-7.280,-2.141,1.366,3.014,-1.963,10.082,2.363,0.630,1.333,1.547,-1.478,-4.142,-1.019,0.166,-2.833,-2.596,-1.132,-1.222,-0.872,2.000,-1.454,-0.451,1.491,-0.256,-1.465,-1.471,0.522,0.266,-0.075,0.190,0.505,-0.800
-14.929,3.745,9.736,1.279,-6.480,-0.128,11.169,-2.764,-1.726,-2.785,0.374,2.445,9.007,3.059,-0.453,2.060,4.202,-0.944,-4.780,-1.261,0.312,-2.142,-1.444,-0.181,-0.043,-1.992,1.784,-1.683,-1.480,0.357,0.292,-0.714,-1.912,0.806,0.824,0.083,0.504,0.368,-0.049
11.087,-14.673,-3.900,3.355,-3.456,-16.849,-15.224,11.397,-3.564,-11.006,3.148,-1.290,7.442,3.003,-3.156,-5.328,-2.584,2.598,-0.670,-6.136,5.550,-0.767,-3.615,-3.421,-2.417,0.574,-1.680,1.845,0.564,0.013,0.463,2.096,1.562,-1.081,-0.071,0.721,-0.874,-0.279,-0.369
8.344,-16.406,-8.574,-0.365,-2.604,-18.436,-19.071,11.917,-6.770,-13.277,-3.511,-4.084,6.539,0.320,-0.375,-2.974,-1.120,2.798,2.188,-3.416,2.097,-1.733,-1.329,-4.277,-2.802,-0.615,-0.952,2.553,1.500,1.022,0.003,1.712,2.455,-2.624,0.243,1.345,0.389,0.605,-1.071
11.118,-13.430,-9.216,3.969,3.724,-11.530,-17.610,17.663,-6.153,-11.805,-7.888,-7.476,6.170,1.270,1.799,-2.325,-0.498,2.006,2.855,-1.340,-1.390,-0.907,-0.231,-1.793,-0.329,-1.742,-0.609,2.582,2.041,1.187,-0.647,0.388,2.389,-3.553,0.021,1.181,1.276,1.258,-1.536
12.730,6.001,-3.912,8.342,4.728,-4.708,-7.520,-10.050,-7.319,-8.606,-5.872,0.763,-9.726,-1.993,7.948,5.060,1.906,-0.924,-0.865,3.021,-7.425,-0.724,2.589,1.051,-0.320,-5.570,-1.515,-1.280,0.356,-0.416,-0.459,-0.515,0.261,2.207,0.816,-0.052,-0.051,-0.765,1.049
7.987,11.594,-0.017,9.514,2.354,-11.790,-12.327,-14.830,-14.701,-9.645,-7.227,-4.703,-14.410,-3.293,5.153,4.411,1.554,-1.992,-1.368,1.760,-3.802,-0.080,1.124,0.019,-1.678,-4.451,-1.009,-2.699,-0.877,-0.813,0.444,0.869,0.758,3.799,1.771,-0.227,-0.212,0.029,2.880
5.791,16.556,3.372,4.270,-1.665,-13.492,-14.462,-17.881,-9.417,-3.240,-3.898,-9.132,-16.719,-4.873,-0.343,1.777,-0.359,0.221,1.788,4.168,3.181,3.244,0.744,0.265,-0.464,0.865,0.337,-2.991,-1.899,-1.511,0.739,1.683,0.290,3.104,1.335,-0.077,-0.134,0.911,3.650
9.685,3.629,-5.835,-19.775,-0.815,13.249,-8.553,2.074,-2.711,6.209,-1.312,-3.593,8.542,2.521,-0.076,-2.629,-6.435,-2.486,3.896,-2.430,0.929,-1.904,0.737,1.689,-0.724,0.500,-1.259,0.330,0.727,2.117,0.608,-0.858,1.601,-0.347,0.051,-1.700,0.163,0.254,-1.375
9.064,4.338,-6.624,-22.173,-2.975,12.486,-8.652,5.108,-3.299,4.111,-1.185,-3.015,8.623,-0.204,0.192,-0.340,-2.332,0.004,2.251,1.735,1.289,-0.980,-1.794,1.499,0.142,0.447,-1.222,-0.442,0.743,2.265,1.557,-0.718,1.810,-0.439,0.711,-1.128,-0.149,0.374,-0.306
7.895,5.825,-10.663,-23.985,-5.805,16.114,-6.117,0.662,-1.971,0.826,3.352,-0.616,9.686,-0.291,-0.418,-0.732,-0.454,1.010,1.155,2.044,-0.724,-0.162,-2.066,1.696,1.185,0.749,-0.359,-0.990,0.705,1.641,1.521,-0.968,0.489,-0.651,0.571,-0.291,-0.603,-0.119,0.100
10.294,3.702,-5.722,-24.114,1.564,17.871,-1.822,1.795,-4.352,-0.046,4.460,0.268,9.914,0.411,-2.114,0.289,0.328,3.146,1.239,1.574,-0.860,0.312,-1.276,0.802,0.288,0.837,0.102,-1.200,0.142,0.601,0.774,-0.792,-0.666,-0.831,0.501,0.414,-0.833,-0.718,0.097
9.496,-9.559,-7.843,-22.841,8.283,13.585,-5.072,-5.249,-1.994,-3.661,-0.456,-6.333,12.743,0.341,-3.001,0.968,1.148,3.254,-0.263,0.977,-2.269,1.925,1.572,-1.056,-1.291,1.078,-0.260,0.680,-0.044,0.658,-0.648,-0.314,0.688,0.226,0.299,0.633,-0.142,0.558,0.090
9.103,-10.999,-8.212,-22.093,11.429,14.685,-3.253,-8.543,1.589,-0.581,0.211,-7.006,13.903,-0.713,-2.308,-0.089,1.677,1.589,-1.920,1.698,-2.453,1.575,1.249,-1.581,-0.433,1.211,-0.296,0.697,-0.013,0.703,-0.853,-0.447,0.553,0.716,-0.108,0.057,-0.084,0.860,-0.035
10.395,-9.772,-3.768,-15.280,16.954,16.958,3.284,-6.422,5.218,5.692,0.119,-3.375,15.997,-0.551,-1.359,0.265,3.007,0.817,-1.501,2.374,-0.200,1.660,1.431,-1.561,0.533,1.100,-0.349,0.458,-0.288,0.391,-1.054,-0.563,-0.101,0.691,-0.319,-0.635,0.131,0.773,-0.199
7.246,-15.682,-8.021,-17.382,12.479,7.285,1.347,-10.592,3.042,0.738,-5.862,-5.871,16.257,-1.085,-1.420,-0.001,2.816,-0.440,-2.530,1.446,-0.057,0.879,0.087,-1.500,1.229,0.723,-0.028,0.386,0.022,0.198,-0.704,-0.079,-0.459,0.718,-0.346,-0.714,0.654,0.567,-0.298
7.669,-14.013,-6.614,-10.165,11.844,9.782,4.496,-5.226,5.578,2.832,-5.223,-4.235,17.067,-1.216,-1.154,-0.515,2.534,-1.004,-2.774,0.601,-0.010,0.676,-1.022,-0.443,1.741,0.329,0.140,0.144,0.138,-0.237,-0.713,-0.168,-0.799,0.512,-0.736,-0.647,0.786,0.173,-0.350
5.042,-15.979,-6.792,-10.572,11.786,5.623,3.371,-9.425,5.806,1.285,-4.616,-0.431,16.981,-0.518,-0.482,0.412,2.902,-1.019,-1.681,0.289,1.043,0.336,-1.092,1.128,1.797,0.107,0.460,0.047,0.509,-0.369,-0.787,-0.034,-0.746,0.975,-1.061,-0.208,0.567,-0.235,-0.384
5.415,-15.392,-6.956,-6.017,12.282,3.918,5.276,-7.058,7.214,0.307,-2.720,2.608,17.279,-0.133,-1.107,0.749,1.781,-2.459,-2.765,-1.042,1.810,-1.747,-1.214,1.054,1.114,-0.340,0.496,-0.003,0.803,-0.601,-0.904,-0.252,-0.717,1.118,-1.369,0.108,0.099,-0.517,-0.548
5.783,-17.403,-5.792,-4.947,7.165,1.813,2.399,-4.462,3.906,-3.458,-1.474,-0.308,16.685,0.673,-1.209,1.914,1.349,-3.648,-2.703,-1.462,3.909,-3.213,-0.858,0.587,0.366,-0.865,0.250,0.196,0.695,-0.635,-0.638,-0.409,-0.312,0.902,-0.910,0.316,0.080,-0.436,-0.705
6.635,-18.833,-3.370,-4.074,1.860,-2.139,-0.229,1.340,-2.208,-0.864,-1.526,1.272,15.514,0.668,-0.807,2.751,0.304,-4.210,-3.522,-2.107,4.147,-4.393,-0.601,0.324,-0.129,-1.928,-0.416,1.450,0.680,-0.012,0.531,-0.162,0.387,0.490,0.547,0.513,0.453,-0.258,-1.224
7.795,-20.301,0.982,-4.799,-1.240,-4.866,-1.185,5.918,-5.550,-2.419,-2.278,2.065,13.537,0.333,0.350,2.885,0.468,-3.335,-3.346,-0.741,4.383,-2.889,0.183,1.891,0.237,-2.625,-1.352,2.356,0.266,0.556,1.655,0.066,0.664,-0.570,1.560,0.447,0.384,0.103,-1.651
7.750,-17.981,3.414,-4.572,-4.565,-10.351,-3.468,8.489,-10.021,-3.217,-0.700,0.775,9.215,-2.040,5.363,3.663,2.164,0.040,-3.255,0.533,4.021,0.828,0.833,2.667,-0.109,-5.582,-1.720,2.186,-0.252,0.769,2.338,0.752,0.783,-1.169,1.789,0.168,-0.113,0.477,-1.351
-10.438,5.194,10.208,6.145,6.694,-14.844,-1.082,7.044,-1.909,-2.117,0.600,6.208,-13.844,-3.399,4.182,0.008,-0.949,1.655,4.251,0.585,-4.286,0.914,-0.646,-0.936,1.058,-2.509,1.481,-1.995,-1.031,-1.178,-0.904,2.868,0.277,-1.180,-0.321,-0.019,-0.082,-0.648,1.985
-10.586,4.154,8.638,5.099,11.757,-9.240,3.084,11.559,-1.796,-2.849,2.974,7.935,-12.253,-0.766,-0.129,-1.156,-3.404,-1.264,8.268,1.534,-5.331,-0.711,-1.202,0.403,0.322,1.155,1.452,-1.429,-0.681,0.121,-0.790,1.211,0.183,0.334,0.053,0.544,0.142,-0.893,0.669
-6.369,5.691,7.367,-6.890,-1.606,7.340,2.539,-4.598,0.071,-1.788,4.845,3.046,-4.200,0.355,0.851,-1.019,0.401,0.898,7.609,1.739,-2.147,1.788,1.162,0.742,-1.558,-1.124,0.641,-0.535,-0.295,2.096,0.596,-1.399,0.135,1.959,0.275,1.009,0.071,-0.537,-1.023
-8.979,4.977,8.459,-4.977,2.420,14.807,7.550,-3.369,-2.074,-3.400,6.782,4.390,-8.025,-0.016,1.073,-1.350,2.715,0.994,4.193,1.511,0.532,1.943,1.817,-0.089,-1.218,-3.695,0.013,-0.241,0.307,1.442,0.650,-3.087,-0.370,0.999,0.207,1.003,-0.106,-0.018,-0.618
-9.469,9.041,5.203,13.187,15.853,11.179,5.380,3.771,7.170,3.971,2.405,0.191,-21.577,-0.571,0.906,-1.371,6.473,3.505,-0.704,1.269,2.580,0.961,2.888,-0.332,-0.858,-5.198,-0.289,-0.881,0.517,-1.099,-0.786,-2.689,-0.552,-0.960,-0.879,0.202,0.078,0.523,2.248
-9.116,7.845,2.968,8.636,7.999,9.804,9.219,10.036,4.370,3.355,3.748,3.270,-22.040,-0.236,-1.362,0.556,0.772,0.684,-3.009,-0.081,-2.702,0.735,2.948,0.411,-0.116,0.104,-0.365,-0.609,0.336,-2.418,-1.061,-1.491,-0.554,-1.641,-1.044,-0.342,0.409,0.346,4.089
-9.153,8.786,3.261,18.666,13.129,6.321,8.052,1.597,1.654,9.274,4.700,-0.687,-23.185,-0.982,-2.334,0.612,-4.124,-2.878,-2.237,-0.224,-5.331,-2.005,1.605,0.882,0.505,8.215,-0.197,0.178,-0.186,-2.496,-1.219,-0.384,0.066,-0.063,-0.547,-0.989,0.423,0.214,3.731
-14.970,9.407,-0.529,-1.820,8.034,-1.428,7.690,-2.774,-2.348,7.080,10.415,0.960,10.684,0.601,1.842,-1.505,0.948,-0.090,-1.972,2.995,6.573,-1.140,-1.170,-0.354,-0.216,3.259,1.151,-0.732,1.385,0.869,0.139,0.630,0.424,0.866,-0.378,-1.424,-1.123,-0.436,-3.077
-11.107,9.686,1.183,-0.275,4.276,-6.260,16.180,8.961,2.452,5.295,9.920,2.148,10.552,2.257,-0.698,2.487,-0.512,-0.082,-1.192,2.938,4.055,-1.932,-3.467,-1.122,-0.710,-0.568,1.014,-1.273,1.202,0.027,-0.206,0.797,-0.969,-2.052,-0.745,-1.239,-1.252,-0.705,-2.203
-8.649,3.733,5.916,0.426,5.546,-2.639,15.676,7.609,-3.992,4.855,3.379,3.205,10.232,2.564,-3.019,4.177,-1.269,-1.228,-0.192,1.044,-0.028,-2.975,-5.117,-3.046,-1.875,-0.815,0.651,-1.011,-0.160,-0.981,-1.168,0.233,-1.833,-2.870,-0.341,-0.586,-0.591,-0.679,-0.562
-5.655,1.498,12.857,-4.867,2.698,-1.552,16.656,5.110,-11.686,-6.894,2.750,-2.447,9.214,3.231,-2.646,1.480,-2.341,-2.149,0.217,-2.057,-4.185,-3.320,-5.180,-3.600,-2.459,-0.493,0.206,-0.076,-1.687,-0.246,-1.414,-0.026,-1.727,-1.359,0.684,1.179,0.256,-0.217,0.555
3.796,-6.281,1.194,-12.811,-15.076,-8.906,1.945,-4.283,-15.069,-8.824,-2.699,-8.953,12.127,1.774,-0.684,-1.371,-0.112,-5.133,-0.122,-1.963,1.535,2.422,2.961,2.606,-0.858,1.900,-1.052,0.781,1.421,0.690,0.888,0.318,0.822,1.183,1.398,1.132,1.512,0.408,-0.135
4.425,-3.481,4.716,-5.669,-15.014,-2.777,5.323,2.124,-3.844,-1.213,1.842,-7.866,14.768,0.051,0.131,2.141,0.633,-2.582,-0.111,-0.418,2.753,4.041,3.004,4.606,-0.895,1.077,-0.891,0.677,1.529,-0.159,1.158,0.076,0.566,-0.169,0.189,-0.336,0.468,0.084,-0.642
3.360,-3.713,7.444,-8.010,-17.992,-6.022,3.894,1.790,-1.655,-2.984,7.993,-9.221,14.178,-0.474,0.865,2.750,-0.339,-1.828,-0.195,-1.022,0.421,3.352,1.660,3.027,-0.934,-0.004,-0.486,0.489,0.713,-0.448,1.092,0.236,0.152,-1.111,-0.649,-0.733,-0.777,0.080,-0.708
3.632,-1.505,11.862,-8.067,-16.490,-6.125,4.335,3.063,2.432,0.125,11.907,-9.828,13.923,-0.446,1.144,2.626,-1.537,-1.180,-0.246,-0.978,-1.217,1.557,0.464,1.799,-0.910,-0.662,-0.082,0.160,-0.252,-0.428,0.767,0.436,-0.066,-1.254,-1.315,-0.636,-1.432,0.180,-0.455
1.824,-2.946,11.373,-13.311,-23.479,-8.206,-2.673,-2.646,-1.445,-1.194,7.403,-12.640,12.530,-0.407,1.253,1.953,-1.267,-0.373,1.128,-0.921,-2.038,0.420,0.567,0.126,-0.451,-0.772,0.089,-0.123,-0.335,0.092,0.949,0.586,0.241,-0.399,-1.235,-0.073,-1.195,0.374,-0.139
2.964,1.856,15.882,-10.704,-18.172,-2.914,3.716,-1.741,3.835,0.213,11.130,-10.709,12.282,-0.394,0.735,1.279,-1.043,0.523,1.407,-0.798,-2.288,-1.067,0.369,-1.105,-0.239,-0.816,0.041,-0.481,-0.394,0.207,0.679,0.115,-0.080,0.034,-1.145,0.139,-1.060,0.282,0.030
1.660,0.873,15.199,-13.025,-19.016,-1.988,-0.401,-5.997,-0.254,-0.191,9.010,-11.033,11.137,-0.054,0.452,1.748,-0.126,2.066,1.908,0.092,-1.037,-1.511,1.345,-1.497,0.600,-0.622,0.027,-0.522,-0.290,0.215,0.306,-0.468,-0.081,0.388,-0.800,0.111,-0.660,0.080,0.100
1.745,0.262,16.346,-13.425,-16.105,-2.197,-0.791,-6.700,-3.500,1.467,5.580,-11.824,10.542,-0.418,-0.859,0.757,-1.074,0.995,-0.062,-1.883,-1.546,-3.201,0.769,-2.692,-0.028,-0.585,0.061,-0.308,-0.266,0.278,-0.093,-0.614,0.003,0.635,-0.245,0.019,0.020,0.004,0.119
2.162,0.114,19.879,-12.578,-14.181,0.975,0.042,-5.351,-5.334,4.903,2.694,-9.082,10.287,-0.261,-0.560,0.766,-0.178,0.919,-0.477,-0.781,-0.471,-2.512,0.924,-2.381,-0.155,-0.390,0.200,-0.231,-0.488,0.298,-0.310,-0.855,-0.097,0.779,0.205,-0.463,0.582,-0.014,0.057
0.620,-2.059,17.328,-16.300,-15.616,-4.707,-5.920,-9.794,-9.629,1.513,0.826,-11.825,9.782,0.012,-0.298,0.438,0.371,0.631,-0.470,-0.345,0.603,-1.790,0.675,-0.564,0.157,-0.336,0.590,-0.209,-0.565,0.570,0.199,-0.566,-0.238,1.185,0.885,-0.717,0.753,0.225,-0.080
0.917,-0.767,18.539,-12.476,-14.667,-3.121,-1.741,-6.803,-9.749,4.407,-0.518,-11.806,9.567,0.731,-0.986,-0.533,0.642,0.698,-2.161,-1.161,1.782,-1.193,-0.921,0.348,0.439,-0.463,0.841,-0.119,-0.960,0.411,0.747,-0.086,-0.756,0.825,1.311,-0.849,0.361,0.294,-0.528
2.429,-0.785,19.206,-11.623,-12.709,-2.497,-1.624,-2.957,-10.242,5.089,4.367,-9.677,9.223,2.035,-1.689,-1.417,1.364,2.100,-2.048,-2.884,3.253,0.566,-1.893,-0.292,0.798,-0.948,0.646,0.787,-1.037,0.863,0.991,0.323,-0.547,-0.584,1.148,-0.460,-0.350,0.037,-1.304
12.399,0.629,6.920,-6.449,1.762,0.548,-10.394,1.865,2.548,-0.740,-0.789,-6.792,-2.296,0.477,6.142,-2.709,5.875,4.027,1.514,-0.442,-5.381,0.383,-0.683,-1.285,0.053,-6.717,-1.333,1.199,0.937,0.384,-0.428,0.115,1.225,-1.720,-2.146,-0.305,0.116,-0.171,-0.113
9.402,13.050,6.574,7.333,0.218,-7.619,-10.459,-16.779,-7.401,-0.620,-2.821,-9.945,-14.128,-1.334,6.315,-1.132,5.012,3.103,1.007,1.746,-6.074,-3.202,-1.928,-1.102,-0.388,-5.759,-0.858,-0.524,1.221,-1.118,-0.810,-0.023,0.775,0.520,-1.487,-0.216,0.517,0.051,1.321
6.993,14.653,5.133,9.067,4.690,-5.073,-13.518,-16.876,-8.468,-7.095,-3.462,-7.605,-15.418,-1.996,4.066,0.415,2.953,2.216,0.013,0.953,-4.527,-5.301,-3.131,-0.474,0.367,-3.270,-0.342,-2.301,0.397,-1.723,-1.248,-0.716,0.788,2.065,0.153,0.910,0.233,0.397,2.835
4.827,16.401,6.608,7.440,7.678,-3.194,-6.964,-18.005,-16.680,-11.468,-6.399,-11.291,-16.531,-0.908,1.791,1.081,0.186,0.832,0.760,1.162,-0.419,-2.672,-0.924,0.394,0.163,-0.842,0.191,-3.026,-0.788,-1.679,-1.426,-0.983,0.583,2.663,2.194,2.024,0.205,0.963,3.666
9.062,4.457,-7.903,-23.540,-4.516,9.885,-12.267,-7.961,1.634,-5.696,0.916,1.826,6.796,2.818,2.504,-0.643,-7.029,-1.197,8.656,-4.448,1.633,1.223,-3.938,3.551,0.662,-1.340,-0.022,1.267,1.544,2.023,0.509,-0.045,0.145,-0.321,-1.747,-0.941,-0.106,-0.949,-2.240
10.405,7.104,-6.819,-19.382,-0.160,15.890,-9.091,-0.484,2.058,-4.113,6.233,6.554,6.799,1.483,1.182,-0.216,-3.491,-0.953,6.214,-2.166,1.863,-0.352,-3.568,1.291,-0.040,-1.457,-0.421,0.034,1.138,2.260,0.005,-2.001,0.972,-0.130,-1.178,0.113,-0.837,-1.017,-0.905
10.224,7.032,-8.440,-18.910,-4.191,15.809,-10.555,-0.839,0.063,-9.512,3.860,3.351,5.848,0.785,0.014,1.070,0.254,-0.550,1.655,0.825,2.722,-0.841,-1.687,0.686,-0.175,-0.442,-0.515,-0.685,0.461,1.449,-0.210,-2.481,1.112,0.031,-0.401,0.543,-0.835,-0.499,0.271
11.135,5.746,-6.612,-20.339,-5.622,16.266,-9.045,0.610,-1.592,-10.977,3.508,3.762,5.131,0.782,-0.406,1.243,-0.986,-1.421,0.137,0.139,2.025,-0.747,-1.856,-0.028,-1.113,-0.464,-0.232,-0.169,0.138,0.534,-0.321,-1.680,0.365,-0.150,0.061,0.240,-0.229,-0.445,0.168
12.620,5.207,-2.656,-21.791,-4.535,17.972,-8.167,5.101,-0.746,-10.699,5.709,2.347,5.421,0.592,-0.127,0.933,-1.035,-2.013,-0.711,-0.040,1.709,-0.584,-2.077,0.038,-1.295,-0.484,-0.171,0.201,-0.265,0.038,-0.215,-0.760,-0.035,-0.455,0.137,-0.064,-0.146,-0.272,-0.061
13.117,5.987,-3.497,-22.871,-7.093,15.493,-9.587,6.671,-1.272,-12.801,5.168,1.493,4.689,0.417,0.407,0.543,-0.176,-1.827,-1.001,0.091,1.619,-0.176,-2.170,0.471,-1.707,-0.596,-0.159,0.222,-0.209,0.409,0.434,-0.238,0.410,-0.374,0.048,0.292,0.222,0.066,0.008
12.196,6.276,-5.330,-22.818,-13.521,12.639,-10.486,4.678,-3.017,-18.988,3.218,-1.990,3.651,0.111,0.615,0.093,0.038,-1.422,-1.575,0.674,0.648,-0.440,-1.852,-0.291,-1.236,-0.682,-0.075,-0.017,-0.111,0.342,1.069,0.217,0.636,-0.310,0.024,0.791,0.543,0.473,0.187
13.434,7.245,-2.561,-20.707,-10.264,13.926,-7.431,8.916,-1.336,-17.684,7.108,-2.602,3.036,0.225,0.332,0.619,0.521,0.453,-0.619,1.831,0.687,-0.581,-0.509,1.246,-0.813,-0.327,-0.055,-0.357,-0.195,0.030,1.184,0.395,0.501,-0.648,0.059,0.909,0.548,0.798,0.370
13.019,7.651,-2.662,-22.682,-10.058,10.880,-5.874,7.218,-2.916,-17.514,3.283,-1.788,2.838,0.315,-0.173,0.342,0.326,2.191,0.181,2.268,0.626,-0.260,1.047,2.367,0.623,0.318,-0.047,-0.492,-0.282,-0.017,0.954,0.522,0.052,-0.914,0.334,0.779,0.473,0.839,0.429
13.832,6.960,-1.735,-20.335,-6.561,13.276,-2.740,8.839,-4.224,-16.082,11.365,-2.673,3.458,0.041,-0.984,-0.555,-0.172,2.287,0.094,1.801,-1.612,0.028,0.927,1.883,1.354,0.757,-0.193,-0.414,-0.437,0.148,0.343,0.117,-0.641,-1.457,0.625,0.411,-0.390,0.487,0.265
13.572,5.554,-4.031,-21.372,-4.420,13.869,-1.494,7.847,-2.875,-14.553,12.926,1.159,5.030,-0.031,-1.187,-0.730,0.298,2.431,0.677,0.948,-2.772,0.925,1.328,1.754,1.876,0.922,-0.345,-0.303,-0.272,0.594,-0.154,-0.380,-1.222,-1.533,0.738,0.200,-1.157,-0.380,0.028
13.362,3.374,-4.651,-22.222,-1.650,12.903,-0.615,0.543,-1.218,-14.531,11.702,2.695,5.724,-0.568,-1.229,-1.032,1.275,2.046,-0.284,-0.717,-4.899,1.951,1.408,-0.399,0.994,0.693,-0.435,-0.165,-0.011,1.011,-0.381,-0.907,-1.366,-0.634,0.790,0.265,-1.641,-0.936,-0.077
9.097,-1.505,-7.017,-12.360,1.632,6.894,-11.732,-13.615,6.864,-7.546,2.454,-3.195,7.207,-1.833,-1.241,0.305,4.093,0.149,-4.885,-1.780,-0.650,2.882,1.255,-5.430,-0.667,0.683,-0.011,0.511,0.563,-0.030,-0.786,-0.646,1.037,2.237,-0.635,-0.859,0.086,0.878,-0.038
7.388,-2.213,-6.491,-7.452,1.495,-0.021,-12.177,-11.252,11.487,-6.526,-5.106,-2.438,8.221,-1.594,-0.290,1.299,3.492,-0.739,-4.790,0.448,2.331,1.716,0.075,-4.409,1.689,0.691,0.290,0.539,0.307,-0.605,-0.724,0.174,0.847,1.299,-1.149,-1.019,1.343,0.492,-0.239
5.854,-0.671,-3.324,-3.320,0.460,-4.182,-7.997,-5.361,10.865,-7.359,-7.767,3.003,8.760,-1.165,0.325,1.095,2.550,-1.607,-4.035,0.744,2.889,0.040,-1.523,-1.793,1.529,0.250,0.561,0.447,-0.003,-0.691,-0.521,0.998,0.223,-0.162,-1.177,-0.238,1.856,-0.532,-0.546
4.881,-0.032,-1.831,-1.581,-1.469,-6.850,-5.598,-2.956,10.573,-10.215,-7.045,5.767,8.965,-0.480,0.296,0.554,1.490,-1.915,-2.893,-0.294,1.252,-1.120,-1.697,0.591,-0.473,-0.389,0.632,0.456,-0.023,-0.312,-0.745,1.410,0.457,-1.247,-1.138,0.851,1.143,-0.843,-0.876
7.245,6.942,2.845,6.926,-22.118,-5.448,8.156,-10.383,-3.679,-0.571,-9.687,4.537,-2.262,-0.082,1.691,0.722,1.457,-5.560,1.357,4.987,-0.562,-4.036,1.791,-2.589,1.519,-2.248,-0.207,-0.501,-0.489,-0.729,1.239,-0.051,-1.228,0.792,0.995,-0.805,0.109,0.003,0.769
5.966,6.486,0.810,6.621,-23.565,-4.790,8.486,-9.700,-6.711,-2.043,-12.075,5.002,-1.878,-0.121,0.621,-0.060,0.273,-2.943,0.780,2.121,0.661,-1.893,0.337,-1.482,0.903,-0.928,-0.038,-0.551,-0.329,-0.686,2.012,-0.393,-1.992,0.607,1.611,-0.553,0.736,-0.614,0.808
6.035,6.184,0.156,5.729,-24.870,-5.466,5.560,-8.198,-7.046,-2.897,-11.635,-0.180,-2.488,0.022,0.110,-0.229,-0.113,0.633,0.839,-0.964,0.774,0.779,0.596,0.046,-0.213,0.055,0.051,-0.297,-0.111,-0.279,1.714,-0.539,-1.471,0.054,1.442,-0.045,0.600,-0.575,0.537
7.547,6.603,1.843,6.256,-20.269,-2.099,5.629,-6.233,-3.336,1.158,-9.351,3.266,-2.121,0.207,0.279,0.397,-0.082,1.561,-0.071,-1.010,0.654,1.678,1.234,0.413,-0.471,0.008,0.016,0.006,0.017,0.131,0.632,-0.444,-0.575,-0.198,0.650,0.249,0.271,-0.437,0.166
6.563,7.434,1.184,6.545,-20.603,-2.597,4.766,-8.249,-1.474,0.809,-10.817,4.341,-1.867,0.009,0.379,-0.060,0.242,0.758,-0.911,-0.800,-0.288,1.391,1.116,-0.535,-0.668,-0.032,-0.053,0.007,-0.248,-0.049,0.500,-0.284,-0.180,-0.110,0.093,0.388,0.573,-0.337,0.241
6.737,7.255,2.279,5.801,-17.891,-6.579,3.835,-6.406,-1.108,2.275,-10.421,0.384,-2.150,-0.032,0.517,-0.059,0.753,0.155,-0.564,-0.836,0.201,1.053,1.323,0.163,-1.053,-0.054,-0.141,-0.386,-0.714,-0.544,1.278,0.067,-0.630,0.069,0.263,0.017,0.878,-0.186,0.712
5.020,0.439,-8.271,-2.435,3.545,-7.412,-10.653,-4.577,10.419,1.072,-3.545,-3.260,8.815,-0.510,-3.289,-0.568,-2.161,2.562,-1.881,-1.832,0.683,0.431,-3.702,-2.895,1.930,2.323,0.261,0.832,1.209,1.148,-3.366,-0.446,1.678,0.209,-1.914,-0.129,-1.008,0.001,-1.439
4.895,-2.011,-4.411,-0.478,-0.142,-8.465,-5.943,-5.684,9.539,-4.481,-11.377,4.550,8.830,0.213,-1.515,1.602,0.834,-3.334,-1.450,0.180,1.868,-1.832,-3.382,-3.024,1.852,-0.240,0.411,1.860,0.781,1.231,-3.447,-0.119,1.784,-0.113,-2.035,1.408,0.493,-1.301,-1.929
5.232,-3.077,-0.838,-0.504,-6.298,-10.691,-5.780,-1.778,1.600,-3.728,-14.506,6.528,7.449,0.488,2.042,1.730,1.658,-5.428,-1.853,3.214,1.126,-4.239,0.717,-0.093,-1.412,-2.481,0.401,2.035,0.245,0.666,-1.827,0.436,1.280,-0.720,-0.964,1.834,1.404,-1.684,-1.743
6.560,0.847,-0.763,3.904,-12.781,-11.996,-5.919,1.025,0.094,-3.655,-6.965,0.252,3.992,0.997,3.825,0.888,1.503,-6.594,-1.253,3.394,-0.015,-4.828,2.907,1.894,-3.954,-3.869,0.136,1.244,0.007,-0.335,0.624,0.722,0.338,-1.049,0.386,1.129,0.817,-0.827,-1.124
6.630,9.217,-1.445,3.665,-17.274,-14.911,5.403,-2.299,-6.055,4.243,-6.218,-8.170,-1.169,1.104,4.215,1.015,0.834,-4.945,0.202,2.960,-1.975,-2.890,2.324,1.666,-3.588,-4.579,-0.392,-0.467,0.042,-0.194,3.209,1.197,-1.268,-0.075,1.431,-0.420,0.064,0.790,-0.202
8.071,17.082,6.635,2.026,-11.885,-9.105,5.100,-5.060,-2.116,4.256,-5.861,-6.142,-15.472,-3.356,-5.177,-1.389,0.438,11.787,2.652,-3.719,4.548,3.216,0.075,2.466,2.292,1.432,-0.174,-2.563,-1.167,-0.387,0.619,-0.859,-1.035,1.491,0.267,-0.139,0.310,0.399,2.901
15.294,-11.462,-4.952,-0.028,-4.034,-15.913,-8.547,6.002,-2.207,1.287,0.073,-2.543,7.719,3.198,-0.593,-2.647,0.097,-2.575,-0.115,-0.372,-1.261,-2.039,-1.134,-1.231,0.341,0.531,-1.389,0.734,-0.597,1.022,1.505,1.815,-0.308,1.016,0.199,0.048,-0.102,0.725,-0.892
13.906,-10.535,-10.057,1.035,-6.128,-13.294,-9.103,5.354,-10.768,-0.296,-5.534,-2.685,6.660,0.011,-0.753,-3.668,0.650,-1.241,1.889,-1.631,1.655,-1.482,-1.627,-2.047,1.433,0.618,-1.202,0.616,-0.203,0.755,1.831,1.435,-0.223,1.282,1.430,0.527,0.713,0.678,-0.296
14.140,-8.896,-10.958,2.135,-2.610,-10.054,-8.726,10.333,-7.011,0.150,-3.886,-0.440,7.549,0.095,1.341,-2.587,1.807,1.306,2.478,-1.176,2.834,-0.168,-0.085,-0.526,1.777,-0.090,-0.431,0.764,0.165,0.542,1.259,0.566,-0.133,0.323,1.357,0.372,0.877,-0.036,-0.255
13.392,-9.149,-15.716,3.089,-4.500,-10.743,-15.494,11.714,-10.663,-2.540,-8.461,0.168,7.072,0.644,1.985,-2.109,2.550,2.345,2.991,-0.979,2.349,2.815,0.459,1.469,1.626,-0.013,0.212,0.569,0.187,0.072,0.636,-0.084,0.092,-0.889,1.042,0.177,0.932,-0.672,-0.280
16.023,-5.450,-15.055,7.978,1.684,-4.800,-11.230,16.990,-3.099,1.984,-1.094,4.916,7.059,0.724,1.857,-2.604,1.858,1.928,2.165,-1.365,0.006,2.598,-0.317,1.395,0.062,-0.429,0.060,-0.080,-0.144,-0.614,-0.291,-0.613,-0.188,-1.455,0.043,-0.459,0.159,-1.104,-0.202
16.186,-2.332,-18.551,10.866,3.451,-0.968,-12.745,13.771,1.352,1.081,0.416,2.769,6.841,0.755,1.833,-2.724,0.987,1.630,1.624,-1.078,-1.378,2.343,-0.625,1.654,-1.069,-0.612,-0.129,-0.340,0.026,-0.852,-0.711,-0.769,0.010,-1.094,-0.798,-0.463,-0.297,-0.962,-0.130
16.364,-3.020,-22.560,7.534,3.054,-4.117,-16.927,9.335,-0.029,-3.243,-1.350,-1.432,5.519,0.340,1.018,-3.000,-0.484,0.211,0.096,-2.066,-2.577,0.285,-1.840,0.174,-2.397,-0.802,-0.194,-0.344,0.416,-0.486,-0.594,-0.428,0.446,-0.162,-0.595,-0.103,-0.070,-0.416,0.116
16.996,-1.200,-25.585,8.245,2.964,-2.966,-18.033,8.652,-0.482,-3.055,-0.065,-2.000,4.782,0.189,0.706,-1.779,-0.539,-0.353,0.181,-0.578,-1.831,-0.019,-1.093,0.597,-1.953,-0.478,-0.221,-0.339,0.626,-0.078,-0.282,-0.137,0.579,0.619,-0.211,0.139,0.019,0.107,0.290
17.318,-0.928,-26.538,6.870,2.983,-3.323,-18.918,6.668,-0.756,-5.147,0.019,-4.686,4.077,0.039,0.700,-0.996,0.192,-0.048,0.748,0.615,-0.576,0.804,-0.598,1.573,-1.574,0.083,-0.179,-0.311,0.665,0.320,0.033,0.189,0.712,1.013,0.343,0.282,0.133,0.474,0.375
16.655,0.153,-25.455,8.504,1.719,-0.461,-14.642,5.952,1.620,-3.432,2.716,-5.370,5.170,-0.199,0.295,-0.595,0.261,0.351,0.611,0.476,0.716,1.029,-0.552,1.048,-0.943,0.397,-0.145,-0.452,0.415,0.294,0.067,0.063,0.368,0.890,0.328,-0.112,-0.111,0.347,0.272
16.730,-0.195,-27.607,8.364,3.436,-1.633,-15.549,7.805,2.939,-6.045,5.123,-7.618,5.740,-0.360,-0.333,-0.266,0.714,0.023,0.824,0.969,1.216,1.477,-0.701,0.613,-0.532,0.637,-0.120,-0.558,0.486,0.221,-0.182,0.020,0.525,0.472,0.079,-0.183,-0.261,0.335,0.186
16.297,-0.092,-28.024,8.804,4.490,-0.757,-17.338,11.665,2.815,-5.368,2.625,-5.252,5.934,-0.337,-1.036,-0.071,0.672,-0.055,0.455,1.084,1.725,1.285,-1.600,0.522,-0.737,0.604,-0.107,-0.530,0.462,0.081,-0.391,-0.043,0.723,-0.117,-0.300,-0.224,-0.011,0.035,0.147
15.695,-2.471,-26.584,10.291,1.711,0.948,-12.726,9.893,6.033,-7.683,3.130,-7.404,6.881,-0.494,-1.423,1.173,1.092,-0.757,0.926,2.934,1.281,1.070,-0.988,0.532,-0.004,0.912,-0.090,-0.331,0.364,-0.243,-0.285,-0.081,0.551,-0.506,-0.902,0.211,-0.029,-0.118,0.086
15.487,-3.888,-26.323,10.902,2.305,0.527,-10.634,13.533,6.498,-10.615,6.320,-9.165,7.619,-0.666,-1.812,0.995,0.477,-1.213,0.346,3.108,0.101,-0.265,-1.529,1.036,-1.031,0.996,-0.020,-0.112,0.334,-0.422,-0.151,0.179,0.294,-0.776,-1.183,0.873,-0.201,-0.094,0.017
14.263,-9.831,-18.193,9.459,-0.849,7.873,1.301,9.394,-3.773,-1.708,5.589,-10.001,10.760,-0.462,-1.482,2.819,-2.547,0.448,1.146,1.271,-2.079,-2.819,3.815,-1.918,-0.751,0.513,-0.191,0.067,-0.048,-0.384,0.606,-0.290,-1.068,-0.598,0.437,0.262,-0.512,0.255,-0.125
14.123,-9.705,-13.743,6.504,4.417,7.800,4.128,8.562,-4.396,3.491,3.801,-8.122,11.770,-0.721,-1.487,2.250,-2.582,1.006,0.816,-0.465,-2.806,-2.196,3.359,-2.064,-0.481,0.328,-0.240,0.054,-0.464,0.006,0.408,-0.350,-1.175,-0.672,0.637,-0.362,-0.260,0.366,-0.166
10.854,-14.531,-15.139,-1.668,-1.412,3.826,-2.487,0.261,-11.943,2.123,-3.014,-16.582,11.425,-0.974,-0.965,1.534,-1.972,2.130,0.645,-1.238,-3.375,-1.017,3.474,-2.107,0.614,0.205,-0.035,0.237,-0.563,0.424,0.470,-0.260,-0.771,-0.318,0.874,-0.822,0.276,0.515,-0.174
11.577,-13.671,-12.396,1.399,4.611,9.556,-1.896,-0.541,-9.556,9.817,-1.875,-10.354,11.551,-0.976,-1.062,0.776,-1.560,1.959,0.351,-2.213,-3.764,-0.388,1.830,-1.712,0.788,-0.101,0.122,0.270,-0.437,0.346,0.070,-0.257,-0.331,0.133,0.708,-1.117,0.456,0.162,-0.150
10.668,-12.672,-11.197,2.149,9.703,10.219,-1.879,-2.929,-6.278,12.501,-2.110,-5.816,11.896,-0.511,-0.508,0.744,-0.939,2.320,0.077,-1.711,-3.191,0.649,0.472,-0.714,1.190,-0.141,0.289,0.276,-0.213,0.273,-0.401,-0.059,0.059,0.615,0.445,-1.081,0.571,-0.195,-0.097
9.338,-15.943,-11.837,-3.204,8.654,6.358,-7.243,-8.663,-9.168,7.452,-5.212,-9.565,11.029,-0.342,-0.364,0.460,-1.369,1.261,-0.184,-1.884,-2.234,0.512,-0.726,-0.480,0.041,-0.248,0.353,0.430,0.006,0.365,-0.446,0.286,0.550,0.974,0.333,-0.366,0.559,-0.055,-0.002
9.419,-15.932,-11.698,-4.062,8.164,5.809,-8.371,-11.636,-8.894,5.666,-4.913,-11.028,10.982,0.153,0.065,0.624,-0.702,0.473,0.617,-1.108,-1.062,0.759,-0.652,0.133,0.014,-0.208,0.241,0.275,0.056,0.271,-0.517,0.374,0.557,0.896,0.026,0.037,0.373,0.028,0.028
10.492,-13.858,-9.845,-2.338,11.687,10.840,-8.069,-7.360,-5.689,9.602,-2.874,-7.542,10.770,0.459,0.804,0.866,0.149,0.652,1.513,0.235,0.041,1.222,0.563,0.658,1.098,-0.075,0.079,0.027,0.075,0.052,-0.299,0.018,0.454,0.566,-0.203,0.043,0.172,0.131,0.046
10.858,-13.389,-9.071,-1.796,10.549,11.062,-7.008,-8.892,-4.222,8.167,-2.612,-6.757,10.984,0.296,0.282,0.824,-0.345,0.039,1.098,0.015,0.153,0.426,0.013,0.584,0.801,-0.089,-0.074,-0.218,0.033,-0.325,-0.021,-0.471,0.081,0.394,-0.405,-0.172,-0.052,-0.031,0.001
10.912,-13.192,-8.822,-3.592,10.719,11.298,-6.748,-9.827,-5.395,9.018,-3.070,-6.208,10.652,-0.018,-0.336,0.735,-1.287,-0.019,-0.337,-0.175,-0.012,-0.335,-0.845,0.157,0.305,-0.076,-0.104,-0.312,-0.029,-0.427,0.062,-0.691,-0.276,0.380,-0.440,-0.307,-0.278,-0.178,-0.048
10.688,-14.855,-8.087,-5.159,8.841,11.070,-8.956,-9.637,-6.911,6.023,-1.896,-7.688,10.595,0.023,-0.457,0.855,-1.611,0.704,-0.814,-0.499,0.935,-0.486,-0.806,0.125,0.255,-0.204,-0.039,-0.130,-0.130,-0.113,0.147,-0.492,-0.202,0.416,-0.177,0.034,-0.329,-0.053,-0.045
10.488,-14.804,-6.658,-7.094,12.448,9.151,-7.970,-7.048,-6.017,6.447,-2.449,-5.550,10.587,0.076,-0.386,0.707,-1.350,0.628,-0.985,-0.888,1.553,-0.525,-0.562,-0.500,0.481,-0.257,-0.011,0.031,-0.284,0.315,-0.085,-0.185,-0.107,0.170,0.019,0.246,-0.271,-0.069,-0.055
11.187,-14.869,-5.879,-8.101,13.204,8.063,-8.893,-5.609,-6.340,5.422,-2.300,-5.811,9.995,0.054,-0.345,0.189,-0.878,0.452,-1.037,-0.638,1.450,-0.363,0.040,-0.731,0.449,-0.222,-0.133,0.064,-0.472,0.498,-0.402,-0.245,0.004,-0.340,-0.015,0.185,-0.389,-0.186,-0.026
11.043,-15.116,-6.391,-8.871,11.680,7.878,-11.219,-4.076,-8.305,6.507,-5.369,-4.742,9.665,-0.090,-0.239,-0.354,-0.079,-0.319,-1.150,-0.643,0.582,-0.300,-0.037,-0.770,-0.138,-0.340,-0.147,0.063,-0.359,0.448,-0.337,-0.424,0.242,-0.581,-0.023,-0.000,-0.300,-0.229,-0.016
10.679,-16.423,-7.275,-8.661,11.483,6.522,-10.523,-3.875,-7.579,6.190,-4.093,-5.847,9.946,-0.561,-0.213,-0.977,0.245,-0.834,-1.957,-0.603,-0.281,-0.673,-0.145,-1.683,-0.366,-0.291,-0.066,0.068,0.006,0.359,-0.207,-0.244,0.556,-0.253,0.079,-0.035,-0.153,0.173,0.089
10.292,-15.220,-7.731,-7.212,11.710,4.171,-10.369,-5.005,-6.896,5.877,-5.400,-6.223,8.913,-0.354,-0.135,-0.503,0.326,-0.413,-2.647,0.303,-0.484,-0.484,-0.473,-1.526,-0.254,-0.302,0.105,0.110,0.334,0.267,-0.227,0.127,0.855,0.291,0.194,-0.007,0.091,0.654,0.048
8.759,-15.883,-10.095,-7.706,9.019,0.133,-12.335,-6.550,-10.410,5.014,-10.701,-6.903,8.915,-0.145,-0.056,0.296,0.715,-0.539,-1.511,1.669,0.718,0.122,0.082,-1.117,1.371,0.203,0.234,0.344,0.566,0.354,-0.196,0.794,0.883,0.799,0.524,-0.025,0.523,1.025,-0.175
10.234,-16.062,-7.495,-7.717,10.844,-2.161,-8.800,-5.160,-9.311,4.732,-9.695,-5.483,8.670,0.225,0.234,0.678,1.020,-1.601,-0.736,2.497,1.538,0.274,-0.185,-0.598,2.264,-0.349,0.103,0.236,0.554,0.160,-0.635,0.748,0.239,0.743,0.572,-0.290,0.492,0.709,-0.249
9.985,-16.282,-5.913,-4.834,9.222,2.134,-2.962,-0.207,-5.759,7.176,-7.532,0.639,11.083,0.319,1.321,1.265,1.666,-1.221,1.056,2.714,2.704,1.566,-0.415,0.465,3.502,-1.143,-0.042,0.129,0.416,-0.122,-0.782,0.152,-0.520,0.279,0.494,-0.717,0.236,-0.249,-0.320
10.802,-13.848,-6.431,-3.547,3.605,-0.509,-2.572,-0.485,-7.852,3.874,-9.977,1.329,6.086,-0.072,0.355,1.785,0.651,-3.247,-0.189,0.976,2.237,1.654,-1.673,0.141,2.228,-0.877,-0.143,0.083,0.153,0.008,-0.901,-0.340,-0.778,-0.430,0.650,-0.804,0.239,-0.985,0.025
10.068,-10.384,-4.303,-1.461,6.532,4.586,-1.877,4.634,-3.307,3.371,-8.233,7.199,4.494,-0.207,0.530,1.824,0.287,-3.626,-1.026,-0.170,1.764,1.904,-2.758,-0.308,0.143,-1.134,-0.325,0.389,-0.419,0.412,-1.118,-0.792,-0.381,-1.425,0.630,-0.733,0.070,-1.350,0.210
9.831,-17.237,0.623,-6.148,-4.046,-4.333,-4.463,3.603,-2.268,-1.731,-8.638,2.377,7.580,-0.225,1.045,1.166,1.749,-4.903,-1.395,0.049,-0.142,3.357,-3.032,0.985,-0.980,-0.228,-0.359,1.108,-0.526,0.657,-0.106,-0.234,0.322,-1.628,0.238,0.051,0.115,-0.785,-0.078
9.436,-11.940,-0.318,-2.097,-5.081,-1.086,-2.865,6.569,0.970,-3.813,-9.743,0.832,4.664,-1.232,2.921,-0.522,3.175,-5.981,-2.302,1.272,-3.234,3.862,-3.400,0.391,-1.646,-0.417,-0.820,0.920,0.288,0.135,0.906,0.183,0.446,-1.456,-0.671,0.700,-0.019,0.012,-0.122
9.993,-7.845,-2.596,5.517,-15.106,-4.648,-1.834,-2.161,6.794,-7.696,-4.297,-0.389,4.859,-1.357,4.699,0.329,2.490,-2.601,-0.721,1.863,-3.402,1.864,-1.099,0.366,-0.803,-1.626,-1.430,0.272,1.400,-0.852,2.118,0.897,0.476,-0.269,-1.660,1.303,-0.335,0.522,-0.096
3.828,-0.472,-5.302,8.579,-17.844,-6.768,3.167,-8.652,11.473,-10.645,-8.447,0.350,3.769,-3.743,3.303,3.685,0.592,-0.248,-0.447,1.153,-3.887,-0.705,-0.222,-0.092,0.115,-1.044,-1.561,-0.635,1.798,-1.306,2.386,1.459,0.321,0.951,-1.867,1.315,0.077,0.765,0.319
5.849,0.524,4.761,0.966,-10.669,-5.098,1.834,-5.798,1.797,-3.811,-7.455,-1.397,-0.103,-6.121,2.213,6.062,-1.221,2.819,2.163,2.487,-1.159,-2.658,1.893,-0.447,0.750,-0.396,-1.328,-1.018,0.626,-0.613,1.315,1.131,0.167,1.216,-0.363,0.759,0.345,0.475,0.761
-15.097,2.791,17.848,2.135,-5.661,4.329,11.653,-6.758,-0.734,-0.117,-6.442,2.581,3.799,-6.539,0.766,2.502,0.470,2.232,2.937,1.992,0.534,1.301,1.748,1.456,0.929,1.376,1.414,-0.335,-1.771,0.592,-0.411,-0.126,-1.055,0.581,2.132,-0.244,0.628,-0.127,0.284
-18.980,3.330,16.163,0.490,-4.145,6.278,11.091,-6.164,-3.325,-4.109,-3.046,5.369,4.636,-2.829,1.270,0.524,0.959,1.993,2.907,0.545,1.790,3.303,1.601,1.992,0.296,1.140,1.762,-0.334,-1.601,0.173,-0.456,-0.719,-1.133,0.119,1.883,-0.277,0.294,-0.182,-0.123
-20.963,2.881,16.404,4.640,-1.709,4.901,6.779,-5.569,9.937,3.551,-2.966,1.521,5.420,-0.964,0.395,-0.257,0.507,1.389,1.853,-1.778,1.052,4.745,0.713,2.289,0.669,0.737,1.409,-0.584,-0.971,-0.568,-0.281,-0.825,-0.720,-0.229,0.096,-0.400,-0.145,-0.108,-0.349
-18.419,6.695,17.771,6.680,-0.550,11.155,6.228,-2.696,11.124,-0.698,-0.407,3.920,6.812,-0.635,-0.499,-1.021,-0.655,1.381,0.497,-1.214,0.736,4.480,0.808,2.235,0.620,0.269,0.376,-0.776,-0.479,-0.689,-0.314,-0.917,-0.115,-0.585,-1.229,-0.215,-0.606,-0.139,-0.320
-20.195,3.086,15.761,1.577,-0.512,11.155,5.194,-3.235,15.765,1.744,3.683,6.649,6.394,-0.592,-1.272,-1.581,-1.563,1.135,0.017,-0.728,-0.081,1.193,0.144,0.611,0.226,0.066,0.126,-0.189,0.035,-0.218,-0.303,-0.368,0.567,-0.272,-2.157,-0.201,-0.722,-0.286,-0.147
-22.540,0.733,11.377,-1.254,2.162,5.636,5.816,-3.651,16.160,0.833,4.805,5.903,5.495,-1.132,-1.777,-1.211,-1.449,0.549,-0.763,-0.557,-0.570,-1.064,0.813,-0.199,-0.179,-0.124,0.248,0.394,0.460,0.320,-0.599,0.030,0.572,0.024,-1.987,-0.409,-0.522,-0.402,0.012
-21.864,-0.495,11.695,0.795,2.608,7.747,3.347,-5.498,13.383,3.507,-2.515,1.658,6.407,-0.085,0.091,0.014,-0.188,0.288,0.641,0.728,0.345,-3.267,-0.297,-0.102,-0.362,0.200,0.331,0.737,0.480,0.574,-0.678,0.109,0.597,0.334,-0.808,-0.597,-0.133,-0.050,0.043
-23.245,-0.399,13.749,-0.174,0.638,9.045,4.369,-4.415,6.994,2.484,1.695,5.521,6.186,0.352,0.789,0.482,0.258,-1.192,0.333,0.919,0.645,-3.226,-1.019,-0.016,-1.096,0.264,0.390,0.663,0.129,0.461,-0.359,-0.048,0.216,0.443,0.554,-0.405,-0.264,0.152,0.014
-20.267,4.107,14.647,0.097,1.691,12.658,9.557,-1.129,4.014,-0.566,4.728,5.032,7.049,0.321,1.129,-0.027,0.452,-1.382,0.017,1.519,0.982,-1.765,-1.926,-0.144,0.433,0.088,0.061,0.039,-0.267,0.077,0.061,-0.449,-0.586,-0.008,1.173,0.312,-0.175,0.445,-0.084
-21.578,2.379,12.310,0.383,-3.339,4.846,7.307,-2.608,4.717,-2.226,1.103,-1.263,6.492,0.613,1.019,-0.543,0.536,-0.409,-0.691,0.130,1.328,0.955,-0.400,-1.497,0.186,0.003,0.044,-0.203,-0.329,-0.275,0.599,0.035,-0.714,-0.335,0.797,0.512,0.065,0.535,-0.057
-21.091,3.762,12.278,2.777,-2.315,9.930,9.472,-1.493,5.696,-3.771,-2.939,7.214,6.695,0.091,0.170,-0.808,0.055,0.203,-1.089,-1.806,-0.038,0.508,0.952,-0.238,1.220,-0.088,0.093,-0.315,-0.011,-0.304,0.552,0.263,-0.663,-0.870,0.121,0.482,0.170,-0.036,-0.076
-19.766,4.867,12.219,1.167,0.594,6.955,5.062,2.409,10.928,2.089,-1.956,5.362,6.378,0.687,0.254,-0.775,-0.917,1.013,1.061,-0.986,-0.520,-0.375,0.102,0.357,1.185,0.067,0.155,-0.243,0.238,-0.036,0.186,0.559,0.033,-1.046,-0.483,-0.185,-0.051,-0.033,-0.174
-20.717,3.715,10.651,-0.018,0.738,6.160,1.651,-3.826,3.449,2.035,5.068,7.821,6.669,0.750,-0.063,0.031,-0.341,0.666,0.455,-1.236,-2.443,-0.493,0.231,-0.223,-0.245,-0.325,0.434,-0.184,0.362,0.370,-0.226,0.352,0.706,-0.304,0.030,-0.256,-0.656,-0.518,-0.386
-18.332,3.673,9.249,-2.807,0.199,12.039,6.287,-4.044,3.966,-4.620,-1.114,4.356,6.843,1.058,-0.081,0.226,0.554,0.290,1.332,0.009,-2.701,-0.959,-0.965,-1.761,0.753,-0.747,0.538,-0.614,0.017,0.478,-0.536,-0.491,0.802,0.259,0.293,0.366,-0.484,-0.621,-0.706
-18.058,4.046,13.919,3.059,1.213,9.665,2.680,-10.483,6.711,0.739,-4.474,6.490,4.836,2.077,-0.584,0.501,1.170,-0.567,0.534,1.228,-0.468,0.948,0.205,-2.457,-1.154,-1.610,0.654,-0.958,-0.652,0.229,-0.501,-0.748,0.991,1.146,0.439,0.631,0.173,-0.673,-0.800
-7.984,-7.328,5.635,0.701,-2.991,5.247,12.276,-8.188,5.214,4.581,-5.689,0.594,-4.977,2.498,-3.647,-2.900,1.527,-0.082,-1.776,2.096,1.841,0.278,2.985,2.033,-2.191,-3.358,-0.423,1.344,-0.228,0.138,0.598,0.175,-0.793,0.875,-0.381,-0.388,1.282,0.658,0.247
-6.016,-8.219,3.675,7.529,-2.238,3.467,12.984,-0.057,11.535,7.055,-3.456,-1.401,-7.323,1.918,-0.879,-3.100,1.558,0.887,-1.551,0.105,2.544,-0.448,2.680,3.623,0.853,-2.671,-0.597,2.160,0.392,-0.325,0.469,0.523,-1.055,0.056,-0.829,-1.219,0.608,0.821,0.507
-6.109,-9.589,1.339,7.884,1.062,5.711,12.899,-0.686,4.087,10.206,3.515,-0.798,-9.436,1.238,2.798,-1.840,0.992,0.913,-0.735,-0.811,3.916,-0.793,-0.369,3.768,0.147,-1.896,-0.537,2.002,0.722,-0.678,0.082,0.656,-0.678,-0.527,-0.767,-1.978,-0.389,0.617,0.600
-2.945,-2.784,-1.429,7.432,-0.494,0.930,8.850,4.663,6.247,12.385,8.733,4.292,-10.866,0.834,3.961,-1.228,-0.633,0.675,0.195,-0.995,1.284,-2.572,-2.487,2.404,0.438,-1.479,-0.490,0.619,0.827,-0.627,-0.123,0.792,0.054,-1.284,-0.557,-1.581,-1.193,-0.061,0.520
-3.327,3.944,-1.011,5.712,0.704,2.841,10.289,9.031,3.894,0.070,7.057,-1.516,-12.684,0.357,3.944,-0.227,-0.766,0.435,0.630,-0.744,-0.164,-2.496,-4.320,0.697,1.101,-0.955,-0.371,-0.689,0.600,-0.182,-0.288,0.318,0.272,-1.589,-0.151,-0.118,-1.142,0.002,0.434
-3.235,4.822,-1.291,5.451,1.317,5.876,9.316,1.503,-1.230,-0.311,6.792,1.149,-13.093,-0.092,1.642,0.229,-0.698,0.509,1.724,0.340,-1.836,-2.383,-3.252,-0.806,0.070,-0.542,-0.174,-1.005,0.324,0.213,-0.591,-0.408,0.295,-0.422,0.753,0.796,-0.914,-0.417,0.368
-4.181,6.329,0.136,5.044,2.332,6.388,8.944,0.076,-4.655,-5.045,7.973,6.279,-13.097,-0.155,0.511,0.432,0.118,-0.442,0.092,-0.119,-2.469,-1.641,-0.576,-0.335,0.341,-0.193,0.042,-0.723,0.091,0.311,-0.426,-0.700,0.177,0.287,0.908,1.089,-0.563,-0.672,0.240
-2.979,4.234,-0.858,4.276,1.237,7.777,11.221,-0.039,-1.394,-1.317,4.247,0.744,-13.371,0.222,0.653,0.060,-0.010,-1.842,-1.575,0.169,0.325,0.763,-0.381,-1.649,-1.269,-0.019,0.075,-0.111,-0.074,0.267,-0.174,-0.732,-0.096,0.699,0.863,0.906,-0.118,-0.117,0.097
-4.232,6.790,0.933,6.888,-1.468,2.349,8.741,-2.545,-4.229,-2.305,6.654,0.390,-13.511,0.412,0.825,0.312,0.445,-0.520,-1.219,0.228,0.192,0.470,-0.309,-1.697,-1.587,-0.017,0.010,-0.070,-0.288,-0.015,0.352,0.033,0.136,0.505,0.516,0.646,0.112,0.331,-0.020
-2.101,7.854,-1.389,4.481,-5.994,0.024,10.264,4.436,2.373,-3.584,-0.793,-2.249,-12.983,-0.003,0.930,-0.080,0.474,-0.322,-1.283,-0.316,0.326,0.875,1.146,-0.716,0.448,-0.147,-0.141,-0.204,-0.251,-0.175,0.656,0.545,0.162,-0.241,-0.162,0.689,0.644,0.860,-0.088
-2.561,8.642,1.962,7.166,3.345,4.170,10.562,-1.204,-4.190,-5.454,2.009,-0.161,-13.377,0.005,0.024,-0.937,-0.201,0.558,0.111,0.803,0.055,0.885,1.893,-0.242,1.136,-0.227,-0.118,-0.225,-0.244,-0.440,0.167,0.435,0.193,-0.120,-0.155,0.381,0.515,0.642,-0.063
-3.829,7.958,-1.773,6.509,-2.780,0.453,8.732,0.922,2.964,5.990,2.990,3.261,-14.175,-0.282,0.031,-0.571,-0.561,0.899,0.483,0.692,-0.812,-0.254,1.963,0.845,1.668,-0.353,0.029,-0.095,0.097,-0.387,0.115,0.372,0.167,-0.080,-0.410,-0.447,0.146,-0.037,0.012
-3.343,6.858,-3.562,4.870,-0.286,2.692,13.522,-0.512,-0.102,2.371,3.550,3.312,-14.051,-0.041,0.147,-0.660,-1.237,-0.296,0.075,0.688,0.158,0.260,1.188,0.098,1.012,-0.230,0.077,0.110,0.324,-0.186,0.002,0.108,-0.057,0.033,-0.411,-0.797,-0.082,-0.297,0.056
