INSERT INTO code_table (code_table_id,group_code,code,description,index) VALUES (1,'LEVELS','BEGINNER','',0);
INSERT INTO code_table (code_table_id,group_code,code,description,index) VALUES (2,'LEVELS','ELEMENTARY','',1);
INSERT INTO code_table (code_table_id,group_code,code,description,index) VALUES (3,'LEVELS','LOWER_INTERMEDIATE','',2);
INSERT INTO code_table (code_table_id,group_code,code,description,index) VALUES (4,'LEVELS','INTERMEDIATE','',3);
INSERT INTO code_table (code_table_id,group_code,code,description,index) VALUES (5,'LEVELS','UPPER_INTERMEDIATE','',4);
INSERT INTO code_table (code_table_id,group_code,code,description,index) VALUES (6,'LEVELS','ADVANCED','',5);
INSERT INTO code_table (code_table_id,group_code,code,description,index) VALUES (7,'AUTHORITIES','ROLE_USER','',0);
INSERT INTO code_table (code_table_id,group_code,code,description,index) VALUES (8,'AUTHORITIES','ROLE_GROUP_MANAGER','',1);
INSERT INTO code_table (code_table_id,group_code,code,description,index) VALUES (9,'AUTHORITIES','ROLE_ADMIN','',2);

INSERT INTO users (user_id,username,name,surname,email,telephonenumber,location,position,password,enabled,curriculum,manager_id) VALUES (4,'kari','Kari', 'Happonen', 'kari@ixonos.com', '0907111233', 'Kosice', 'CHIEF_EXECUTIVE_OFFICER', 'a89278a5489443e5b56ceb7f0fd35f3ded17cccd7a4304240cc06875d509b047',true,null,null);
INSERT INTO users (user_id,username,name,surname,email,telephonenumber,location,position,password,enabled,curriculum,manager_id) VALUES (3,'roman','Roman', 'Klimčík', 'roman@ixonos.com', '0907111233', 'Kosice', 'JAVA SITE_MANAGERS','2f69b12f98638021a2a322f174b6ff578d59b61c00106b2562a79b99545a6e5c',true,null,4);
INSERT INTO users (user_id,username,name,surname,email,telephonenumber,location,position,password,enabled,curriculum,manager_id) VALUES (1,'slavo','Slavomír', 'Huštaty', 'slavomir.hustaty@ixonos.com', '0907111233', 'Kosice', 'GROUP_MANAGERS','db35fb9d6d8b321527bd45b7140fda956e5143a9ced8e2b326b4a1a0ff03507f',true,null,3);
INSERT INTO users (user_id,username,name,surname,email,telephonenumber,location,position,password,enabled,curriculum,manager_id) VALUES (6,'marian','Marian', 'Grega', 'marian.grega@ixonos.com', '0907111233', 'Kosice', 'GROUP_MANAGERS','80772c8137a306c16d1e998e9992e049b13640dac234d540b158990df8b51396',true,null,3);
INSERT INTO users (user_id,username,name,surname,email,telephonenumber,location,position,password,enabled,curriculum,manager_id) VALUES (2,'miro','Miroslav', 'Katrák', 'miroslav.katrak@ixonos.com', '0907111233', 'Kosice', 'JAVA DEVELOPER','b30c30b2833fdbec72e0c966f21be08615d2850ec93af64c0507ed8d35bc5ba3',true,null,1);
INSERT INTO users (user_id,username,name,surname,email,telephonenumber,location,position,password,enabled,curriculum,manager_id) VALUES (5,'jano','Ján', 'Magur', 'jan.magur@ixonos.com', '0907111233', 'Kosice', 'JAVA DEVELOPER','10f6cb8ec57ed0a197ee91789ec785b9c65c1924ce041086203a92df5758dbb6',true,null,1);

INSERT INTO groups (group_id,group_name) VALUES (1,'SITE_MANAGERS');
INSERT INTO groups (group_id,group_name) VALUES (2,'GROUP_MANAGERS');
INSERT INTO groups (group_id,group_name) VALUES (3,'PROJECT_MANAGERS');
INSERT INTO groups (group_id,group_name) VALUES (4,'CHIEF_EXECUTIVE_OFFICER');
INSERT INTO groups (group_id,group_name) VALUES (5,'ADMINISTRATORS');

INSERT INTO group_member (group_member_id,user_id,group_id) VALUES (1,1,2);
INSERT INTO group_member (group_member_id,user_id,group_id) VALUES (2,4,4);
INSERT INTO group_member (group_member_id,user_id,group_id) VALUES (3,3,1);
INSERT INTO group_member (group_member_id,user_id,group_id) VALUES (4,2,3);
INSERT INTO group_member (group_member_id,user_id,group_id) VALUES (5,5,3);
INSERT INTO group_member (group_member_id,user_id,group_id) VALUES (6,6,2);
INSERT INTO group_member (group_member_id,user_id,group_id) VALUES (7,4,5);
INSERT INTO group_member (group_member_id,user_id,group_id) VALUES (8,3,5);
INSERT INTO group_member (group_member_id,user_id,group_id) VALUES (9,1,5);

INSERT INTO authority (authority_id,user_id,authority) VALUES (1,5,7);
INSERT INTO authority (authority_id,user_id,authority) VALUES (2,4,7);
INSERT INTO authority (authority_id,user_id,authority) VALUES (3,2,7);
INSERT INTO authority (authority_id,user_id,authority) VALUES (4,3,7);

INSERT INTO group_authority (group_authority_id,group_id,authority) VALUES (1,1,7);
INSERT INTO group_authority (group_authority_id,group_id,authority) VALUES (2,1,8);
INSERT INTO group_authority (group_authority_id,group_id,authority) VALUES (3,1,9);
INSERT INTO group_authority (group_authority_id,group_id,authority) VALUES (4,2,8);
INSERT INTO group_authority (group_authority_id,group_id,authority) VALUES (5,2,7);
INSERT INTO group_authority (group_authority_id,group_id,authority) VALUES (6,3,7);
INSERT INTO group_authority (group_authority_id,group_id,authority) VALUES (7,4,9);
INSERT INTO group_authority (group_authority_id,group_id,authority) VALUES (8,4,8);
INSERT INTO group_authority (group_authority_id,group_id,authority) VALUES (9,4,7);
INSERT INTO group_authority (group_authority_id,group_id,authority) VALUES (10,5,9);

INSERT INTO skill (skill_id,name,description,created,modified,valuable,keyword,created_by,modified_by) VALUES (1,'ROOT',null,now(),null,false,null,1,null);
INSERT INTO skill (skill_id,name,description,created,modified,valuable,keyword,created_by,modified_by) VALUES (34,'Application requirement spesifications',null,now(),null,true,null,1,null);
INSERT INTO skill (skill_id,name,description,created,modified,valuable,keyword,created_by,modified_by) VALUES (35,'Business needs surveys',null,now(),null,true,null,1,null);
INSERT INTO skill (skill_id,name,description,created,modified,valuable,keyword,created_by,modified_by) VALUES (36,'Process modelling',null,now(),null,true,null,1,null);
INSERT INTO skill (skill_id,name,description,created,modified,valuable,keyword,created_by,modified_by) VALUES (37,'System requirement specifications',null,now(),null,true,null,1,null);
INSERT INTO skill (skill_id,name,description,created,modified,valuable,keyword,created_by,modified_by) VALUES (38,'Technology selections',null,now(),null,true,null,1,null);
INSERT INTO skill (skill_id,name,description,created,modified,valuable,keyword,created_by,modified_by) VALUES (39,'Architecture planning',null,now(),null,true,null,1,null);
INSERT INTO skill (skill_id,name,description,created,modified,valuable,keyword,created_by,modified_by) VALUES (40,'Database planning',null,now(),null,true,null,1,null);
INSERT INTO skill (skill_id,name,description,created,modified,valuable,keyword,created_by,modified_by) VALUES (41,'Equipment and network planning',null,now(),null,true,null,1,null);
INSERT INTO skill (skill_id,name,description,created,modified,valuable,keyword,created_by,modified_by) VALUES (42,'Information security planning',null,now(),null,true,null,1,null);
INSERT INTO skill (skill_id,name,description,created,modified,valuable,keyword,created_by,modified_by) VALUES (43,'Object-oriented modelling',null,now(),null,true,null,1,null);
INSERT INTO skill (skill_id,name,description,created,modified,valuable,keyword,created_by,modified_by) VALUES (44,'Planning methods',null,now(),null,true,null,1,null);
INSERT INTO skill (skill_id,name,description,created,modified,valuable,keyword,created_by,modified_by) VALUES (45,'Techical system planning',null,now(),null,true,null,1,null);
INSERT INTO skill (skill_id,name,description,created,modified,valuable,keyword,created_by,modified_by) VALUES (46,'Test automation planning',null,now(),null,true,null,1,null);
INSERT INTO skill (skill_id,name,description,created,modified,valuable,keyword,created_by,modified_by) VALUES (47,'Testing planning',null,now(),null,true,null,1,null);
INSERT INTO skill (skill_id,name,description,created,modified,valuable,keyword,created_by,modified_by) VALUES (48,'User interface planning',null,now(),null,true,null,1,null);
INSERT INTO skill (skill_id,name,description,created,modified,valuable,keyword,created_by,modified_by) VALUES (49,'Configuration management',null,now(),null,true,null,1,null);
INSERT INTO skill (skill_id,name,description,created,modified,valuable,keyword,created_by,modified_by) VALUES (50,'DSP programming',null,now(),null,true,null,1,null);
INSERT INTO skill (skill_id,name,description,created,modified,valuable,keyword,created_by,modified_by) VALUES (51,'Embedded programming',null,now(),null,true,null,1,null);
INSERT INTO skill (skill_id,name,description,created,modified,valuable,keyword,created_by,modified_by) VALUES (52,'Integration',null,now(),null,true,null,1,null);
INSERT INTO skill (skill_id,name,description,created,modified,valuable,keyword,created_by,modified_by) VALUES (53,'Main frame programming',null,now(),null,true,null,1,null);
INSERT INTO skill (skill_id,name,description,created,modified,valuable,keyword,created_by,modified_by) VALUES (54,'Protocoll programming',null,now(),null,true,null,1,null);
INSERT INTO skill (skill_id,name,description,created,modified,valuable,keyword,created_by,modified_by) VALUES (55,'Real time programming',null,now(),null,true,null,1,null);
INSERT INTO skill (skill_id,name,description,created,modified,valuable,keyword,created_by,modified_by) VALUES (56,'Server programming',null,now(),null,true,null,1,null);
INSERT INTO skill (skill_id,name,description,created,modified,valuable,keyword,created_by,modified_by) VALUES (57,'User interface programming',null,now(),null,true,null,1,null);
INSERT INTO skill (skill_id,name,description,created,modified,valuable,keyword,created_by,modified_by) VALUES (58,'Version management',null,now(),null,true,null,1,null);
INSERT INTO skill (skill_id,name,description,created,modified,valuable,keyword,created_by,modified_by) VALUES (59,'Ajax','',now(),now(),true,null,1,4);
INSERT INTO skill (skill_id,name,description,created,modified,valuable,keyword,created_by,modified_by) VALUES (60,'C',null,now(),null,true,null,1,null);
INSERT INTO skill (skill_id,name,description,created,modified,valuable,keyword,created_by,modified_by) VALUES (61,'C#',null,now(),null,true,null,1,null);
INSERT INTO skill (skill_id,name,description,created,modified,valuable,keyword,created_by,modified_by) VALUES (62,'C++',null,now(),null,true,null,1,null);
INSERT INTO skill (skill_id,name,description,created,modified,valuable,keyword,created_by,modified_by) VALUES (63,'Symbian C++',null,now(),null,true,null,1,null);
INSERT INTO skill (skill_id,name,description,created,modified,valuable,keyword,created_by,modified_by) VALUES (64,'Cobol',null,now(),null,true,null,1,null);
INSERT INTO skill (skill_id,name,description,created,modified,valuable,keyword,created_by,modified_by) VALUES (65,'Delphi/Object Pascal','',now(),now(),true,null,1,4);
INSERT INTO skill (skill_id,name,description,created,modified,valuable,keyword,created_by,modified_by) VALUES (66,'Java EE',null,now(),null,true,null,1,null);
INSERT INTO skill (skill_id,name,description,created,modified,valuable,keyword,created_by,modified_by) VALUES (67,'Java ME',null,now(),null,true,null,1,null);
INSERT INTO skill (skill_id,name,description,created,modified,valuable,keyword,created_by,modified_by) VALUES (68,'Java SE',null,now(),null,true,null,1,null);
INSERT INTO skill (skill_id,name,description,created,modified,valuable,keyword,created_by,modified_by) VALUES (69,'JavaScript',null,now(),null,true,null,1,null);
INSERT INTO skill (skill_id,name,description,created,modified,valuable,keyword,created_by,modified_by) VALUES (70,'LotusScript',null,now(),null,true,null,1,null);
INSERT INTO skill (skill_id,name,description,created,modified,valuable,keyword,created_by,modified_by) VALUES (71,'Notes Development',null,now(),null,true,null,1,null);
INSERT INTO skill (skill_id,name,description,created,modified,valuable,keyword,created_by,modified_by) VALUES (72,'Pascal','',now(),now(),true,null,1,4);
INSERT INTO skill (skill_id,name,description,created,modified,valuable,keyword,created_by,modified_by) VALUES (73,'PHP',null,now(),null,true,null,1,null);
INSERT INTO skill (skill_id,name,description,created,modified,valuable,keyword,created_by,modified_by) VALUES (74,'PL1',null,now(),null,true,null,1,null);
INSERT INTO skill (skill_id,name,description,created,modified,valuable,keyword,created_by,modified_by) VALUES (75,'Python',null,now(),null,true,null,1,null);
INSERT INTO skill (skill_id,name,description,created,modified,valuable,keyword,created_by,modified_by) VALUES (76,'Ruby on rails',null,now(),null,true,null,1,null);
INSERT INTO skill (skill_id,name,description,created,modified,valuable,keyword,created_by,modified_by) VALUES (77,'SDL',null,now(),null,true,null,1,null);
INSERT INTO skill (skill_id,name,description,created,modified,valuable,keyword,created_by,modified_by) VALUES (78,'SQL',null,now(),null,true,null,1,null);
INSERT INTO skill (skill_id,name,description,created,modified,valuable,keyword,created_by,modified_by) VALUES (79,'UML',null,now(),null,true,null,1,null);
INSERT INTO skill (skill_id,name,description,created,modified,valuable,keyword,created_by,modified_by) VALUES (80,'Visual Basic',null,now(),null,true,null,1,null);
INSERT INTO skill (skill_id,name,description,created,modified,valuable,keyword,created_by,modified_by) VALUES (81,'XML',null,now(),null,true,null,1,null);
INSERT INTO skill (skill_id,name,description,created,modified,valuable,keyword,created_by,modified_by) VALUES (82,'Ant',null,now(),null,true,null,1,null);
INSERT INTO skill (skill_id,name,description,created,modified,valuable,keyword,created_by,modified_by) VALUES (83,'Carbide',null,now(),null,true,null,1,null);
INSERT INTO skill (skill_id,name,description,created,modified,valuable,keyword,created_by,modified_by) VALUES (84,'ClearCase',null,now(),null,true,null,1,null);
INSERT INTO skill (skill_id,name,description,created,modified,valuable,keyword,created_by,modified_by) VALUES (85,'CM Synergy',null,now(),null,true,null,1,null);
INSERT INTO skill (skill_id,name,description,created,modified,valuable,keyword,created_by,modified_by) VALUES (86,'Code Warrior',null,now(),null,true,null,1,null);
INSERT INTO skill (skill_id,name,description,created,modified,valuable,keyword,created_by,modified_by) VALUES (87,'CVS','',now(),now(),true,null,1,4);
INSERT INTO skill (skill_id,name,description,created,modified,valuable,keyword,created_by,modified_by) VALUES (88,'Eclipse',null,now(),null,true,null,1,null);
INSERT INTO skill (skill_id,name,description,created,modified,valuable,keyword,created_by,modified_by) VALUES (89,'Java Studio',null,now(),null,true,null,1,null);
INSERT INTO skill (skill_id,name,description,created,modified,valuable,keyword,created_by,modified_by) VALUES (90,'JBuilder',null,now(),null,true,null,1,null);
INSERT INTO skill (skill_id,name,description,created,modified,valuable,keyword,created_by,modified_by) VALUES (91,'JIRA, Greenhopper',null,now(),null,true,null,1,null);
INSERT INTO skill (skill_id,name,description,created,modified,valuable,keyword,created_by,modified_by) VALUES (92,'Linux-application development environment',null,now(),null,true,null,1,null);
INSERT INTO skill (skill_id,name,description,created,modified,valuable,keyword,created_by,modified_by) VALUES (93,'Log4j',null,now(),null,true,null,1,null);
INSERT INTO skill (skill_id,name,description,created,modified,valuable,keyword,created_by,modified_by) VALUES (94,'Maven',null,now(),null,true,null,1,null);
INSERT INTO skill (skill_id,name,description,created,modified,valuable,keyword,created_by,modified_by) VALUES (95,'Perforce',null,now(),null,true,null,1,null);
INSERT INTO skill (skill_id,name,description,created,modified,valuable,keyword,created_by,modified_by) VALUES (96,'SDT, Telelogic',null,now(),null,true,null,1,null);
INSERT INTO skill (skill_id,name,description,created,modified,valuable,keyword,created_by,modified_by) VALUES (97,'Subversion','',now(),now(),true,null,1,4);
INSERT INTO skill (skill_id,name,description,created,modified,valuable,keyword,created_by,modified_by) VALUES (98,'AspectJ, AspectWerkz',null,now(),null,true,null,1,null);
INSERT INTO skill (skill_id,name,description,created,modified,valuable,keyword,created_by,modified_by) VALUES (99,'.NET',null,now(),null,true,null,1,null);
INSERT INTO skill (skill_id,name,description,created,modified,valuable,keyword,created_by,modified_by) VALUES (100,'Hibernate',null,now(),null,true,null,1,null);
INSERT INTO skill (skill_id,name,description,created,modified,valuable,keyword,created_by,modified_by) VALUES (101,'Java Servlets',null,now(),null,true,null,1,null);
INSERT INTO skill (skill_id,name,description,created,modified,valuable,keyword,created_by,modified_by) VALUES (102,'Enterprise Java Beans (EJB)',null,now(),null,true,null,1,null);
INSERT INTO skill (skill_id,name,description,created,modified,valuable,keyword,created_by,modified_by) VALUES (103,'Linux',null,now(),null,true,null,1,null);
INSERT INTO skill (skill_id,name,description,created,modified,valuable,keyword,created_by,modified_by) VALUES (104,'Mobile Linux',null,now(),null,true,null,1,null);
INSERT INTO skill (skill_id,name,description,created,modified,valuable,keyword,created_by,modified_by) VALUES (105,'Nokia ISA',null,now(),null,true,null,1,null);
INSERT INTO skill (skill_id,name,description,created,modified,valuable,keyword,created_by,modified_by) VALUES (106,'Nokia Series 40',null,now(),null,true,null,1,null);
INSERT INTO skill (skill_id,name,description,created,modified,valuable,keyword,created_by,modified_by) VALUES (107,'Nokia Series 60',null,now(),null,true,null,1,null);
INSERT INTO skill (skill_id,name,description,created,modified,valuable,keyword,created_by,modified_by) VALUES (108,'QT',null,now(),null,true,null,1,null);
INSERT INTO skill (skill_id,name,description,created,modified,valuable,keyword,created_by,modified_by) VALUES (109,'Spring','',now(),now(),true,null,1,4);
INSERT INTO skill (skill_id,name,description,created,modified,valuable,keyword,created_by,modified_by) VALUES (110,'Symbian',null,now(),null,true,null,1,null);
INSERT INTO skill (skill_id,name,description,created,modified,valuable,keyword,created_by,modified_by) VALUES (111,'Windows',null,now(),null,true,null,1,null);
INSERT INTO skill (skill_id,name,description,created,modified,valuable,keyword,created_by,modified_by) VALUES (112,'Windows CE/Mobile Windows',null,now(),null,true,null,1,null);
INSERT INTO skill (skill_id,name,description,created,modified,valuable,keyword,created_by,modified_by) VALUES (113,'Other embedded platforms',null,now(),null,true,null,1,null);
INSERT INTO skill (skill_id,name,description,created,modified,valuable,keyword,created_by,modified_by) VALUES (114,'Apache',null,now(),null,true,null,1,null);
INSERT INTO skill (skill_id,name,description,created,modified,valuable,keyword,created_by,modified_by) VALUES (115,'BEA Weblogic',null,now(),null,true,null,1,null);
INSERT INTO skill (skill_id,name,description,created,modified,valuable,keyword,created_by,modified_by) VALUES (116,'Business Objects',null,now(),null,true,null,1,null);
INSERT INTO skill (skill_id,name,description,created,modified,valuable,keyword,created_by,modified_by) VALUES (117,'CICS',null,now(),null,true,null,1,null);
INSERT INTO skill (skill_id,name,description,created,modified,valuable,keyword,created_by,modified_by) VALUES (118,'Cognos','',now(),now(),true,null,1,4);
INSERT INTO skill (skill_id,name,description,created,modified,valuable,keyword,created_by,modified_by) VALUES (119,'DB2',null,now(),null,true,null,1,null);
INSERT INTO skill (skill_id,name,description,created,modified,valuable,keyword,created_by,modified_by) VALUES (120,'DL1',null,now(),null,true,null,1,null);
INSERT INTO skill (skill_id,name,description,created,modified,valuable,keyword,created_by,modified_by) VALUES (121,'Documentum',null,now(),null,true,null,1,null);
INSERT INTO skill (skill_id,name,description,created,modified,valuable,keyword,created_by,modified_by) VALUES (122,'ERP-solutions, please spesify',null,now(),null,true,null,1,null);
INSERT INTO skill (skill_id,name,description,created,modified,valuable,keyword,created_by,modified_by) VALUES (123,'IBM Websphere',null,now(),null,true,null,1,null);
INSERT INTO skill (skill_id,name,description,created,modified,valuable,keyword,created_by,modified_by) VALUES (124,'IMS',null,now(),null,true,null,1,null);
INSERT INTO skill (skill_id,name,description,created,modified,valuable,keyword,created_by,modified_by) VALUES (125,'Informatica',null,now(),null,true,null,1,null);
INSERT INTO skill (skill_id,name,description,created,modified,valuable,keyword,created_by,modified_by) VALUES (126,'JBoss',null,now(),null,true,null,1,null);
INSERT INTO skill (skill_id,name,description,created,modified,valuable,keyword,created_by,modified_by) VALUES (127,'JCL',null,now(),null,true,null,1,null);
INSERT INTO skill (skill_id,name,description,created,modified,valuable,keyword,created_by,modified_by) VALUES (128,'Lotus Domino-server',null,now(),null,true,null,1,null);
INSERT INTO skill (skill_id,name,description,created,modified,valuable,keyword,created_by,modified_by) VALUES (129,'Lotus Notes databases',null,now(),null,true,null,1,null);
INSERT INTO skill (skill_id,name,description,created,modified,valuable,keyword,created_by,modified_by) VALUES (130,'Microsoft Sharepoint',null,now(),null,true,null,1,null);
INSERT INTO skill (skill_id,name,description,created,modified,valuable,keyword,created_by,modified_by) VALUES (131,'Microsoft SQL Server',null,now(),null,true,null,1,null);
INSERT INTO skill (skill_id,name,description,created,modified,valuable,keyword,created_by,modified_by) VALUES (132,'Other Microsoft servers, please spesify',null,now(),null,true,null,1,null);
INSERT INTO skill (skill_id,name,description,created,modified,valuable,keyword,created_by,modified_by) VALUES (133,'Mule',null,now(),null,true,null,1,null);
INSERT INTO skill (skill_id,name,description,created,modified,valuable,keyword,created_by,modified_by) VALUES (134,'MQ Series',null,now(),null,true,null,1,null);
INSERT INTO skill (skill_id,name,description,created,modified,valuable,keyword,created_by,modified_by) VALUES (135,'MySQL',null,now(),null,true,null,1,null);
INSERT INTO skill (skill_id,name,description,created,modified,valuable,keyword,created_by,modified_by) VALUES (136,'Oracle',null,now(),null,true,null,1,null);
INSERT INTO skill (skill_id,name,description,created,modified,valuable,keyword,created_by,modified_by) VALUES (137,'Oracle software, please spesify',null,now(),null,true,null,1,null);
INSERT INTO skill (skill_id,name,description,created,modified,valuable,keyword,created_by,modified_by) VALUES (138,'SAP R/3, please spesify modules',null,now(),null,true,null,1,null);
INSERT INTO skill (skill_id,name,description,created,modified,valuable,keyword,created_by,modified_by) VALUES (139,'SAS',null,now(),null,true,null,1,null);
INSERT INTO skill (skill_id,name,description,created,modified,valuable,keyword,created_by,modified_by) VALUES (140,'Sybase',null,now(),null,true,null,1,null);
INSERT INTO skill (skill_id,name,description,created,modified,valuable,keyword,created_by,modified_by) VALUES (141,'Tomcat',null,now(),null,true,null,1,null);
INSERT INTO skill (skill_id,name,description,created,modified,valuable,keyword,created_by,modified_by) VALUES (142,'Vignette Storyserver','',now(),now(),true,null,1,4);
INSERT INTO skill (skill_id,name,description,created,modified,valuable,keyword,created_by,modified_by) VALUES (143,'Functional testing',null,now(),null,true,null,1,null);
INSERT INTO skill (skill_id,name,description,created,modified,valuable,keyword,created_by,modified_by) VALUES (144,'Intormation security testing',null,now(),null,true,null,1,null);
INSERT INTO skill (skill_id,name,description,created,modified,valuable,keyword,created_by,modified_by) VALUES (145,'Integration testing',null,now(),null,true,null,1,null);
INSERT INTO skill (skill_id,name,description,created,modified,valuable,keyword,created_by,modified_by) VALUES (146,'Load testing',null,now(),null,true,null,1,null);
INSERT INTO skill (skill_id,name,description,created,modified,valuable,keyword,created_by,modified_by) VALUES (147,'Performance testing',null,now(),null,true,null,1,null);
INSERT INTO skill (skill_id,name,description,created,modified,valuable,keyword,created_by,modified_by) VALUES (148,'Process and project audits',null,now(),null,true,null,1,null);
INSERT INTO skill (skill_id,name,description,created,modified,valuable,keyword,created_by,modified_by) VALUES (149,'Technical audits (code or architecture audits)',null,now(),null,true,null,1,null);
INSERT INTO skill (skill_id,name,description,created,modified,valuable,keyword,created_by,modified_by) VALUES (150,'Test case planning',null,now(),null,true,null,1,null);
INSERT INTO skill (skill_id,name,description,created,modified,valuable,keyword,created_by,modified_by) VALUES (151,'Testing automation',null,now(),null,true,null,1,null);
INSERT INTO skill (skill_id,name,description,created,modified,valuable,keyword,created_by,modified_by) VALUES (152,'Testing coordination',null,now(),null,true,null,1,null);
INSERT INTO skill (skill_id,name,description,created,modified,valuable,keyword,created_by,modified_by) VALUES (153,'Testing documentation management',null,now(),null,true,null,1,null);
INSERT INTO skill (skill_id,name,description,created,modified,valuable,keyword,created_by,modified_by) VALUES (154,'Unit and module testing',null,now(),null,true,null,1,null);
INSERT INTO skill (skill_id,name,description,created,modified,valuable,keyword,created_by,modified_by) VALUES (155,'User interface testing',null,now(),null,true,null,1,null);
INSERT INTO skill (skill_id,name,description,created,modified,valuable,keyword,created_by,modified_by) VALUES (156,'Work station/simulator testing',null,now(),null,true,null,1,null);
INSERT INTO skill (skill_id,name,description,created,modified,valuable,keyword,created_by,modified_by) VALUES (157,'ASN.1',null,now(),null,true,null,1,null);
INSERT INTO skill (skill_id,name,description,created,modified,valuable,keyword,created_by,modified_by) VALUES (158,'Bamboo','',now(),now(),true,null,1,4);
INSERT INTO skill (skill_id,name,description,created,modified,valuable,keyword,created_by,modified_by) VALUES (159,'Bugzilla',null,now(),null,true,null,1,null);
INSERT INTO skill (skill_id,name,description,created,modified,valuable,keyword,created_by,modified_by) VALUES (160,'e-Unit',null,now(),null,true,null,1,null);
INSERT INTO skill (skill_id,name,description,created,modified,valuable,keyword,created_by,modified_by) VALUES (161,'JIRA errors database',null,now(),null,true,null,1,null);
INSERT INTO skill (skill_id,name,description,created,modified,valuable,keyword,created_by,modified_by) VALUES (162,'Junit',null,now(),null,true,null,1,null);
INSERT INTO skill (skill_id,name,description,created,modified,valuable,keyword,created_by,modified_by) VALUES (163,'LoadRunner','',now(),now(),true,null,1,4);
INSERT INTO skill (skill_id,name,description,created,modified,valuable,keyword,created_by,modified_by) VALUES (164,'mTest',null,now(),null,true,null,1,null);
INSERT INTO skill (skill_id,name,description,created,modified,valuable,keyword,created_by,modified_by) VALUES (165,'QA Load',null,now(),null,true,null,1,null);
INSERT INTO skill (skill_id,name,description,created,modified,valuable,keyword,created_by,modified_by) VALUES (166,'Silk Test',null,now(),null,true,null,1,null);
INSERT INTO skill (skill_id,name,description,created,modified,valuable,keyword,created_by,modified_by) VALUES (167,'TestDirectory/Quality Center',null,now(),null,true,null,1,null);
INSERT INTO skill (skill_id,name,description,created,modified,valuable,keyword,created_by,modified_by) VALUES (168,'Testlink',null,now(),null,true,null,1,null);
INSERT INTO skill (skill_id,name,description,created,modified,valuable,keyword,created_by,modified_by) VALUES (169,'TTCN',null,now(),null,true,null,1,null);
INSERT INTO skill (skill_id,name,description,created,modified,valuable,keyword,created_by,modified_by) VALUES (170,'WinRunner',null,now(),null,true,null,1,null);
INSERT INTO skill (skill_id,name,description,created,modified,valuable,keyword,created_by,modified_by) VALUES (171,'Project planning and scheduling',null,now(),null,true,null,1,null);
INSERT INTO skill (skill_id,name,description,created,modified,valuable,keyword,created_by,modified_by) VALUES (172,'Management of multi-site projects',null,now(),null,true,null,1,null);
INSERT INTO skill (skill_id,name,description,created,modified,valuable,keyword,created_by,modified_by) VALUES (173,'Project portfolio management',null,now(),null,true,null,1,null);
INSERT INTO skill (skill_id,name,description,created,modified,valuable,keyword,created_by,modified_by) VALUES (174,'Management of large-scale projects and programs',null,now(),null,true,null,1,null);
INSERT INTO skill (skill_id,name,description,created,modified,valuable,keyword,created_by,modified_by) VALUES (175,'Project office management',null,now(),null,true,null,1,null);
INSERT INTO skill (skill_id,name,description,created,modified,valuable,keyword,created_by,modified_by) VALUES (176,'Application project',null,now(),null,true,null,1,null);
INSERT INTO skill (skill_id,name,description,created,modified,valuable,keyword,created_by,modified_by) VALUES (177,'SW+HW product project',null,now(),null,true,null,1,null);
INSERT INTO skill (skill_id,name,description,created,modified,valuable,keyword,created_by,modified_by) VALUES (178,'System project',null,now(),null,true,null,1,null);
INSERT INTO skill (skill_id,name,description,created,modified,valuable,keyword,created_by,modified_by) VALUES (179,'JIRA requirements database',null,now(),null,true,null,1,null);
INSERT INTO skill (skill_id,name,description,created,modified,valuable,keyword,created_by,modified_by) VALUES (180,'MS Project',null,now(),null,true,null,1,null);
INSERT INTO skill (skill_id,name,description,created,modified,valuable,keyword,created_by,modified_by) VALUES (181,'MS Visio',null,now(),null,true,null,1,null);
INSERT INTO skill (skill_id,name,description,created,modified,valuable,keyword,created_by,modified_by) VALUES (182,'Process modelling tools (list in additional information -field)',null,now(),null,true,null,1,null);
INSERT INTO skill (skill_id,name,description,created,modified,valuable,keyword,created_by,modified_by) VALUES (183,'Project management software applications (list in additional information -field)',null,now(),null,true,null,1,null);
INSERT INTO skill (skill_id,name,description,created,modified,valuable,keyword,created_by,modified_by) VALUES (184,'Project portfolio management software applications (list in additional information -field)',null,now(),null,true,null,1,null);
INSERT INTO skill (skill_id,name,description,created,modified,valuable,keyword,created_by,modified_by) VALUES (185,'Deployment planning',null,now(),null,true,null,1,null);
INSERT INTO skill (skill_id,name,description,created,modified,valuable,keyword,created_by,modified_by) VALUES (186,'Application level deployment',null,now(),null,true,null,1,null);
INSERT INTO skill (skill_id,name,description,created,modified,valuable,keyword,created_by,modified_by) VALUES (187,'System level deployment',null,now(),null,true,null,1,null);
INSERT INTO skill (skill_id,name,description,created,modified,valuable,keyword,created_by,modified_by) VALUES (188,'Defining requirements for application management and hosting services',null,now(),null,true,null,1,null);
INSERT INTO skill (skill_id,name,description,created,modified,valuable,keyword,created_by,modified_by) VALUES (189,'Planning of application maintenance and hosting services',null,now(),null,true,null,1,null);
INSERT INTO skill (skill_id,name,description,created,modified,valuable,keyword,created_by,modified_by) VALUES (190,'Setting up application maintenance and hosting services',null,now(),null,true,null,1,null);
INSERT INTO skill (skill_id,name,description,created,modified,valuable,keyword,created_by,modified_by) VALUES (191,'Application maintenance and support',null,now(),null,true,null,1,null);
INSERT INTO skill (skill_id,name,description,created,modified,valuable,keyword,created_by,modified_by) VALUES (192,'System maintenance and support',null,now(),null,true,null,1,null);
INSERT INTO skill (skill_id,name,description,created,modified,valuable,keyword,created_by,modified_by) VALUES (193,'Application hosting',null,now(),null,true,null,1,null);
INSERT INTO skill (skill_id,name,description,created,modified,valuable,keyword,created_by,modified_by) VALUES (194,'Knowledge of hosting processes',null,now(),null,true,null,1,null);
INSERT INTO skill (skill_id,name,description,created,modified,valuable,keyword,created_by,modified_by) VALUES (195,'Knowledge of maintenance processes',null,now(),null,true,null,1,null);
INSERT INTO skill (skill_id,name,description,created,modified,valuable,keyword,created_by,modified_by) VALUES (196,'AIX',null,now(),null,true,null,1,null);
INSERT INTO skill (skill_id,name,description,created,modified,valuable,keyword,created_by,modified_by) VALUES (197,'HP-UX',null,now(),null,true,null,1,null);
INSERT INTO skill (skill_id,name,description,created,modified,valuable,keyword,created_by,modified_by) VALUES (198,'Linux-servers','',now(),now(),true,null,1,4);
INSERT INTO skill (skill_id,name,description,created,modified,valuable,keyword,created_by,modified_by) VALUES (199,'Microsoft Windows Server',null,now(),null,true,null,1,null);
INSERT INTO skill (skill_id,name,description,created,modified,valuable,keyword,created_by,modified_by) VALUES (200,'Microsoft Windows XP',null,now(),null,true,null,1,null);
INSERT INTO skill (skill_id,name,description,created,modified,valuable,keyword,created_by,modified_by) VALUES (201,'Sun Solaris',null,now(),null,true,null,1,null);
INSERT INTO skill (skill_id,name,description,created,modified,valuable,keyword,created_by,modified_by) VALUES (202,'Unix',null,now(),null,true,null,1,null);
INSERT INTO skill (skill_id,name,description,created,modified,valuable,keyword,created_by,modified_by) VALUES (203,'Agile Unified Process (AUP)',null,now(),null,true,null,1,null);
INSERT INTO skill (skill_id,name,description,created,modified,valuable,keyword,created_by,modified_by) VALUES (204,'Behavior driven development (BDD)',null,now(),null,true,null,1,null);
INSERT INTO skill (skill_id,name,description,created,modified,valuable,keyword,created_by,modified_by) VALUES (205,'Constructionist design methodology (CDM)',null,now(),null,true,null,1,null);
INSERT INTO skill (skill_id,name,description,created,modified,valuable,keyword,created_by,modified_by) VALUES (206,'Design-driven development (D3)',null,now(),null,true,null,1,null);
INSERT INTO skill (skill_id,name,description,created,modified,valuable,keyword,created_by,modified_by) VALUES (207,'Extreme Programming (XP)',null,now(),null,true,null,1,null);
INSERT INTO skill (skill_id,name,description,created,modified,valuable,keyword,created_by,modified_by) VALUES (208,'Feature Driven Development',null,now(),null,true,null,1,null);
INSERT INTO skill (skill_id,name,description,created,modified,valuable,keyword,created_by,modified_by) VALUES (209,'ITIL',null,now(),null,true,null,1,null);
INSERT INTO skill (skill_id,name,description,created,modified,valuable,keyword,created_by,modified_by) VALUES (210,'Lean software development',null,now(),null,true,null,1,null);
INSERT INTO skill (skill_id,name,description,created,modified,valuable,keyword,created_by,modified_by) VALUES (211,'Microsoft Solutions Framework (MSF)',null,now(),null,true,null,1,null);
INSERT INTO skill (skill_id,name,description,created,modified,valuable,keyword,created_by,modified_by) VALUES (212,'Model-driven architecture (MDA)',null,now(),null,true,null,1,null);
INSERT INTO skill (skill_id,name,description,created,modified,valuable,keyword,created_by,modified_by) VALUES (213,'PMBOK (Project Management Body of Knowledge)',null,now(),null,true,null,1,null);
INSERT INTO skill (skill_id,name,description,created,modified,valuable,keyword,created_by,modified_by) VALUES (214,'Rational Unified Process (RUP)',null,now(),null,true,null,1,null);
INSERT INTO skill (skill_id,name,description,created,modified,valuable,keyword,created_by,modified_by) VALUES (215,'Scrum Basic Level','',now(),now(),true,null,1,4);
INSERT INTO skill (skill_id,name,description,created,modified,valuable,keyword,created_by,modified_by) VALUES (216,'Test-driven development (TDD)',null,now(),null,true,null,1,null);
INSERT INTO skill (skill_id,name,description,created,modified,valuable,keyword,created_by,modified_by) VALUES (217,'Waterfall model',null,now(),null,true,null,1,null);
INSERT INTO skill (skill_id,name,description,created,modified,valuable,keyword,created_by,modified_by) VALUES (218,'Account management',null,now(),null,true,null,1,null);
INSERT INTO skill (skill_id,name,description,created,modified,valuable,keyword,created_by,modified_by) VALUES (219,'International environments',null,now(),null,true,null,1,null);
INSERT INTO skill (skill_id,name,description,created,modified,valuable,keyword,created_by,modified_by) VALUES (220,'Ixonos Flow',null,now(),null,true,null,1,null);
INSERT INTO skill (skill_id,name,description,created,modified,valuable,keyword,created_by,modified_by) VALUES (221,'Management consulting',null,now(),null,true,null,1,null);
INSERT INTO skill (skill_id,name,description,created,modified,valuable,keyword,created_by,modified_by) VALUES (222,'Negotiation skills',null,now(),null,true,null,1,null);
INSERT INTO skill (skill_id,name,description,created,modified,valuable,keyword,created_by,modified_by) VALUES (223,'Presentation skills',null,now(),null,true,null,1,null);
INSERT INTO skill (skill_id,name,description,created,modified,valuable,keyword,created_by,modified_by) VALUES (224,'Technology consulting','',now(),now(),true,null,1,4);
INSERT INTO skill (skill_id,name,description,created,modified,valuable,keyword,created_by,modified_by) VALUES (225,'Bank',null,now(),null,true,null,1,null);
INSERT INTO skill (skill_id,name,description,created,modified,valuable,keyword,created_by,modified_by) VALUES (226,'Construction',null,now(),null,true,null,1,null);
INSERT INTO skill (skill_id,name,description,created,modified,valuable,keyword,created_by,modified_by) VALUES (227,'Electricity, gas and water supply',null,now(),null,true,null,1,null);
INSERT INTO skill (skill_id,name,description,created,modified,valuable,keyword,created_by,modified_by) VALUES (228,'Electronics industry',null,now(),null,true,null,1,null);
INSERT INTO skill (skill_id,name,description,created,modified,valuable,keyword,created_by,modified_by) VALUES (229,'Hotel and restaurant',null,now(),null,true,null,1,null);
INSERT INTO skill (skill_id,name,description,created,modified,valuable,keyword,created_by,modified_by) VALUES (230,'Industry',null,now(),null,true,null,1,null);
INSERT INTO skill (skill_id,name,description,created,modified,valuable,keyword,created_by,modified_by) VALUES (231,'Insurance',null,now(),null,true,null,1,null);
INSERT INTO skill (skill_id,name,description,created,modified,valuable,keyword,created_by,modified_by) VALUES (232,'International organizations and foreign representations',null,now(),null,true,null,1,null);
INSERT INTO skill (skill_id,name,description,created,modified,valuable,keyword,created_by,modified_by) VALUES (233,'Logistics',null,now(),null,true,null,1,null);
INSERT INTO skill (skill_id,name,description,created,modified,valuable,keyword,created_by,modified_by) VALUES (234,'Media',null,now(),null,true,null,1,null);
INSERT INTO skill (skill_id,name,description,created,modified,valuable,keyword,created_by,modified_by) VALUES (235,'Property management',null,now(),null,true,null,1,null);
INSERT INTO skill (skill_id,name,description,created,modified,valuable,keyword,created_by,modified_by) VALUES (236,'Public administration',null,now(),null,true,null,1,null);
INSERT INTO skill (skill_id,name,description,created,modified,valuable,keyword,created_by,modified_by) VALUES (237,'Social and health care services',null,now(),null,true,null,1,null);
INSERT INTO skill (skill_id,name,description,created,modified,valuable,keyword,created_by,modified_by) VALUES (238,'Telecommunications',null,now(),null,true,null,1,null);
INSERT INTO skill (skill_id,name,description,created,modified,valuable,keyword,created_by,modified_by) VALUES (239,'Training',null,now(),null,true,null,1,null);
INSERT INTO skill (skill_id,name,description,created,modified,valuable,keyword,created_by,modified_by) VALUES (240,'Wholesale and retail trade',null,now(),null,true,null,1,null);
INSERT INTO skill (skill_id,name,description,created,modified,valuable,keyword,created_by,modified_by) VALUES (241,'English','',now(),now(),true,null,1,4);
INSERT INTO skill (skill_id,name,description,created,modified,valuable,keyword,created_by,modified_by) VALUES (242,'French',null,now(),null,true,null,1,null);
INSERT INTO skill (skill_id,name,description,created,modified,valuable,keyword,created_by,modified_by) VALUES (243,'German','',now(),now(),true,null,1,4);
INSERT INTO skill (skill_id,name,description,created,modified,valuable,keyword,created_by,modified_by) VALUES (244,'Other','',now(),now(),true,null,1,4);
INSERT INTO skill (skill_id,name,description,created,modified,valuable,keyword,created_by,modified_by) VALUES (245,'Europe',null,now(),null,true,null,1,null);
INSERT INTO skill (skill_id,name,description,created,modified,valuable,keyword,created_by,modified_by) VALUES (246,'USA',null,now(),null,true,null,1,null);
INSERT INTO skill (skill_id,name,description,created,modified,valuable,keyword,created_by,modified_by) VALUES (247,'Middle-East',null,now(),null,true,null,1,null);
INSERT INTO skill (skill_id,name,description,created,modified,valuable,keyword,created_by,modified_by) VALUES (248,'Asia',null,now(),null,true,null,1,null);
INSERT INTO skill (skill_id,name,description,created,modified,valuable,keyword,created_by,modified_by) VALUES (249,'Preferable length of assignment',null,now(),null,true,null,1,null);
INSERT INTO skill (skill_id,name,description,created,modified,valuable,keyword,created_by,modified_by) VALUES (250,'Willingness to take family along',null,now(),null,true,null,1,null);
INSERT INTO skill (skill_id,name,description,created,modified,valuable,keyword,created_by,modified_by) VALUES (251,'Availability to start assignment abroad',null,now(),null,true,null,1,null);
INSERT INTO skill (skill_id,name,description,created,modified,valuable,keyword,created_by,modified_by) VALUES (252,'Willigness to work in other sites',null,now(),null,true,null,1,null);
INSERT INTO skill (skill_id,name,description,created,modified,valuable,keyword,created_by,modified_by) VALUES (253,'Helsinki',null,now(),null,true,null,1,null);
INSERT INTO skill (skill_id,name,description,created,modified,valuable,keyword,created_by,modified_by) VALUES (254,'Salo',null,now(),null,true,null,1,null);
INSERT INTO skill (skill_id,name,description,created,modified,valuable,keyword,created_by,modified_by) VALUES (255,'Turku',null,now(),null,true,null,1,null);
INSERT INTO skill (skill_id,name,description,created,modified,valuable,keyword,created_by,modified_by) VALUES (256,'Tampere',null,now(),null,true,null,1,null);
INSERT INTO skill (skill_id,name,description,created,modified,valuable,keyword,created_by,modified_by) VALUES (257,'Jyväskylä',null,now(),null,true,null,1,null);
INSERT INTO skill (skill_id,name,description,created,modified,valuable,keyword,created_by,modified_by) VALUES (258,'Oulu',null,now(),null,true,null,1,null);
INSERT INTO skill (skill_id,name,description,created,modified,valuable,keyword,created_by,modified_by) VALUES (259,'Kemi',null,now(),null,true,null,1,null);
INSERT INTO skill (skill_id,name,description,created,modified,valuable,keyword,created_by,modified_by) VALUES (260,'Germany',null,now(),null,true,null,1,null);
INSERT INTO skill (skill_id,name,description,created,modified,valuable,keyword,created_by,modified_by) VALUES (261,'Estonia',null,now(),null,true,null,1,null);
INSERT INTO skill (skill_id,name,description,created,modified,valuable,keyword,created_by,modified_by) VALUES (262,'Slovakia',null,now(),null,true,null,1,null);
INSERT INTO skill (skill_id,name,description,created,modified,valuable,keyword,created_by,modified_by) VALUES (263,'China',null,now(),null,true,null,1,null);
INSERT INTO skill (skill_id,name,description,created,modified,valuable,keyword,created_by,modified_by) VALUES (264,'Preferable length of assignment in other site',null,now(),null,true,null,1,null);
INSERT INTO skill (skill_id,name,description,created,modified,valuable,keyword,created_by,modified_by) VALUES (265,'Availability to start assignment in other site',null,now(),null,true,null,1,null);
INSERT INTO skill (skill_id,name,description,created,modified,valuable,keyword,created_by,modified_by) VALUES (266,'Systems design and specification',null,now(),null,false,null,1,null);
INSERT INTO skill (skill_id,name,description,created,modified,valuable,keyword,created_by,modified_by) VALUES (267,'Preliminary investigation and specification',null,now(),null,false,null,1,null);
INSERT INTO skill (skill_id,name,description,created,modified,valuable,keyword,created_by,modified_by) VALUES (268,'Planning',null,now(),null,false,null,1,null);
INSERT INTO skill (skill_id,name,description,created,modified,valuable,keyword,created_by,modified_by) VALUES (269,'Programming and testing skills',null,now(),null,false,null,1,null);
INSERT INTO skill (skill_id,name,description,created,modified,valuable,keyword,created_by,modified_by) VALUES (270,'Programming areas',null,now(),null,false,null,1,null);
INSERT INTO skill (skill_id,name,description,created,modified,valuable,keyword,created_by,modified_by) VALUES (271,'Programming languages',null,now(),null,false,null,1,null);
INSERT INTO skill (skill_id,name,description,created,modified,valuable,keyword,created_by,modified_by) VALUES (272,'Programming tools',null,now(),null,false,null,1,null);
INSERT INTO skill (skill_id,name,description,created,modified,valuable,keyword,created_by,modified_by) VALUES (273,'Target platforms and frameworks',null,now(),null,false,null,1,null);
INSERT INTO skill (skill_id,name,description,created,modified,valuable,keyword,created_by,modified_by) VALUES (274,'Server products and database programming',null,now(),null,false,null,1,null);
INSERT INTO skill (skill_id,name,description,created,modified,valuable,keyword,created_by,modified_by) VALUES (275,'Testing and quality assurance areas',null,now(),null,false,null,1,null);
INSERT INTO skill (skill_id,name,description,created,modified,valuable,keyword,created_by,modified_by) VALUES (276,'Testing tools',null,now(),null,false,null,1,null);
INSERT INTO skill (skill_id,name,description,created,modified,valuable,keyword,created_by,modified_by) VALUES (277,'Project management and planning',null,now(),null,false,null,1,null);
INSERT INTO skill (skill_id,name,description,created,modified,valuable,keyword,created_by,modified_by) VALUES (278,'Project management',null,now(),null,false,null,1,null);
INSERT INTO skill (skill_id,name,description,created,modified,valuable,keyword,created_by,modified_by) VALUES (279,'Project types',null,now(),null,false,null,1,null);
INSERT INTO skill (skill_id,name,description,created,modified,valuable,keyword,created_by,modified_by) VALUES (280,'Project management tools',null,now(),null,false,null,1,null);
INSERT INTO skill (skill_id,name,description,created,modified,valuable,keyword,created_by,modified_by) VALUES (281,'Deployment and maintenance',null,now(),null,false,null,1,null);
INSERT INTO skill (skill_id,name,description,created,modified,valuable,keyword,created_by,modified_by) VALUES (282,'Deployment',null,now(),null,false,null,1,null);
INSERT INTO skill (skill_id,name,description,created,modified,valuable,keyword,created_by,modified_by) VALUES (283,'Maintenance',null,now(),null,false,null,1,null);
INSERT INTO skill (skill_id,name,description,created,modified,valuable,keyword,created_by,modified_by) VALUES (284,'Maintenance, Operating systems',null,now(),null,false,null,1,null);
INSERT INTO skill (skill_id,name,description,created,modified,valuable,keyword,created_by,modified_by) VALUES (285,'Method competence',null,now(),null,false,null,1,null);
INSERT INTO skill (skill_id,name,description,created,modified,valuable,keyword,created_by,modified_by) VALUES (286,'Other skills and information',null,now(),null,false,null,1,null);
INSERT INTO skill (skill_id,name,description,created,modified,valuable,keyword,created_by,modified_by) VALUES (287,'Other skills',null,now(),null,false,null,1,null);
INSERT INTO skill (skill_id,name,description,created,modified,valuable,keyword,created_by,modified_by) VALUES (288,'Sectoral competence',null,now(),null,false,null,1,null);
INSERT INTO skill (skill_id,name,description,created,modified,valuable,keyword,created_by,modified_by) VALUES (289,'Language skills',null,now(),null,false,null,1,null);
INSERT INTO skill (skill_id,name,description,created,modified,valuable,keyword,created_by,modified_by) VALUES (290,'Interest in working abroad',null,now(),null,false,null,1,null);
INSERT INTO skill (skill_id,name,description,created,modified,valuable,keyword,created_by,modified_by) VALUES (291,'Interest in working in other sites',null,now(),null,false,null,1,null);
INSERT INTO skill (skill_id,name,description,created,modified,valuable,keyword,created_by,modified_by) VALUES (292,'Language',null,now(),null,false,null,1,null);
INSERT INTO skill (skill_id,name,description,created,modified,valuable,keyword,created_by,modified_by) VALUES (293,'Assembler',null,now(),null,true,null,1,null);
INSERT INTO skill (skill_id,name,description,created,modified,valuable,keyword,created_by,modified_by) VALUES (294,'HTML','',now(),null,true,null,4,null);
INSERT INTO skill (skill_id,name,description,created,modified,valuable,keyword,created_by,modified_by) VALUES (295,'Perl','',now(),null,true,null,4,null);
INSERT INTO skill (skill_id,name,description,created,modified,valuable,keyword,created_by,modified_by) VALUES (296,'Easy Trieve','',now(),null,true,null,4,null);
INSERT INTO skill (skill_id,name,description,created,modified,valuable,keyword,created_by,modified_by) VALUES (297,'Unix-application development environment','',now(),null,true,null,4,null);
INSERT INTO skill (skill_id,name,description,created,modified,valuable,keyword,created_by,modified_by) VALUES (298,'Struts','',now(),null,true,null,4,null);
INSERT INTO skill (skill_id,name,description,created,modified,valuable,keyword,created_by,modified_by) VALUES (299,'CRM-solutions, please spesify','',now(),null,true,null,4,null);
INSERT INTO skill (skill_id,name,description,created,modified,valuable,keyword,created_by,modified_by) VALUES (300,'Wiki (Confluence)','',now(),null,true,null,4,null);
INSERT INTO skill (skill_id,name,description,created,modified,valuable,keyword,created_by,modified_by) VALUES (301,'Black tusk','',now(),null,true,null,4,null);
INSERT INTO skill (skill_id,name,description,created,modified,valuable,keyword,created_by,modified_by) VALUES (302,'Lotus Notes errors database','',now(),null,true,null,4,null);
INSERT INTO skill (skill_id,name,description,created,modified,valuable,keyword,created_by,modified_by) VALUES (303,'Microsoft Windows NT','',now(),null,true,null,4,null);
INSERT INTO skill (skill_id,name,description,created,modified,valuable,keyword,created_by,modified_by) VALUES (304,'Scrum Master Level','',now(),null,true,null,4,null);
INSERT INTO skill (skill_id,name,description,created,modified,valuable,keyword,created_by,modified_by) VALUES (305,'Agriculture and forestry','',now(),null,true,null,4,null);
INSERT INTO skill (skill_id,name,description,created,modified,valuable,keyword,created_by,modified_by) VALUES (306,'Finnish','',now(),null,true,null,4,null);
INSERT INTO skill (skill_id,name,description,created,modified,valuable,keyword,created_by,modified_by) VALUES (307,'Swedish','',now(),null,true,null,4,null);
INSERT INTO skill (skill_id,name,description,created,modified,valuable,keyword,created_by,modified_by) VALUES (308,'Willigness to work abroad','',now(),null,true,null,4,null);


INSERT INTO node (node_id,skill_id,parent_node_id) VALUES (1,1,null);
INSERT INTO node (node_id,skill_id,parent_node_id) VALUES (38,266,1);
INSERT INTO node (node_id,skill_id,parent_node_id) VALUES (39,267,38);
INSERT INTO node (node_id,skill_id,parent_node_id) VALUES (40,34,39);
INSERT INTO node (node_id,skill_id,parent_node_id) VALUES (41,35,39);
INSERT INTO node (node_id,skill_id,parent_node_id) VALUES (42,36,39);
INSERT INTO node (node_id,skill_id,parent_node_id) VALUES (43,37,39);
INSERT INTO node (node_id,skill_id,parent_node_id) VALUES (44,38,39);
INSERT INTO node (node_id,skill_id,parent_node_id) VALUES (45,268,38);
INSERT INTO node (node_id,skill_id,parent_node_id) VALUES (46,39,45);
INSERT INTO node (node_id,skill_id,parent_node_id) VALUES (47,40,45);
INSERT INTO node (node_id,skill_id,parent_node_id) VALUES (48,41,45);
INSERT INTO node (node_id,skill_id,parent_node_id) VALUES (49,42,45);
INSERT INTO node (node_id,skill_id,parent_node_id) VALUES (50,45,45);
INSERT INTO node (node_id,skill_id,parent_node_id) VALUES (51,46,45);
INSERT INTO node (node_id,skill_id,parent_node_id) VALUES (52,47,45);
INSERT INTO node (node_id,skill_id,parent_node_id) VALUES (53,48,45);
INSERT INTO node (node_id,skill_id,parent_node_id) VALUES (54,43,45);
INSERT INTO node (node_id,skill_id,parent_node_id) VALUES (55,44,45);
INSERT INTO node (node_id,skill_id,parent_node_id) VALUES (56,269,1);
INSERT INTO node (node_id,skill_id,parent_node_id) VALUES (57,270,56);
INSERT INTO node (node_id,skill_id,parent_node_id) VALUES (58,49,57);
INSERT INTO node (node_id,skill_id,parent_node_id) VALUES (59,50,57);
INSERT INTO node (node_id,skill_id,parent_node_id) VALUES (60,51,57);
INSERT INTO node (node_id,skill_id,parent_node_id) VALUES (61,52,57);
INSERT INTO node (node_id,skill_id,parent_node_id) VALUES (62,53,57);
INSERT INTO node (node_id,skill_id,parent_node_id) VALUES (63,54,57);
INSERT INTO node (node_id,skill_id,parent_node_id) VALUES (64,55,57);
INSERT INTO node (node_id,skill_id,parent_node_id) VALUES (65,56,57);
INSERT INTO node (node_id,skill_id,parent_node_id) VALUES (66,57,57);
INSERT INTO node (node_id,skill_id,parent_node_id) VALUES (67,58,57);
INSERT INTO node (node_id,skill_id,parent_node_id) VALUES (69,292,56);
INSERT INTO node (node_id,skill_id,parent_node_id) VALUES (70,59,69);
INSERT INTO node (node_id,skill_id,parent_node_id) VALUES (71,293,69);
INSERT INTO node (node_id,skill_id,parent_node_id) VALUES (72,60,69);
INSERT INTO node (node_id,skill_id,parent_node_id) VALUES (73,61,69);
INSERT INTO node (node_id,skill_id,parent_node_id) VALUES (74,62,69);
INSERT INTO node (node_id,skill_id,parent_node_id) VALUES (75,63,69);
INSERT INTO node (node_id,skill_id,parent_node_id) VALUES (76,64,69);
INSERT INTO node (node_id,skill_id,parent_node_id) VALUES (77,65,69);
INSERT INTO node (node_id,skill_id,parent_node_id) VALUES (78,294,69);
INSERT INTO node (node_id,skill_id,parent_node_id) VALUES (79,66,69);
INSERT INTO node (node_id,skill_id,parent_node_id) VALUES (80,67,69);
INSERT INTO node (node_id,skill_id,parent_node_id) VALUES (81,68,69);
INSERT INTO node (node_id,skill_id,parent_node_id) VALUES (82,69,69);
INSERT INTO node (node_id,skill_id,parent_node_id) VALUES (83,70,69);
INSERT INTO node (node_id,skill_id,parent_node_id) VALUES (84,71,69);
INSERT INTO node (node_id,skill_id,parent_node_id) VALUES (85,72,69);
INSERT INTO node (node_id,skill_id,parent_node_id) VALUES (86,295,69);
INSERT INTO node (node_id,skill_id,parent_node_id) VALUES (87,73,69);
INSERT INTO node (node_id,skill_id,parent_node_id) VALUES (88,74,69);
INSERT INTO node (node_id,skill_id,parent_node_id) VALUES (89,75,69);
INSERT INTO node (node_id,skill_id,parent_node_id) VALUES (90,76,69);
INSERT INTO node (node_id,skill_id,parent_node_id) VALUES (91,77,69);
INSERT INTO node (node_id,skill_id,parent_node_id) VALUES (92,78,69);
INSERT INTO node (node_id,skill_id,parent_node_id) VALUES (93,79,69);
INSERT INTO node (node_id,skill_id,parent_node_id) VALUES (94,80,69);
INSERT INTO node (node_id,skill_id,parent_node_id) VALUES (95,81,69);
INSERT INTO node (node_id,skill_id,parent_node_id) VALUES (96,272,56);
INSERT INTO node (node_id,skill_id,parent_node_id) VALUES (97,82,96);
INSERT INTO node (node_id,skill_id,parent_node_id) VALUES (98,83,96);
INSERT INTO node (node_id,skill_id,parent_node_id) VALUES (99,84,96);
INSERT INTO node (node_id,skill_id,parent_node_id) VALUES (100,85,96);
INSERT INTO node (node_id,skill_id,parent_node_id) VALUES (101,86,96);
INSERT INTO node (node_id,skill_id,parent_node_id) VALUES (103,87,96);
INSERT INTO node (node_id,skill_id,parent_node_id) VALUES (104,296,96);
INSERT INTO node (node_id,skill_id,parent_node_id) VALUES (105,88,96);
INSERT INTO node (node_id,skill_id,parent_node_id) VALUES (106,89,96);
INSERT INTO node (node_id,skill_id,parent_node_id) VALUES (107,90,96);
INSERT INTO node (node_id,skill_id,parent_node_id) VALUES (108,91,96);
INSERT INTO node (node_id,skill_id,parent_node_id) VALUES (109,92,96);
INSERT INTO node (node_id,skill_id,parent_node_id) VALUES (110,93,96);
INSERT INTO node (node_id,skill_id,parent_node_id) VALUES (111,94,96);
INSERT INTO node (node_id,skill_id,parent_node_id) VALUES (112,95,96);
INSERT INTO node (node_id,skill_id,parent_node_id) VALUES (113,96,96);
INSERT INTO node (node_id,skill_id,parent_node_id) VALUES (114,97,96);
INSERT INTO node (node_id,skill_id,parent_node_id) VALUES (115,297,96);
INSERT INTO node (node_id,skill_id,parent_node_id) VALUES (116,273,56);
INSERT INTO node (node_id,skill_id,parent_node_id) VALUES (117,98,116);
INSERT INTO node (node_id,skill_id,parent_node_id) VALUES (118,99,116);
INSERT INTO node (node_id,skill_id,parent_node_id) VALUES (119,100,116);
INSERT INTO node (node_id,skill_id,parent_node_id) VALUES (120,101,116);
INSERT INTO node (node_id,skill_id,parent_node_id) VALUES (121,102,116);
INSERT INTO node (node_id,skill_id,parent_node_id) VALUES (122,103,116);
INSERT INTO node (node_id,skill_id,parent_node_id) VALUES (123,104,116);
INSERT INTO node (node_id,skill_id,parent_node_id) VALUES (124,105,116);
INSERT INTO node (node_id,skill_id,parent_node_id) VALUES (125,106,116);
INSERT INTO node (node_id,skill_id,parent_node_id) VALUES (126,107,116);
INSERT INTO node (node_id,skill_id,parent_node_id) VALUES (127,108,116);
INSERT INTO node (node_id,skill_id,parent_node_id) VALUES (129,109,116);
INSERT INTO node (node_id,skill_id,parent_node_id) VALUES (130,298,116);
INSERT INTO node (node_id,skill_id,parent_node_id) VALUES (131,110,116);
INSERT INTO node (node_id,skill_id,parent_node_id) VALUES (132,111,116);
INSERT INTO node (node_id,skill_id,parent_node_id) VALUES (133,112,116);
INSERT INTO node (node_id,skill_id,parent_node_id) VALUES (134,113,116);
INSERT INTO node (node_id,skill_id,parent_node_id) VALUES (135,274,56);
INSERT INTO node (node_id,skill_id,parent_node_id) VALUES (136,114,135);
INSERT INTO node (node_id,skill_id,parent_node_id) VALUES (137,115,135);
INSERT INTO node (node_id,skill_id,parent_node_id) VALUES (138,116,135);
INSERT INTO node (node_id,skill_id,parent_node_id) VALUES (139,117,135);
INSERT INTO node (node_id,skill_id,parent_node_id) VALUES (140,118,135);
INSERT INTO node (node_id,skill_id,parent_node_id) VALUES (141,299,135);
INSERT INTO node (node_id,skill_id,parent_node_id) VALUES (142,119,135);
INSERT INTO node (node_id,skill_id,parent_node_id) VALUES (143,120,135);
INSERT INTO node (node_id,skill_id,parent_node_id) VALUES (144,121,135);
INSERT INTO node (node_id,skill_id,parent_node_id) VALUES (145,122,135);
INSERT INTO node (node_id,skill_id,parent_node_id) VALUES (146,123,135);
INSERT INTO node (node_id,skill_id,parent_node_id) VALUES (147,124,135);
INSERT INTO node (node_id,skill_id,parent_node_id) VALUES (148,125,135);
INSERT INTO node (node_id,skill_id,parent_node_id) VALUES (149,126,135);
INSERT INTO node (node_id,skill_id,parent_node_id) VALUES (150,127,135);
INSERT INTO node (node_id,skill_id,parent_node_id) VALUES (151,128,135);
INSERT INTO node (node_id,skill_id,parent_node_id) VALUES (152,129,135);
INSERT INTO node (node_id,skill_id,parent_node_id) VALUES (153,130,135);
INSERT INTO node (node_id,skill_id,parent_node_id) VALUES (154,131,135);
INSERT INTO node (node_id,skill_id,parent_node_id) VALUES (155,132,135);
INSERT INTO node (node_id,skill_id,parent_node_id) VALUES (156,133,135);
INSERT INTO node (node_id,skill_id,parent_node_id) VALUES (157,134,135);
INSERT INTO node (node_id,skill_id,parent_node_id) VALUES (158,135,135);
INSERT INTO node (node_id,skill_id,parent_node_id) VALUES (159,136,135);
INSERT INTO node (node_id,skill_id,parent_node_id) VALUES (160,137,135);
INSERT INTO node (node_id,skill_id,parent_node_id) VALUES (161,138,135);
INSERT INTO node (node_id,skill_id,parent_node_id) VALUES (162,139,135);
INSERT INTO node (node_id,skill_id,parent_node_id) VALUES (163,140,135);
INSERT INTO node (node_id,skill_id,parent_node_id) VALUES (164,141,135);
INSERT INTO node (node_id,skill_id,parent_node_id) VALUES (165,142,135);
INSERT INTO node (node_id,skill_id,parent_node_id) VALUES (166,300,135);
INSERT INTO node (node_id,skill_id,parent_node_id) VALUES (167,275,56);
INSERT INTO node (node_id,skill_id,parent_node_id) VALUES (168,143,167);
INSERT INTO node (node_id,skill_id,parent_node_id) VALUES (169,144,167);
INSERT INTO node (node_id,skill_id,parent_node_id) VALUES (170,145,167);
INSERT INTO node (node_id,skill_id,parent_node_id) VALUES (171,146,167);
INSERT INTO node (node_id,skill_id,parent_node_id) VALUES (172,147,167);
INSERT INTO node (node_id,skill_id,parent_node_id) VALUES (173,148,167);
INSERT INTO node (node_id,skill_id,parent_node_id) VALUES (174,149,167);
INSERT INTO node (node_id,skill_id,parent_node_id) VALUES (175,150,167);
INSERT INTO node (node_id,skill_id,parent_node_id) VALUES (176,151,167);
INSERT INTO node (node_id,skill_id,parent_node_id) VALUES (177,152,167);
INSERT INTO node (node_id,skill_id,parent_node_id) VALUES (178,153,167);
INSERT INTO node (node_id,skill_id,parent_node_id) VALUES (179,154,167);
INSERT INTO node (node_id,skill_id,parent_node_id) VALUES (180,155,167);
INSERT INTO node (node_id,skill_id,parent_node_id) VALUES (181,156,167);
INSERT INTO node (node_id,skill_id,parent_node_id) VALUES (182,276,56);
INSERT INTO node (node_id,skill_id,parent_node_id) VALUES (183,157,182);
INSERT INTO node (node_id,skill_id,parent_node_id) VALUES (184,158,182);
INSERT INTO node (node_id,skill_id,parent_node_id) VALUES (185,301,182);
INSERT INTO node (node_id,skill_id,parent_node_id) VALUES (186,159,182);
INSERT INTO node (node_id,skill_id,parent_node_id) VALUES (187,160,182);
INSERT INTO node (node_id,skill_id,parent_node_id) VALUES (188,161,182);
INSERT INTO node (node_id,skill_id,parent_node_id) VALUES (189,162,182);
INSERT INTO node (node_id,skill_id,parent_node_id) VALUES (190,163,182);
INSERT INTO node (node_id,skill_id,parent_node_id) VALUES (191,302,182);
INSERT INTO node (node_id,skill_id,parent_node_id) VALUES (192,164,182);
INSERT INTO node (node_id,skill_id,parent_node_id) VALUES (193,165,182);
INSERT INTO node (node_id,skill_id,parent_node_id) VALUES (194,166,182);
INSERT INTO node (node_id,skill_id,parent_node_id) VALUES (195,167,182);
INSERT INTO node (node_id,skill_id,parent_node_id) VALUES (196,168,182);
INSERT INTO node (node_id,skill_id,parent_node_id) VALUES (197,169,182);
INSERT INTO node (node_id,skill_id,parent_node_id) VALUES (198,170,182);
INSERT INTO node (node_id,skill_id,parent_node_id) VALUES (199,277,1);
INSERT INTO node (node_id,skill_id,parent_node_id) VALUES (200,278,199);
INSERT INTO node (node_id,skill_id,parent_node_id) VALUES (201,171,200);
INSERT INTO node (node_id,skill_id,parent_node_id) VALUES (202,172,200);
INSERT INTO node (node_id,skill_id,parent_node_id) VALUES (203,173,200);
INSERT INTO node (node_id,skill_id,parent_node_id) VALUES (204,175,200);
INSERT INTO node (node_id,skill_id,parent_node_id) VALUES (205,174,200);
INSERT INTO node (node_id,skill_id,parent_node_id) VALUES (206,279,199);
INSERT INTO node (node_id,skill_id,parent_node_id) VALUES (207,176,206);
INSERT INTO node (node_id,skill_id,parent_node_id) VALUES (208,177,206);
INSERT INTO node (node_id,skill_id,parent_node_id) VALUES (209,178,206);
INSERT INTO node (node_id,skill_id,parent_node_id) VALUES (210,280,199);
INSERT INTO node (node_id,skill_id,parent_node_id) VALUES (211,179,210);
INSERT INTO node (node_id,skill_id,parent_node_id) VALUES (212,180,210);
INSERT INTO node (node_id,skill_id,parent_node_id) VALUES (213,181,210);
INSERT INTO node (node_id,skill_id,parent_node_id) VALUES (214,182,210);
INSERT INTO node (node_id,skill_id,parent_node_id) VALUES (215,183,210);
INSERT INTO node (node_id,skill_id,parent_node_id) VALUES (216,184,210);
INSERT INTO node (node_id,skill_id,parent_node_id) VALUES (217,281,1);
INSERT INTO node (node_id,skill_id,parent_node_id) VALUES (218,282,217);
INSERT INTO node (node_id,skill_id,parent_node_id) VALUES (219,185,218);
INSERT INTO node (node_id,skill_id,parent_node_id) VALUES (220,186,218);
INSERT INTO node (node_id,skill_id,parent_node_id) VALUES (221,187,218);
INSERT INTO node (node_id,skill_id,parent_node_id) VALUES (222,283,217);
INSERT INTO node (node_id,skill_id,parent_node_id) VALUES (223,188,222);
INSERT INTO node (node_id,skill_id,parent_node_id) VALUES (224,189,222);
INSERT INTO node (node_id,skill_id,parent_node_id) VALUES (225,190,222);
INSERT INTO node (node_id,skill_id,parent_node_id) VALUES (226,191,222);
INSERT INTO node (node_id,skill_id,parent_node_id) VALUES (227,192,222);
INSERT INTO node (node_id,skill_id,parent_node_id) VALUES (228,193,222);
INSERT INTO node (node_id,skill_id,parent_node_id) VALUES (229,194,222);
INSERT INTO node (node_id,skill_id,parent_node_id) VALUES (230,195,222);
INSERT INTO node (node_id,skill_id,parent_node_id) VALUES (231,284,217);
INSERT INTO node (node_id,skill_id,parent_node_id) VALUES (232,196,231);
INSERT INTO node (node_id,skill_id,parent_node_id) VALUES (233,197,231);
INSERT INTO node (node_id,skill_id,parent_node_id) VALUES (234,198,231);
INSERT INTO node (node_id,skill_id,parent_node_id) VALUES (235,303,231);
INSERT INTO node (node_id,skill_id,parent_node_id) VALUES (236,199,231);
INSERT INTO node (node_id,skill_id,parent_node_id) VALUES (237,200,231);
INSERT INTO node (node_id,skill_id,parent_node_id) VALUES (238,201,231);
INSERT INTO node (node_id,skill_id,parent_node_id) VALUES (239,202,231);
INSERT INTO node (node_id,skill_id,parent_node_id) VALUES (240,285,1);
INSERT INTO node (node_id,skill_id,parent_node_id) VALUES (241,203,240);
INSERT INTO node (node_id,skill_id,parent_node_id) VALUES (242,204,240);
INSERT INTO node (node_id,skill_id,parent_node_id) VALUES (243,205,240);
INSERT INTO node (node_id,skill_id,parent_node_id) VALUES (244,206,240);
INSERT INTO node (node_id,skill_id,parent_node_id) VALUES (246,207,240);
INSERT INTO node (node_id,skill_id,parent_node_id) VALUES (247,208,240);
INSERT INTO node (node_id,skill_id,parent_node_id) VALUES (248,209,240);
INSERT INTO node (node_id,skill_id,parent_node_id) VALUES (249,210,240);
INSERT INTO node (node_id,skill_id,parent_node_id) VALUES (250,211,240);
INSERT INTO node (node_id,skill_id,parent_node_id) VALUES (251,212,240);
INSERT INTO node (node_id,skill_id,parent_node_id) VALUES (252,213,240);
INSERT INTO node (node_id,skill_id,parent_node_id) VALUES (253,214,240);
INSERT INTO node (node_id,skill_id,parent_node_id) VALUES (254,215,240);
INSERT INTO node (node_id,skill_id,parent_node_id) VALUES (255,304,240);
INSERT INTO node (node_id,skill_id,parent_node_id) VALUES (256,216,240);
INSERT INTO node (node_id,skill_id,parent_node_id) VALUES (257,217,240);
INSERT INTO node (node_id,skill_id,parent_node_id) VALUES (258,286,1);
INSERT INTO node (node_id,skill_id,parent_node_id) VALUES (259,287,258);
INSERT INTO node (node_id,skill_id,parent_node_id) VALUES (260,218,259);
INSERT INTO node (node_id,skill_id,parent_node_id) VALUES (261,219,259);
INSERT INTO node (node_id,skill_id,parent_node_id) VALUES (262,220,259);
INSERT INTO node (node_id,skill_id,parent_node_id) VALUES (263,221,259);
INSERT INTO node (node_id,skill_id,parent_node_id) VALUES (264,222,259);
INSERT INTO node (node_id,skill_id,parent_node_id) VALUES (265,223,259);
INSERT INTO node (node_id,skill_id,parent_node_id) VALUES (266,224,259);
INSERT INTO node (node_id,skill_id,parent_node_id) VALUES (267,288,258);
INSERT INTO node (node_id,skill_id,parent_node_id) VALUES (268,305,267);
INSERT INTO node (node_id,skill_id,parent_node_id) VALUES (269,225,267);
INSERT INTO node (node_id,skill_id,parent_node_id) VALUES (270,226,267);
INSERT INTO node (node_id,skill_id,parent_node_id) VALUES (271,227,267);
INSERT INTO node (node_id,skill_id,parent_node_id) VALUES (272,228,267);
INSERT INTO node (node_id,skill_id,parent_node_id) VALUES (273,229,267);
INSERT INTO node (node_id,skill_id,parent_node_id) VALUES (274,230,267);
INSERT INTO node (node_id,skill_id,parent_node_id) VALUES (275,231,267);
INSERT INTO node (node_id,skill_id,parent_node_id) VALUES (276,232,267);
INSERT INTO node (node_id,skill_id,parent_node_id) VALUES (277,233,267);
INSERT INTO node (node_id,skill_id,parent_node_id) VALUES (278,234,267);
INSERT INTO node (node_id,skill_id,parent_node_id) VALUES (279,235,267);
INSERT INTO node (node_id,skill_id,parent_node_id) VALUES (280,236,267);
INSERT INTO node (node_id,skill_id,parent_node_id) VALUES (281,237,267);
INSERT INTO node (node_id,skill_id,parent_node_id) VALUES (282,238,267);
INSERT INTO node (node_id,skill_id,parent_node_id) VALUES (283,239,267);
INSERT INTO node (node_id,skill_id,parent_node_id) VALUES (284,240,267);
INSERT INTO node (node_id,skill_id,parent_node_id) VALUES (285,289,258);
INSERT INTO node (node_id,skill_id,parent_node_id) VALUES (286,241,285);
INSERT INTO node (node_id,skill_id,parent_node_id) VALUES (287,306,285);
INSERT INTO node (node_id,skill_id,parent_node_id) VALUES (288,242,285);
INSERT INTO node (node_id,skill_id,parent_node_id) VALUES (289,243,285);
INSERT INTO node (node_id,skill_id,parent_node_id) VALUES (290,307,285);
INSERT INTO node (node_id,skill_id,parent_node_id) VALUES (291,244,285);
INSERT INTO node (node_id,skill_id,parent_node_id) VALUES (292,290,258);
INSERT INTO node (node_id,skill_id,parent_node_id) VALUES (293,308,292);
INSERT INTO node (node_id,skill_id,parent_node_id) VALUES (294,245,292);
INSERT INTO node (node_id,skill_id,parent_node_id) VALUES (295,246,292);
INSERT INTO node (node_id,skill_id,parent_node_id) VALUES (296,247,292);
INSERT INTO node (node_id,skill_id,parent_node_id) VALUES (297,248,292);
INSERT INTO node (node_id,skill_id,parent_node_id) VALUES (298,249,292);
INSERT INTO node (node_id,skill_id,parent_node_id) VALUES (299,250,292);
INSERT INTO node (node_id,skill_id,parent_node_id) VALUES (300,251,292);
INSERT INTO node (node_id,skill_id,parent_node_id) VALUES (301,291,258);
INSERT INTO node (node_id,skill_id,parent_node_id) VALUES (302,252,301);
INSERT INTO node (node_id,skill_id,parent_node_id) VALUES (303,253,301);
INSERT INTO node (node_id,skill_id,parent_node_id) VALUES (304,254,301);
INSERT INTO node (node_id,skill_id,parent_node_id) VALUES (305,255,301);
INSERT INTO node (node_id,skill_id,parent_node_id) VALUES (306,256,301);
INSERT INTO node (node_id,skill_id,parent_node_id) VALUES (307,257,301);
INSERT INTO node (node_id,skill_id,parent_node_id) VALUES (308,258,301);
INSERT INTO node (node_id,skill_id,parent_node_id) VALUES (309,259,301);
INSERT INTO node (node_id,skill_id,parent_node_id) VALUES (310,260,301);
INSERT INTO node (node_id,skill_id,parent_node_id) VALUES (311,261,301);
INSERT INTO node (node_id,skill_id,parent_node_id) VALUES (312,262,301);
INSERT INTO node (node_id,skill_id,parent_node_id) VALUES (313,263,301);
INSERT INTO node (node_id,skill_id,parent_node_id) VALUES (314,264,301);
INSERT INTO node (node_id,skill_id,parent_node_id) VALUES (315,265,301);

INSERT INTO practicum (practicum_id, date_from, date_to, user_id, skill_id, level) VALUES (1, '2001.03.12', '2001.03.13', 2, 66, 2);
INSERT INTO practicum (practicum_id, date_from, date_to, user_id, skill_id, level) VALUES (2, '2002.05.12', '2005.01.11', 2, 66, 3);
INSERT INTO practicum (practicum_id, date_from, date_to, user_id, skill_id, level) VALUES (3, '1999.12.11', '2001.11.05', 2, 78, 2);
INSERT INTO practicum (practicum_id, date_from, date_to, user_id, skill_id, level) VALUES (4, '2003.09.06', '2005.05.15', 2, 78, 5);
INSERT INTO practicum (practicum_id, date_from, date_to, user_id, skill_id, level) VALUES (5, '2002.03.22', '2009.04.19', 2, 100, 2);
INSERT INTO practicum (practicum_id, date_from, date_to, user_id, skill_id, level) VALUES (6, '2000.02.13', '2001.06.29', 5, 111, 2);
INSERT INTO practicum (practicum_id, date_from, date_to, user_id, skill_id, level) VALUES (7, '2001.08.27', '2008.10.30', 5, 111, 2);
INSERT INTO practicum (practicum_id, date_from, date_to, user_id, skill_id, level) VALUES (8, '2002.09.06', null, 2, 126, 5);
INSERT INTO practicum (practicum_id, date_from, date_to, user_id, skill_id, level) VALUES (9, '2001.08.27', '2008.10.30', 2, 111, 2);

SELECT setval('seq_code_table',9);
SELECT setval('seq_users',6);
SELECT setval('seq_groups',5);
SELECT setval('seq_group_member',9);
SELECT setval('seq_authority',4);
SELECT setval('seq_group_authority',10);
SELECT setval('seq_skill',308);
SELECT setval('seq_node',315);
SELECT setval('seq_practicum',9);

DROP TABLE practicum_view;
CREATE VIEW practicum_view AS SELECT p.practicum_id AS id, u.username, s.name AS skill, c.code AS level, c.index AS level_index, u.name AS first_name, u.surname AS last_name, u.surname || ' ' || u.name AS full_name, u.position AS position, u.location AS location FROM practicum p, users u, skill s, code_table c WHERE p.user_id = u.user_id AND p.skill_id = s.skill_id AND p.level = c.code_table_id;
